interest_rate,loan_amount,total_credit_utilized,total_credit_limit,issue_month,homeownership
14.07,28000,38767,70795,Mar-2018,Mortgage
12.61,5000,4321,28800,Feb-2018,Rent
17.09,2000,16000,24193,Feb-2018,Rent
6.72,21600,4997,25400,Jan-2018,Rent
14.07,23000,52722,69839,Mar-2018,Rent
6.72,5000,3898,42100,Jan-2018,Own
13.59,24000,18916,291852,Jan-2018,Mortgage
11.99,20000,60805,342336,Jan-2018,Mortgage
13.59,20000,69561,283190,Feb-2018,Mortgage
6.71,6400,17768,33114,Mar-2018,Rent
15.04,25000,22895,39433,Mar-2018,Mortgage
9.92,40000,55939,450371,Mar-2018,Mortgage
13.59,16000,43686,263800,Feb-2018,Mortgage
9.43,17000,14387,259915,Feb-2018,Mortgage
19.03,3000,26483,74042,Jan-2018,Mortgage
19.03,20000,75552,136815,Feb-2018,Mortgage
19.03,12000,93016,375092,Jan-2018,Mortgage
28.72,30000,54947,58911,Jan-2018,Rent
26.77,5000,73705,322046,Feb-2018,Mortgage
15.05,20000,39482,555154,Jan-2018,Mortgage
6.08,7000,18128,70313,Jan-2018,Mortgage
11.98,10000,47575,272403,Mar-2018,Mortgage
13.59,21050,151251,566384,Feb-2018,Mortgage
6.71,3500,6103,188450,Mar-2018,Mortgage
7.96,8000,69177,65425,Mar-2018,Rent
12.61,18000,17296,197985,Feb-2018,Mortgage
11.98,10000,26637,41891,Mar-2018,Rent
7.34,3200,22920,43876,Feb-2018,Rent
5.32,10000,14338,56000,Jan-2018,Rent
6.07,6000,2489,147217,Mar-2018,Mortgage
12.62,12000,105548,405236,Feb-2018,Mortgage
9.44,40000,497876,772243,Feb-2018,Mortgage
19.03,19000,51523,246210,Feb-2018,Mortgage
20.39,28000,113927,250359,Mar-2018,Mortgage
9.93,15000,69647,631258,Jan-2018,Mortgage
6.08,2400,92,30400,Jan-2018,Own
21.45,10000,13304,14500,Jan-2018,Rent
15.04,24000,29954,363649,Mar-2018,Mortgage
10.42,9500,34186,55075,Jan-2018,Rent
12.61,30000,10466,42499,Feb-2018,Rent
18.06,10000,12435,23234,Jan-2018,Mortgage
11.99,15000,51012,77285,Feb-2018,Rent
15.05,35000,44015,74852,Jan-2018,Rent
15.05,10000,31094,43239,Feb-2018,Rent
12.62,40000,49857,403408,Feb-2018,Mortgage
6.72,15000,26515,185068,Jan-2018,Own
6.71,20000,18870,175300,Mar-2018,Mortgage
15.05,4500,13527,29311,Feb-2018,Rent
9.93,16000,5542,18000,Jan-2018,Rent
10.42,10000,199983,404236,Jan-2018,Mortgage
22.91,20000,69124,394519,Feb-2018,Mortgage
30.79,20600,53109,86768,Jan-2018,Rent
15.05,35000,34313,74518,Feb-2018,Rent
6.07,10000,63799,224758,Mar-2018,Mortgage
6.07,12000,52244,279995,Mar-2018,Mortgage
17.47,1925,4277,130600,Mar-2018,Own
7.34,15000,30262,365595,Mar-2018,Mortgage
13.59,20000,51162,146435,Feb-2018,Mortgage
6.72,6000,24135,368543,Jan-2018,Mortgage
5.31,10000,45181,80444,Feb-2018,Rent
9.93,25000,21687,97664,Jan-2018,Mortgage
9.92,10000,14770,37300,Mar-2018,Own
9.93,6000,53168,63600,Feb-2018,Rent
14.07,20000,88594,451597,Mar-2018,Mortgage
7.97,15000,43253,96633,Feb-2018,Mortgage
5.31,20000,33890,291176,Mar-2018,Mortgage
9.93,10500,23425,69244,Feb-2018,Mortgage
14.08,11400,36724,47882,Jan-2018,Mortgage
12.61,5500,63783,384554,Mar-2018,Mortgage
12.62,5000,807,1900,Jan-2018,Rent
17.47,9600,24714,30649,Mar-2018,Own
12.62,15000,14955,43430,Jan-2018,Rent
6.71,10000,19719,49500,Mar-2018,Rent
19.42,10450,42068,54966,Mar-2018,Rent
12.62,7200,59514,188426,Feb-2018,Mortgage
14.08,35000,24861,190216,Jan-2018,Mortgage
10.91,4200,4212,13450,Jan-2018,Rent
17.47,2400,68594,69357,Feb-2018,Rent
18.06,12800,36441,42639,Jan-2018,Mortgage
16.02,8000,13559,215675,Jan-2018,Mortgage
19.03,30000,31663,174300,Feb-2018,Mortgage
12.62,7000,65964,158659,Jan-2018,Mortgage
6.07,25000,70510,103527,Feb-2018,Mortgage
9.43,40000,860,45100,Mar-2018,Mortgage
10.42,24000,87687,524622,Jan-2018,Mortgage
7.96,5000,14461,73740,Mar-2018,Own
13.59,40000,121076,476029,Jan-2018,Mortgage
15.04,15000,159851,241110,Mar-2018,Mortgage
12.61,5000,18294,37596,Mar-2018,Own
7.96,7000,40982,48354,Mar-2018,Rent
13.58,17450,47451,86360,Mar-2018,Rent
16.01,30000,23551,386381,Mar-2018,Mortgage
22.91,15000,177350,454500,Feb-2018,Own
7.97,20000,16061,128476,Jan-2018,Rent
18.06,15000,10994,26500,Jan-2018,Rent
6.08,12000,84019,619105,Jan-2018,Mortgage
5.32,16500,7020,49529,Feb-2018,Rent
5.32,19200,47779,277964,Feb-2018,Mortgage
9.93,7050,22788,285387,Jan-2018,Mortgage
20,15000,29553,44927,Feb-2018,Mortgage
15.05,11200,60327,65475,Feb-2018,Own
7.96,8000,30552,242220,Mar-2018,Rent
26.77,20000,39168,343573,Mar-2018,Mortgage
9.44,10800,78028,795794,Jan-2018,Mortgage
13.59,7200,42210,141543,Feb-2018,Mortgage
15.04,12000,13329,28300,Mar-2018,Rent
5.31,20000,79897,213035,Mar-2018,Mortgage
14.08,7200,40706,56476,Feb-2018,Mortgage
13.59,6000,20307,36564,Jan-2018,Rent
7.97,5000,11443,24823,Feb-2018,Rent
9.93,16000,43411,101890,Jan-2018,Rent
6.08,15600,27408,245213,Jan-2018,Mortgage
21.85,10000,38487,58700,Feb-2018,Rent
10.42,10000,47029,66559,Feb-2018,Rent
17.47,30000,66933,86480,Mar-2018,Mortgage
10.9,30000,5459,27800,Mar-2018,Rent
6.08,16000,57403,206967,Jan-2018,Mortgage
12.61,20000,29882,55732,Mar-2018,Rent
23.87,6275,9913,130301,Feb-2018,Mortgage
18.06,15000,76834,350266,Feb-2018,Own
13.59,16000,165182,179741,Jan-2018,Mortgage
16.02,10000,20366,33048,Feb-2018,Mortgage
9.93,25000,96202,294645,Feb-2018,Mortgage
9.92,12000,2523,15800,Mar-2018,Rent
7.35,6000,27474,41886,Jan-2018,Rent
10.91,12000,53298,441037,Feb-2018,Own
13.59,10000,164954,293947,Feb-2018,Mortgage
14.07,20000,5929,15100,Mar-2018,Mortgage
7.34,8500,19887,50939,Mar-2018,Rent
15.05,36000,110739,764559,Feb-2018,Own
6.72,40000,61746,206996,Feb-2018,Rent
16.01,9000,69424,428429,Mar-2018,Mortgage
7.34,7200,11048,50600,Mar-2018,Rent
23.88,6100,44111,46680,Feb-2018,Rent
15.05,2250,62706,96126,Jan-2018,Own
6.72,10000,4154,19900,Feb-2018,Own
21.45,25000,20877,56393,Feb-2018,Own
25.82,16000,17445,38688,Feb-2018,Mortgage
14.08,32000,34611,56000,Jan-2018,Rent
15.05,12000,38608,52441,Feb-2018,Rent
9.44,10000,27762,85062,Jan-2018,Rent
17.09,2200,30433,40580,Feb-2018,Mortgage
16.01,4800,21669,33085,Mar-2018,Rent
10.9,35000,28400,88855,Mar-2018,Mortgage
12.62,35000,49906,96081,Jan-2018,Rent
21.45,10000,15755,18785,Feb-2018,Own
10.41,2400,13900,246436,Mar-2018,Mortgage
5.32,19600,52475,114770,Jan-2018,Rent
21.85,26000,46068,288973,Mar-2018,Mortgage
18.06,12000,27819,53203,Jan-2018,Mortgage
5.32,13000,93341,381481,Feb-2018,Rent
17.09,11750,68759,97124,Feb-2018,Rent
9.93,30000,57617,415771,Mar-2018,Mortgage
6.08,7000,39654,63963,Feb-2018,Rent
17.09,20000,34997,43354,Feb-2018,Rent
16.01,35000,11195,25854,Mar-2018,Rent
13.59,10000,10709,22300,Feb-2018,Mortgage
9.92,20000,29320,55089,Mar-2018,Own
15.04,40000,88149,527790,Mar-2018,Mortgage
6.71,12000,20241,322553,Mar-2018,Mortgage
17.47,16000,13570,13800,Mar-2018,Rent
11.99,10000,44347,94036,Jan-2018,Mortgage
13.59,10000,15584,31300,Feb-2018,Rent
7.35,15000,105205,307277,Jan-2018,Mortgage
10.42,24000,42,253569,Jan-2018,Mortgage
7.97,40000,78003,604303,Feb-2018,Mortgage
9.92,25000,25122,168410,Mar-2018,Mortgage
12.61,32175,145985,249000,Mar-2018,Mortgage
9.93,25000,95665,296303,Jan-2018,Mortgage
14.07,24000,32432,216901,Mar-2018,Rent
14.08,15000,9799,13217,Feb-2018,Own
12.62,36000,98692,220075,Jan-2018,Mortgage
16.02,20000,37791,205036,Jan-2018,Rent
14.07,30000,72529,287820,Feb-2018,Mortgage
18.06,11000,57581,123232,Feb-2018,Mortgage
14.08,15000,34442,73249,Jan-2018,Rent
16.02,13500,90416,98559,Feb-2018,Rent
11.99,10000,16537,122838,Jan-2018,Mortgage
6.72,25000,53291,117100,Feb-2018,Own
19.03,25000,90942,125809,Jan-2018,Mortgage
6.71,28000,46601,77389,Mar-2018,Own
6.07,10000,39261,71270,Mar-2018,Rent
7.35,10000,47940,191066,Jan-2018,Mortgage
13.59,10000,37694,71174,Feb-2018,Rent
13.59,2500,2114,28874,Jan-2018,Rent
5.31,6500,37792,390874,Mar-2018,Own
7.97,10000,24021,39353,Jan-2018,Rent
7.35,14500,117216,459836,Jan-2018,Mortgage
11.99,40000,14056,27100,Jan-2018,Rent
16.02,16000,33160,72097,Feb-2018,Rent
9.93,14000,38733,55420,Jan-2018,Rent
19.42,10000,48638,95775,Feb-2018,Rent
7.96,2400,86272,185161,Mar-2018,Mortgage
13.59,17000,12329,406749,Jan-2018,Mortgage
12.61,24000,136103,168002,Mar-2018,Own
19.03,20000,38119,366648,Feb-2018,Mortgage
16.01,30000,10401,32200,Mar-2018,Rent
6.72,3600,1364,15600,Jan-2018,Own
6.07,20000,51302,260226,Mar-2018,Mortgage
15.05,8000,82200,360202,Jan-2018,Mortgage
6.07,16000,34805,57628,Mar-2018,Rent
13.58,24000,101835,349067,Mar-2018,Mortgage
10.42,2000,3775,11000,Feb-2018,Rent
11.98,2000,71415,79622,Mar-2018,Rent
9.43,6500,2461,41300,Mar-2018,Rent
16.02,8000,75898,109647,Feb-2018,Rent
18.06,7000,8243,19345,Feb-2018,Rent
12.61,25000,11361,88500,Mar-2018,Rent
14.07,15000,48921,374897,Mar-2018,Mortgage
10.42,35000,51510,130869,Jan-2018,Rent
10.42,26000,65694,96538,Jan-2018,Rent
17.47,12000,16491,105050,Mar-2018,Mortgage
10.91,10000,27636,36280,Jan-2018,Rent
5.32,15000,30997,321900,Jan-2018,Mortgage
9.44,14000,81876,531782,Jan-2018,Mortgage
9.44,15000,37064,239781,Mar-2018,Mortgage
14.08,10000,8770,27540,Feb-2018,Rent
7.35,5000,6979,33000,Jan-2018,Rent
12.62,28125,29504,90000,Jan-2018,Rent
15.04,10000,70239,101559,Mar-2018,Rent
9.92,10000,0,64000,Mar-2018,Mortgage
10.9,40000,77372,160259,Mar-2018,Mortgage
6.72,10000,45569,92378,Mar-2018,Rent
5.32,8000,37589,72470,Feb-2018,Own
11.99,35000,35702,38401,Jan-2018,Rent
5.32,20000,35893,513156,Feb-2018,Mortgage
10.41,9000,14488,43376,Mar-2018,Own
14.07,20000,11539,16000,Mar-2018,Rent
6.07,3000,22442,101727,Feb-2018,Rent
9.93,8000,21577,31167,Jan-2018,Rent
11.99,10000,1460,4100,Mar-2018,Own
6.71,5000,46789,269361,Mar-2018,Rent
5.31,15000,58807,506779,Feb-2018,Mortgage
13.59,10000,21017,51430,Feb-2018,Rent
10.9,40000,15946,30000,Feb-2018,Own
12.62,3000,3702,14200,Jan-2018,Rent
10.42,1500,77325,82620,Jan-2018,Rent
15.05,28000,214317,264105,Feb-2018,Mortgage
6.71,8000,18790,54900,Feb-2018,Rent
21.45,20000,90581,98338,Feb-2018,Rent
9.44,40000,147964,599264,Mar-2018,Mortgage
11.99,11000,40632,168890,Feb-2018,Mortgage
11.99,3300,42709,53495,Jan-2018,Rent
6.07,15000,97118,440947,Mar-2018,Mortgage
5.31,11500,23724,45665,Feb-2018,Own
6.07,16500,105380,566609,Mar-2018,Own
19.42,15000,83701,96240,Feb-2018,Rent
21.85,35000,83037,134300,Mar-2018,Rent
14.08,4400,37210,245282,Feb-2018,Mortgage
18.06,19000,39536,427091,Jan-2018,Mortgage
10.91,3125,30394,37273,Jan-2018,Own
9.44,20000,57185,194873,Jan-2018,Mortgage
12.62,20000,16349,127498,Feb-2018,Own
9.44,10000,19857,68800,Feb-2018,Own
6.08,35000,81103,541617,Feb-2018,Mortgage
11.98,14000,37650,95285,Mar-2018,Rent
9.92,16000,35479,43400,Mar-2018,Own
13.59,8000,121893,655736,Feb-2018,Mortgage
10.41,7000,50734,79813,Feb-2018,Rent
9.93,24000,47123,243108,Jan-2018,Mortgage
7.97,10000,27470,205174,Feb-2018,Mortgage
19.42,2500,50384,80123,Mar-2018,Rent
18.45,25000,163262,239313,Mar-2018,Mortgage
6.72,5000,59144,526275,Jan-2018,Mortgage
10.91,9000,3503,83600,Jan-2018,Mortgage
17.47,5000,1220,2900,Mar-2018,Rent
10.41,10000,24203,44560,Mar-2018,Rent
6.72,1200,26641,53765,Jan-2018,Mortgage
9.44,10000,35342,318564,Feb-2018,Mortgage
12.61,6000,6155,19023,Mar-2018,Rent
7.96,2500,2301,27400,Mar-2018,Rent
10.9,32000,6174,7400,Mar-2018,Own
21.85,28000,43011,300427,Feb-2018,Mortgage
7.96,10000,4561,41800,Mar-2018,Rent
9.43,35000,46828,209236,Mar-2018,Mortgage
15.04,25000,61520,376960,Mar-2018,Mortgage
14.07,15000,49013,324219,Mar-2018,Mortgage
10.9,16000,20570,182460,Mar-2018,Mortgage
6.08,20000,25038,207658,Feb-2018,Mortgage
9.93,10000,75734,79132,Jan-2018,Rent
12.61,10000,15558,21664,Mar-2018,Rent
10.42,15000,30328,190462,Feb-2018,Mortgage
30.17,11100,40043,300443,Jan-2018,Mortgage
19.42,24000,58091,66747,Feb-2018,Rent
9.43,1950,9854,43680,Mar-2018,Own
17.47,15000,6345,337841,Mar-2018,Mortgage
7.34,8000,19694,49968,Mar-2018,Rent
7.96,8500,24690,33465,Mar-2018,Rent
13.58,12000,20547,36414,Mar-2018,Mortgage
9.43,24000,12447,64964,Mar-2018,Own
21.85,12475,253507,673970,Mar-2018,Mortgage
21.85,11500,26502,43629,Mar-2018,Rent
22.91,1000,62410,56150,Jan-2018,Rent
12.61,15000,389,351650,Mar-2018,Mortgage
9.93,13250,21479,346008,Feb-2018,Mortgage
6.72,10000,11326,71363,Jan-2018,Mortgage
19.42,18000,26536,30633,Mar-2018,Rent
9.92,2400,43133,447224,Mar-2018,Mortgage
14.07,21700,42810,198876,Mar-2018,Mortgage
10.42,36525,67203,314622,Jan-2018,Rent
7.35,5000,20742,50967,Jan-2018,Mortgage
6.71,28000,162295,258453,Mar-2018,Mortgage
12.62,35000,55690,279032,Feb-2018,Mortgage
21.45,40000,238418,633688,Feb-2018,Mortgage
16.01,14000,14413,53200,Feb-2018,Mortgage
16.02,20000,12238,37828,Jan-2018,Mortgage
10.9,7000,28534,41049,Mar-2018,Rent
11.99,20000,21835,360366,Jan-2018,Mortgage
7.34,40000,35675,109785,Mar-2018,Rent
12.61,10000,65800,79515,Feb-2018,Rent
6.71,8000,10174,53912,Mar-2018,Rent
9.43,4000,3234,6800,Mar-2018,Rent
13.59,30000,144836,178693,Jan-2018,Rent
6.08,20000,23558,128694,Jan-2018,Rent
7.96,24000,117424,378528,Mar-2018,Mortgage
7.35,4000,24583,53561,Feb-2018,Rent
10.9,14000,12628,21200,Mar-2018,Rent
6.07,24000,58238,213900,Mar-2018,Mortgage
19.03,2800,841,7000,Jan-2018,Rent
14.08,32000,214173,231428,Feb-2018,Mortgage
10.42,12000,79437,106801,Feb-2018,Mortgage
9.44,9600,857,108537,Mar-2018,Mortgage
5.31,9600,14344,109693,Feb-2018,Mortgage
7.97,3500,19348,41200,Jan-2018,Rent
5.32,8000,43916,272788,Jan-2018,Mortgage
10.91,12000,112029,276606,Jan-2018,Mortgage
10.91,32400,135598,202173,Jan-2018,Mortgage
19.03,3600,60586,217328,Jan-2018,Mortgage
12.61,15000,71219,77870,Mar-2018,Rent
13.59,8300,66507,256640,Jan-2018,Mortgage
5.32,25600,84245,496187,Jan-2018,Mortgage
13.58,20000,56157,106401,Mar-2018,Rent
16.01,27900,39894,213115,Feb-2018,Mortgage
7.35,4000,45562,248359,Jan-2018,Mortgage
9.92,1000,30014,380182,Mar-2018,Mortgage
9.43,24000,32794,241400,Feb-2018,Mortgage
7.35,40000,75510,795502,Feb-2018,Mortgage
9.43,22000,12146,238075,Mar-2018,Mortgage
9.44,6400,21474,57344,Feb-2018,Rent
17.09,12000,71412,84494,Jan-2018,Rent
18.06,30000,67146,96247,Jan-2018,Mortgage
21.85,12000,30867,43606,Mar-2018,Own
6.72,20000,25733,57200,Feb-2018,Rent
9.43,24000,252708,519231,Feb-2018,Mortgage
10.42,38400,30887,286462,Jan-2018,Mortgage
15.04,10000,17401,27522,Mar-2018,Mortgage
18.06,30000,768,15600,Feb-2018,Rent
15.04,9000,50305,69796,Mar-2018,Rent
13.59,28000,92720,154069,Feb-2018,Rent
7.35,29000,86236,406818,Jan-2018,Mortgage
15.05,5000,2300,6300,Feb-2018,Rent
26.77,26000,31396,44062,Mar-2018,Rent
7.35,25000,42153,249410,Jan-2018,Mortgage
11.98,25000,53623,265711,Feb-2018,Own
13.59,14000,16106,34471,Jan-2018,Rent
11.98,6000,17657,30630,Mar-2018,Rent
7.35,12000,41002,91659,Jan-2018,Rent
9.92,20000,43001,204219,Mar-2018,Mortgage
14.08,10000,55495,82932,Jan-2018,Rent
9.93,10000,64230,331619,Feb-2018,Mortgage
17.47,5000,12811,26369,Mar-2018,Rent
9.43,10000,49514,290150,Mar-2018,Mortgage
7.97,10000,8248,177546,Jan-2018,Own
9.43,15000,45223,100933,Mar-2018,Own
14.08,17000,44039,70700,Feb-2018,Rent
7.97,19475,54546,394086,Jan-2018,Mortgage
14.07,10000,135100,126928,Mar-2018,Rent
9.93,8000,122964,333189,Jan-2018,Mortgage
10.42,10000,25988,43051,Jan-2018,Rent
25.82,16000,38961,44529,Feb-2018,Rent
25.82,14000,56537,82341,Feb-2018,Mortgage
7.35,11300,138654,322264,Feb-2018,Mortgage
15.05,15000,56328,107363,Jan-2018,Mortgage
7.96,10000,12864,48825,Mar-2018,Rent
13.58,25000,93177,197348,Mar-2018,Own
16.01,15000,4498,35721,Feb-2018,Mortgage
7.34,19200,61999,427674,Mar-2018,Mortgage
6.08,14000,21579,333400,Jan-2018,Mortgage
12.61,13000,66587,85141,Mar-2018,Rent
16.02,28000,18703,120239,Feb-2018,Mortgage
11.99,26000,68969,270750,Feb-2018,Mortgage
6.08,7000,32701,79216,Feb-2018,Rent
30.79,25000,32000,40505,Feb-2018,Rent
16.02,20000,20882,22100,Jan-2018,Own
12.61,20000,62056,75090,Mar-2018,Rent
12.61,12000,15152,234786,Mar-2018,Mortgage
14.08,8650,5428,11227,Jan-2018,Rent
17.09,7500,12090,43000,Jan-2018,Rent
7.96,21000,68480,364145,Mar-2018,Mortgage
10.42,12000,11676,18523,Jan-2018,Own
7.34,10000,52823,106477,Mar-2018,Own
9.92,25000,44503,256583,Mar-2018,Mortgage
6.72,8500,8071,26800,Jan-2018,Own
10.42,18000,59821,118301,Feb-2018,Rent
6.71,18000,111470,196996,Mar-2018,Rent
16.01,9500,55098,82765,Mar-2018,Rent
14.08,20000,34535,50324,Jan-2018,Mortgage
10.9,10000,43395,60174,Mar-2018,Rent
5.31,30000,32079,57300,Mar-2018,Mortgage
17.47,28000,59802,91211,Mar-2018,Rent
9.93,25000,44987,258069,Feb-2018,Mortgage
9.43,30000,50542,466959,Mar-2018,Mortgage
14.08,40000,42912,67100,Jan-2018,Rent
7.97,8000,35206,49833,Jan-2018,Rent
7.35,12000,5178,16680,Jan-2018,Rent
15.05,12000,41532,88743,Jan-2018,Rent
14.07,8000,10937,17200,Feb-2018,Rent
11.99,10000,19917,24718,Jan-2018,Mortgage
5.31,6650,32931,76253,Mar-2018,Rent
5.32,10000,12467,135003,Jan-2018,Mortgage
11.99,5200,36509,56303,Jan-2018,Rent
15.04,15525,22722,41334,Mar-2018,Rent
6.72,6000,19836,401380,Jan-2018,Mortgage
7.97,5000,5798,50500,Jan-2018,Rent
5.32,3500,45979,214923,Jan-2018,Mortgage
22.91,15000,25492,136400,Feb-2018,Mortgage
10.91,21625,55430,103833,Feb-2018,Rent
15.05,11200,82624,319800,Mar-2018,Mortgage
7.35,40000,99129,489700,Jan-2018,Mortgage
11.99,10000,4321,172525,Jan-2018,Mortgage
9.93,36000,42822,72903,Feb-2018,Rent
20,17000,52483,62726,Feb-2018,Rent
13.59,9000,14360,143898,Jan-2018,Mortgage
26.77,28000,23542,34200,Mar-2018,Rent
16.01,15000,72540,104541,Mar-2018,Rent
5.31,7000,7178,12800,Feb-2018,Rent
21.85,20000,20854,40236,Mar-2018,Mortgage
11.99,1000,15586,18150,Jan-2018,Rent
6.08,7000,85097,97004,Jan-2018,Mortgage
19.03,5000,30568,68456,Jan-2018,Rent
7.35,30000,107458,185493,Jan-2018,Mortgage
7.96,6000,84690,435701,Mar-2018,Mortgage
20.39,20000,47334,60200,Feb-2018,Own
15.05,20000,35789,52399,Feb-2018,Own
7.96,12000,43258,251365,Mar-2018,Mortgage
5.32,5000,21457,68589,Jan-2018,Rent
14.08,15000,135407,124982,Jan-2018,Rent
18.45,15000,90747,108242,Mar-2018,Rent
6.72,5000,29717,57045,Feb-2018,Own
17.09,13000,69831,96084,Jan-2018,Rent
10.9,17975,48821,293475,Mar-2018,Own
13.58,28275,31220,102067,Mar-2018,Rent
14.08,11000,57499,387758,Feb-2018,Mortgage
6.72,25000,48009,271396,Feb-2018,Mortgage
9.43,3300,4503,15400,Mar-2018,Own
11.99,30000,264416,312344,Feb-2018,Rent
11.98,7200,78201,76838,Feb-2018,Rent
10.42,30000,30329,179700,Jan-2018,Mortgage
11.98,25000,70799,76200,Mar-2018,Rent
7.96,20000,30449,48470,Mar-2018,Rent
9.93,4000,24577,324652,Jan-2018,Mortgage
9.43,40000,60480,69009,Feb-2018,Rent
10.41,40000,169469,187355,Feb-2018,Rent
7.34,13000,33499,57162,Mar-2018,Rent
14.07,15000,118564,124442,Mar-2018,Rent
10.42,27000,23645,42000,Feb-2018,Rent
7.97,13000,32606,275007,Feb-2018,Mortgage
21.45,15000,42661,548209,Jan-2018,Mortgage
21.45,3000,12088,16846,Feb-2018,Rent
26.77,21600,100251,461620,Mar-2018,Mortgage
20.39,35000,80848,195845,Mar-2018,Mortgage
10.42,2500,49545,82729,Feb-2018,Rent
17.47,4000,24644,42348,Mar-2018,Rent
7.34,10000,30121,154632,Feb-2018,Mortgage
7.35,6400,15004,224669,Mar-2018,Rent
17.09,6900,6420,6500,Jan-2018,Rent
13.59,6000,106927,254502,Jan-2018,Mortgage
6.07,3000,5507,205305,Mar-2018,Mortgage
9.93,10000,227477,291230,Feb-2018,Own
9.44,12000,23181,181197,Jan-2018,Mortgage
11.99,16000,44067,404473,Feb-2018,Mortgage
25.82,30000,86207,135468,Jan-2018,Rent
19.03,10800,31394,53595,Jan-2018,Rent
10.41,12000,65723,474518,Feb-2018,Rent
12.61,6000,6460,6500,Mar-2018,Rent
6.71,6500,3479,21400,Mar-2018,Mortgage
10.42,6000,5546,19900,Jan-2018,Rent
18.06,7500,64451,176455,Feb-2018,Rent
6.08,10000,15478,46100,Feb-2018,Rent
7.97,27500,40907,57475,Jan-2018,Rent
24.85,25875,59772,112353,Jan-2018,Mortgage
15.04,6000,28080,31082,Mar-2018,Rent
21.45,40000,23845,260924,Jan-2018,Mortgage
17.09,2500,50831,73554,Jan-2018,Rent
20,7000,1566,6250,Feb-2018,Rent
9.44,8000,14393,50774,Feb-2018,Rent
15.04,12000,7312,26675,Mar-2018,Own
20.39,15000,46483,421811,Mar-2018,Mortgage
7.97,4000,5534,18800,Jan-2018,Rent
11.98,6500,18837,30795,Mar-2018,Rent
6.07,40000,14635,72300,Mar-2018,Own
21.45,32000,87186,110858,Jan-2018,Mortgage
9.44,10000,29655,47422,Mar-2018,Rent
9.43,15000,5276,17700,Mar-2018,Rent
21.85,12000,7527,122900,Feb-2018,Mortgage
11.99,24000,57734,285908,Feb-2018,Mortgage
10.42,15000,37396,68550,Feb-2018,Rent
13.59,15000,124323,179500,Feb-2018,Rent
7.35,10000,32843,195174,Jan-2018,Mortgage
6.71,8000,7957,216259,Mar-2018,Rent
9.44,6300,16079,41537,Feb-2018,Mortgage
6.72,4500,14566,98174,Jan-2018,Mortgage
7.97,30000,68818,233448,Feb-2018,Mortgage
15.05,12000,66371,154090,Feb-2018,Rent
6.72,16000,62775,486240,Feb-2018,Mortgage
5.32,24000,20114,460292,Jan-2018,Own
17.47,15000,15621,28400,Feb-2018,Own
15.05,15000,17007,21400,Jan-2018,Mortgage
10.91,14000,19011,28900,Jan-2018,Own
21.45,35000,18236,36832,Feb-2018,Rent
5.32,12000,29845,423289,Jan-2018,Mortgage
12.62,35000,65573,100722,Feb-2018,Mortgage
12.61,10000,17737,34880,Mar-2018,Mortgage
10.91,5000,2068,8500,Jan-2018,Rent
5.32,36500,32334,287095,Jan-2018,Mortgage
7.96,4800,2964,109277,Mar-2018,Mortgage
11.99,25000,81424,474197,Feb-2018,Mortgage
6.08,20000,61387,263269,Feb-2018,Mortgage
13.58,2400,32041,159486,Mar-2018,Mortgage
7.35,6000,31856,59240,Feb-2018,Rent
7.97,20000,28523,213440,Jan-2018,Mortgage
10.42,24000,26926,264450,Jan-2018,Mortgage
6.71,15000,18919,39000,Mar-2018,Rent
5.31,20000,13157,305523,Mar-2018,Mortgage
12.61,11000,8668,16100,Feb-2018,Rent
25.82,7500,49092,279831,Jan-2018,Mortgage
18.06,14800,96351,499591,Jan-2018,Mortgage
9.44,20000,29902,59764,Jan-2018,Rent
19.03,10000,76824,113941,Jan-2018,Rent
5.32,22000,40287,264909,Jan-2018,Mortgage
11.99,10000,117,5300,Feb-2018,Mortgage
7.96,13000,12875,41342,Mar-2018,Rent
18.45,32000,37384,397665,Mar-2018,Mortgage
28.72,32000,54196,176888,Mar-2018,Mortgage
9.92,20000,69264,185630,Mar-2018,Mortgage
7.96,2050,59622,73938,Mar-2018,Rent
13.58,12000,11061,39900,Feb-2018,Own
7.34,12000,68425,80747,Mar-2018,Rent
9.43,12000,16303,93778,Mar-2018,Own
15.05,5400,8964,14032,Feb-2018,Mortgage
11.98,6000,10782,12500,Feb-2018,Rent
13.59,7400,70371,112617,Jan-2018,Rent
14.08,8000,11931,28781,Feb-2018,Rent
14.07,12000,45673,74254,Mar-2018,Rent
16.01,10000,25340,31750,Mar-2018,Own
9.43,40000,80391,123279,Mar-2018,Mortgage
9.93,9500,7688,16900,Jan-2018,Rent
12.61,15000,57467,89086,Feb-2018,Own
14.08,14000,32550,68845,Feb-2018,Rent
16.02,10000,24243,113286,Jan-2018,Mortgage
19.03,35000,42419,63500,Jan-2018,Mortgage
9.93,11500,104716,174179,Feb-2018,Rent
7.96,21975,73634,407353,Mar-2018,Mortgage
10.91,12000,51415,88012,Jan-2018,Mortgage
18.06,23000,64074,101185,Jan-2018,Rent
5.31,10000,45646,83406,Feb-2018,Rent
11.98,40000,31217,321681,Mar-2018,Mortgage
21.85,20000,60877,108144,Mar-2018,Rent
7.35,10000,26636,260519,Jan-2018,Mortgage
9.93,40000,30541,382018,Jan-2018,Mortgage
6.08,15000,39906,380438,Feb-2018,Own
16.01,8000,33017,70211,Mar-2018,Own
10.9,6025,11564,16750,Mar-2018,Rent
7.35,30000,17063,85911,Jan-2018,Rent
9.93,20000,161087,1598627,Jan-2018,Rent
6.72,35000,37181,637272,Jan-2018,Mortgage
9.92,12000,73526,394839,Mar-2018,Mortgage
21.45,15000,14894,33899,Feb-2018,Rent
21.85,13000,16679,29127,Mar-2018,Rent
20,20000,76949,256890,Jan-2018,Mortgage
10.9,1600,61003,89418,Mar-2018,Own
13.58,6000,28548,51792,Feb-2018,Own
21.85,30000,27738,49429,Mar-2018,Own
10.9,15000,116429,130606,Mar-2018,Own
10.42,3000,32424,49041,Jan-2018,Rent
22.91,39600,55116,328470,Feb-2018,Mortgage
12.62,5000,4720,9200,Jan-2018,Own
14.07,18875,61472,378813,Feb-2018,Mortgage
15.05,40000,207677,281562,Jan-2018,Mortgage
9.93,15000,35575,195279,Jan-2018,Mortgage
16.01,6000,31689,54414,Mar-2018,Rent
12.62,12500,82328,686821,Jan-2018,Mortgage
7.35,9500,13269,149929,Feb-2018,Mortgage
15.04,13000,72225,232652,Mar-2018,Mortgage
9.44,20000,22378,42784,Feb-2018,Rent
16.01,35000,10938,18200,Feb-2018,Mortgage
10.9,7000,5781,10300,Mar-2018,Rent
6.72,16700,65077,299283,Feb-2018,Rent
9.93,15000,54831,775274,Jan-2018,Rent
11.99,40000,82538,390580,Jan-2018,Mortgage
9.93,24000,69595,131847,Feb-2018,Mortgage
10.41,4000,61726,83276,Mar-2018,Rent
13.59,35000,263885,491173,Jan-2018,Mortgage
15.05,9525,9535,87348,Feb-2018,Mortgage
14.08,13500,30630,49180,Jan-2018,Rent
19.03,20000,15957,20700,Feb-2018,Rent
6.08,10000,16113,58024,Feb-2018,Rent
11.99,3500,18667,83819,Feb-2018,Own
5.31,9000,30916,360361,Feb-2018,Mortgage
12.62,15000,141504,433346,Feb-2018,Mortgage
13.59,5000,16240,39490,Jan-2018,Rent
13.59,5000,11985,39195,Jan-2018,Rent
11.98,2200,94068,99830,Mar-2018,Own
14.08,10000,121863,412549,Jan-2018,Mortgage
15.05,2000,50211,66000,Jan-2018,Rent
12.62,6025,11230,23699,Jan-2018,Rent
10.9,28000,5750,129317,Mar-2018,Mortgage
10.9,10000,266631,1049446,Feb-2018,Mortgage
6.72,38400,38172,84700,Jan-2018,Rent
9.92,40000,33756,51900,Mar-2018,Own
16.02,18000,38826,46500,Jan-2018,Rent
9.43,10000,5173,12600,Mar-2018,Rent
11.99,27000,136733,333833,Feb-2018,Own
13.59,15000,31165,56833,Feb-2018,Rent
6.72,24000,48912,162560,Jan-2018,Rent
13.58,10000,43466,82298,Feb-2018,Rent
9.92,6250,16835,37700,Mar-2018,Own
10.41,25000,112977,275181,Mar-2018,Mortgage
10.91,4000,4446,7500,Feb-2018,Rent
12.61,36000,61119,86022,Mar-2018,Rent
10.91,12000,22511,63476,Jan-2018,Mortgage
6.07,20000,35129,51073,Mar-2018,Rent
10.42,20000,17920,57074,Feb-2018,Rent
9.43,16000,58515,382461,Mar-2018,Mortgage
6.08,21000,23583,314444,Mar-2018,Mortgage
10.91,20000,59178,283647,Feb-2018,Mortgage
6.07,7200,102778,372100,Mar-2018,Own
9.44,22000,63476,467262,Feb-2018,Rent
16.02,10000,7659,10700,Feb-2018,Rent
10.42,8500,12843,199035,Jan-2018,Mortgage
9.44,15000,73626,400642,Jan-2018,Mortgage
7.34,5000,24367,32900,Feb-2018,Rent
19.42,30000,81712,542619,Mar-2018,Mortgage
15.05,21000,33189,50849,Jan-2018,Rent
16.02,20000,11635,51795,Feb-2018,Mortgage
16.02,21600,27378,41463,Mar-2018,Rent
14.07,28000,42442,69538,Mar-2018,Rent
10.41,35000,41941,484700,Mar-2018,Mortgage
14.08,5000,56614,75917,Jan-2018,Mortgage
11.99,6000,125947,102654,Feb-2018,Mortgage
10.42,25000,57302,86376,Jan-2018,Rent
13.59,15000,81205,107098,Mar-2018,Mortgage
6.08,8000,56744,341579,Jan-2018,Mortgage
6.71,35200,122698,201416,Mar-2018,Mortgage
10.42,6000,43871,64017,Jan-2018,Mortgage
7.34,6000,5833,27800,Mar-2018,Own
17.47,10000,10089,24425,Mar-2018,Rent
9.93,35000,69767,610407,Jan-2018,Own
17.09,35000,13806,31642,Jan-2018,Mortgage
12.62,24000,90204,475575,Jan-2018,Mortgage
21.45,15000,1030,5100,Jan-2018,Rent
7.97,2000,9732,43808,Jan-2018,Rent
9.93,40000,39663,94605,Mar-2018,Mortgage
7.96,7500,7862,15500,Feb-2018,Rent
6.72,10000,41864,89841,Feb-2018,Own
16.01,24000,81639,337181,Mar-2018,Own
7.96,10000,19368,39550,Mar-2018,Rent
10.42,9500,59248,208260,Feb-2018,Mortgage
6.08,11500,14735,156579,Jan-2018,Mortgage
6.72,18000,104955,150424,Jan-2018,Own
5.31,10000,13015,112718,Feb-2018,Mortgage
10.42,6000,31307,266755,Jan-2018,Mortgage
25.81,30000,42845,103252,Mar-2018,Mortgage
7.35,15000,39632,98200,Feb-2018,Rent
10.9,14000,15565,107363,Mar-2018,Mortgage
5.32,9500,62911,308970,Feb-2018,Own
16.02,10000,50495,234073,Jan-2018,Mortgage
9.92,6000,58185,89188,Mar-2018,Rent
6.71,30000,8957,79104,Feb-2018,Rent
14.08,10000,37140,64699,Jan-2018,Rent
9.44,12000,81948,109675,Jan-2018,Rent
16.02,16000,93966,767814,Feb-2018,Mortgage
10.42,24000,11246,22813,Jan-2018,Mortgage
7.97,4000,40535,75570,Feb-2018,Rent
16.02,8500,93151,123603,Feb-2018,Mortgage
9.43,3100,62868,239132,Feb-2018,Mortgage
11.98,20000,35459,556875,Feb-2018,Mortgage
10.9,25000,248381,719119,Mar-2018,Own
6.71,21000,20436,46000,Mar-2018,Rent
6.71,8000,46478,91706,Mar-2018,Rent
19.03,30000,162435,319271,Jan-2018,Mortgage
23.88,20400,31967,45042,Jan-2018,Mortgage
10.9,2500,21920,191864,Mar-2018,Mortgage
19.03,15000,61940,60800,Feb-2018,Rent
6.72,10000,75053,86302,Feb-2018,Rent
9.44,16000,37851,54374,Feb-2018,Rent
5.31,9000,31470,136925,Feb-2018,Rent
14.07,24000,73094,312337,Feb-2018,Mortgage
13.58,7000,13169,31960,Mar-2018,Mortgage
14.08,10000,29752,56062,Jan-2018,Mortgage
9.43,5000,7912,31900,Mar-2018,Rent
10.91,17000,45056,259535,Feb-2018,Own
16.02,4000,69759,107512,Jan-2018,Rent
18.06,18000,1210,10800,Feb-2018,Rent
5.31,9000,68952,298780,Feb-2018,Mortgage
11.99,18300,27361,45000,Feb-2018,Rent
28.72,16000,43720,267894,Jan-2018,Mortgage
16.01,15600,33577,460600,Mar-2018,Mortgage
10.91,6000,176764,400038,Jan-2018,Rent
12.62,24000,2670,6300,Feb-2018,Rent
22.91,10000,3579,7500,Jan-2018,Rent
17.09,7500,50370,65989,Jan-2018,Own
10.42,16000,149728,262391,Jan-2018,Mortgage
7.97,12150,22898,170179,Jan-2018,Mortgage
14.08,10000,21003,265710,Feb-2018,Mortgage
7.34,10000,34794,52623,Mar-2018,Rent
7.34,29500,34334,231043,Feb-2018,Mortgage
11.99,10000,6851,17800,Feb-2018,Own
11.99,12800,16777,46000,Jan-2018,Rent
10.91,6000,21869,80251,Jan-2018,Mortgage
9.44,25000,114121,386632,Jan-2018,Mortgage
6.72,6000,4925,19747,Feb-2018,Rent
18.45,32000,24387,64458,Mar-2018,Rent
10.42,16800,165555,449287,Jan-2018,Mortgage
17.09,16000,32020,57600,Feb-2018,Rent
16.01,10000,61662,93332,Feb-2018,Rent
15.04,10000,22570,36381,Mar-2018,Own
30.17,10000,139072,593350,Mar-2018,Mortgage
7.97,8000,9531,32890,Feb-2018,Rent
9.44,12000,20176,31029,Jan-2018,Own
12.61,10000,57126,339808,Mar-2018,Own
16.02,23000,52106,69004,Feb-2018,Rent
14.08,40000,82773,304514,Jan-2018,Mortgage
10.91,22900,8868,363600,Jan-2018,Mortgage
17.47,13500,7825,21652,Mar-2018,Mortgage
17.09,30000,152262,301885,Jan-2018,Mortgage
17.47,20000,52723,284151,Mar-2018,Mortgage
10.42,24000,96393,494221,Feb-2018,Own
10.91,6000,4346,120919,Feb-2018,Mortgage
6.07,10000,58546,209191,Mar-2018,Mortgage
16.02,11000,51753,81067,Jan-2018,Rent
22.91,16000,28645,207265,Feb-2018,Mortgage
11.99,5775,12421,27537,Jan-2018,Rent
12.61,10000,20639,44100,Mar-2018,Rent
19.03,16000,16535,25859,Jan-2018,Rent
15.04,35000,60179,76719,Mar-2018,Rent
6.07,40000,87362,113921,Mar-2018,Rent
14.08,12000,62893,73020,Jan-2018,Mortgage
10.9,14000,70422,122967,Mar-2018,Mortgage
6.07,8000,5660,172667,Mar-2018,Mortgage
10.91,14000,35548,75086,Jan-2018,Rent
6.72,18000,27723,107785,Feb-2018,Own
9.44,20000,22713,247430,Feb-2018,Mortgage
25.81,35000,73989,90551,Mar-2018,Rent
12.61,6025,47644,60039,Mar-2018,Own
12.61,10000,28472,57775,Feb-2018,Rent
7.35,6000,14773,46283,Feb-2018,Own
20,25000,127493,448510,Jan-2018,Mortgage
24.84,24000,23908,195635,Mar-2018,Mortgage
6.08,5400,58683,141141,Jan-2018,Rent
11.99,5000,469,500,Feb-2018,Rent
9.44,22250,308953,592574,Jan-2018,Mortgage
5.32,10000,12218,26000,Feb-2018,Mortgage
9.92,27000,120136,299098,Mar-2018,Mortgage
21.45,4000,55346,68664,Feb-2018,Rent
12.61,16000,5720,337987,Mar-2018,Mortgage
14.08,4000,3887,70495,Feb-2018,Mortgage
10.9,9600,46776,390122,Mar-2018,Mortgage
15.05,7000,7587,7800,Jan-2018,Rent
11.98,8000,20021,39732,Feb-2018,Rent
10.91,15775,53920,54771,Jan-2018,Rent
14.07,2000,39047,220804,Mar-2018,Mortgage
17.09,14000,66688,90115,Jan-2018,Own
30.75,16175,100931,114482,Mar-2018,Rent
29.69,16000,116815,120794,Mar-2018,Rent
11.98,7500,57916,270239,Mar-2018,Mortgage
5.32,10000,19649,203512,Feb-2018,Mortgage
13.59,24000,49392,136545,Jan-2018,Mortgage
15.05,16000,72737,260408,Jan-2018,Mortgage
14.08,28000,56842,101319,Jan-2018,Mortgage
19.03,16000,51091,260297,Feb-2018,Mortgage
13.59,26650,64093,244383,Jan-2018,Mortgage
12.61,7625,47920,287053,Mar-2018,Mortgage
18.06,10000,13100,25355,Jan-2018,Rent
14.08,9800,17602,23723,Feb-2018,Mortgage
18.06,16000,58875,319110,Mar-2018,Mortgage
6.07,40000,74448,147461,Mar-2018,Rent
11.99,4800,93950,196451,Jan-2018,Mortgage
5.31,40000,157338,180643,Mar-2018,Rent
10.42,15000,22205,49800,Jan-2018,Rent
6.08,3600,3774,26500,Jan-2018,Rent
18.06,10000,47811,70571,Jan-2018,Mortgage
15.05,4000,59056,355336,Jan-2018,Mortgage
6.72,8000,14854,319600,Feb-2018,Mortgage
12.62,8000,30966,219027,Jan-2018,Own
6.07,20000,81032,238701,Mar-2018,Rent
5.32,6000,34054,181450,Feb-2018,Mortgage
7.34,3000,2978,48850,Mar-2018,Mortgage
9.93,12000,195735,551667,Feb-2018,Mortgage
15.04,30000,44549,461104,Mar-2018,Mortgage
6.07,35000,16343,229928,Mar-2018,Mortgage
10.41,15000,52682,340617,Mar-2018,Mortgage
5.32,40000,26375,371805,Jan-2018,Mortgage
16.01,10000,8860,14000,Mar-2018,Rent
28.72,28000,39314,57060,Feb-2018,Rent
7.35,5000,46145,136800,Feb-2018,Rent
5.31,16500,28160,279386,Mar-2018,Mortgage
6.72,23000,914,9000,Feb-2018,Rent
7.97,7000,84151,299231,Jan-2018,Mortgage
15.04,21000,24474,372413,Mar-2018,Mortgage
21.45,12000,41679,45894,Jan-2018,Rent
14.07,12000,55792,86271,Mar-2018,Rent
6.72,20000,68317,322148,Jan-2018,Own
11.99,7000,4600,9800,Jan-2018,Own
10.9,15000,22240,34972,Mar-2018,Rent
6.72,10400,29831,114149,Jan-2018,Mortgage
9.92,8000,12556,38800,Mar-2018,Rent
7.97,20000,28029,99830,Jan-2018,Own
7.34,10000,31685,52646,Mar-2018,Own
9.92,3800,5872,10500,Mar-2018,Rent
9.43,40000,45840,69544,Mar-2018,Mortgage
10.42,4375,4479,5400,Feb-2018,Own
16.02,14400,143955,160421,Feb-2018,Own
6.08,6000,28943,110188,Jan-2018,Own
20.39,10000,4445,7800,Feb-2018,Rent
13.59,8000,7551,193950,Feb-2018,Mortgage
9.44,19200,20931,132129,Jan-2018,Mortgage
10.42,3000,69973,66837,Jan-2018,Rent
9.92,12000,16799,380547,Mar-2018,Mortgage
11.99,19200,24012,47000,Jan-2018,Rent
6.72,13500,41541,74725,Mar-2018,Mortgage
18.06,35000,122128,449312,Feb-2018,Mortgage
9.93,40000,26885,329895,Jan-2018,Mortgage
10.42,10000,59440,594367,Jan-2018,Rent
14.08,4000,10824,15233,Jan-2018,Rent
9.43,36000,92416,440467,Mar-2018,Mortgage
16.02,8000,47104,60586,Mar-2018,Mortgage
6.72,10000,28803,64823,Feb-2018,Rent
9.43,7000,13172,41721,Mar-2018,Rent
7.35,10000,68804,227878,Jan-2018,Mortgage
6.08,16500,67037,96822,Jan-2018,Rent
6.08,8000,37433,62657,Jan-2018,Rent
10.91,16800,72589,79982,Jan-2018,Rent
17.09,10000,27721,195567,Jan-2018,Mortgage
19.42,10000,28707,295297,Feb-2018,Mortgage
11.99,25000,57171,78864,Feb-2018,Rent
13.58,10000,14981,228799,Mar-2018,Mortgage
11.99,12000,24867,43400,Jan-2018,Mortgage
13.59,10800,37214,41330,Jan-2018,Rent
9.44,8500,64464,78323,Feb-2018,Rent
17.09,10000,22172,261023,Jan-2018,Mortgage
11.98,10800,36391,61446,Mar-2018,Rent
20.39,36000,31151,52852,Mar-2018,Mortgage
26.3,17950,34858,62261,Feb-2018,Mortgage
13.59,20000,17763,284200,Feb-2018,Mortgage
9.93,20000,35170,39659,Feb-2018,Own
10.41,6000,56096,71881,Mar-2018,Rent
12.62,7000,2029,6300,Feb-2018,Mortgage
17.09,3000,4578,6500,Jan-2018,Rent
6.07,6000,14358,45015,Mar-2018,Rent
24.85,28000,185620,492045,Jan-2018,Mortgage
10.91,10000,8647,33745,Jan-2018,Own
5.31,5000,3412,313008,Mar-2018,Mortgage
6.08,40000,32219,124591,Jan-2018,Rent
6.07,4000,69078,258480,Mar-2018,Mortgage
9.43,22000,112441,236382,Mar-2018,Mortgage
14.07,8000,20431,20900,Mar-2018,Rent
17.09,10000,10268,57700,Jan-2018,Mortgage
11.98,25200,38806,262960,Mar-2018,Mortgage
14.07,30000,24752,44400,Mar-2018,Rent
9.92,12000,13878,171740,Mar-2018,Mortgage
5.32,10000,18952,186700,Mar-2018,Mortgage
16.02,10000,59824,69428,Jan-2018,Rent
17.47,35000,110838,356329,Mar-2018,Mortgage
9.43,25600,46868,246509,Mar-2018,Mortgage
16.02,30000,38276,53069,Feb-2018,Rent
9.93,25000,107852,135124,Feb-2018,Mortgage
9.93,29825,52353,153440,Feb-2018,Mortgage
9.93,20000,25968,51179,Jan-2018,Rent
10.9,24000,32720,397221,Mar-2018,Mortgage
10.42,20000,26140,35426,Feb-2018,Own
11.99,7500,88847,335214,Jan-2018,Mortgage
26.3,10000,2556,11200,Jan-2018,Rent
9.43,10000,25512,99557,Mar-2018,Own
7.97,29600,0,19400,Feb-2018,Own
11.98,6100,17570,24110,Mar-2018,Own
15.04,25000,74066,174533,Mar-2018,Mortgage
7.97,24000,47710,294173,Feb-2018,Mortgage
14.08,10000,14020,166200,Jan-2018,Own
19.03,13000,41731,52648,Jan-2018,Rent
7.96,8000,34744,228305,Mar-2018,Mortgage
9.44,18000,96806,835975,Jan-2018,Own
11.99,8000,4809,7300,Jan-2018,Own
13.59,20000,29729,132168,Jan-2018,Mortgage
7.97,9000,22712,39289,Feb-2018,Own
16.02,25000,20931,147157,Jan-2018,Rent
12.62,30000,115167,328627,Jan-2018,Mortgage
5.32,7000,5939,64000,Jan-2018,Rent
7.97,15000,12101,20500,Feb-2018,Rent
12.61,30000,122490,596115,Mar-2018,Own
11.98,15000,8511,23700,Mar-2018,Rent
16.01,16000,61861,246481,Mar-2018,Mortgage
18.45,16800,5163,35300,Mar-2018,Own
10.9,11200,81781,202591,Mar-2018,Own
9.92,11000,4606,31000,Mar-2018,Rent
12.61,27000,29416,101084,Mar-2018,Own
11.99,30000,26013,53150,Feb-2018,Rent
9.43,28000,52030,398173,Mar-2018,Mortgage
10.9,17600,54288,311437,Mar-2018,Own
20.39,18000,13186,15000,Mar-2018,Own
9.44,19000,48874,185847,Jan-2018,Mortgage
9.44,28800,127479,344508,Jan-2018,Mortgage
12.61,18000,67857,287035,Mar-2018,Mortgage
16.01,15000,6960,15489,Mar-2018,Rent
12.61,16000,212517,423055,Mar-2018,Mortgage
10.9,10000,0,454600,Mar-2018,Mortgage
6.71,10000,5783,76500,Mar-2018,Rent
9.43,10000,23243,239814,Mar-2018,Own
10.41,10000,31908,40843,Mar-2018,Rent
10.9,20000,22488,38958,Mar-2018,Rent
16.02,11000,21543,38667,Feb-2018,Rent
14.08,21275,97701,418306,Jan-2018,Mortgage
10.91,5000,10351,25687,Jan-2018,Rent
7.34,18000,85622,88949,Mar-2018,Own
9.92,31100,40414,95032,Mar-2018,Mortgage
23.88,8000,20149,237699,Feb-2018,Rent
10.9,5500,109982,344324,Mar-2018,Mortgage
12.62,6675,105867,515103,Jan-2018,Mortgage
9.93,20000,16075,45669,Jan-2018,Mortgage
6.72,5000,8187,100370,Jan-2018,Mortgage
21.45,18000,67420,74670,Mar-2018,Rent
13.59,15000,34417,560929,Jan-2018,Mortgage
6.72,2000,16500,27224,Jan-2018,Rent
15.04,14000,32380,57500,Mar-2018,Rent
7.97,6000,7861,29800,Jan-2018,Rent
13.59,16000,55904,461134,Jan-2018,Mortgage
9.44,6000,3410,8900,Jan-2018,Rent
10.41,5200,4225,10100,Mar-2018,Rent
6.72,1000,21256,47642,Jan-2018,Rent
7.96,3500,3751,188550,Feb-2018,Mortgage
9.44,8000,41355,452877,Feb-2018,Own
10.91,4200,33162,344696,Jan-2018,Own
18.45,10400,155346,148275,Mar-2018,Rent
13.58,3500,20619,23393,Mar-2018,Own
9.93,12000,3415,5000,Jan-2018,Rent
9.44,15500,26178,251010,Jan-2018,Mortgage
15.05,25000,48431,109004,Jan-2018,Mortgage
12.62,20000,146044,154033,Feb-2018,Rent
10.42,10000,15746,58069,Jan-2018,Rent
9.44,6000,30281,51961,Mar-2018,Rent
10.9,18000,39279,89755,Mar-2018,Rent
6.72,10000,39781,127098,Jan-2018,Rent
26.77,24000,42055,153531,Mar-2018,Mortgage
12.61,9000,56644,93851,Feb-2018,Mortgage
7.35,11000,70911,60739,Feb-2018,Rent
6.07,5000,27882,81748,Feb-2018,Rent
6.72,15000,36637,126596,Jan-2018,Mortgage
10.91,40000,109809,144750,Jan-2018,Mortgage
21.45,18000,14990,30300,Jan-2018,Rent
11.99,27200,77072,269535,Jan-2018,Mortgage
12.61,30000,33586,70121,Mar-2018,Mortgage
7.34,7500,373361,272878,Mar-2018,Rent
15.05,7000,24969,76354,Feb-2018,Rent
7.35,15000,44476,69120,Jan-2018,Rent
6.08,40000,402798,976357,Feb-2018,Mortgage
11.98,40000,77261,113789,Mar-2018,Rent
21.45,7500,106680,282033,Jan-2018,Mortgage
6.71,20000,37299,88252,Mar-2018,Mortgage
9.93,25800,38289,337041,Feb-2018,Mortgage
10.9,12000,31367,159510,Mar-2018,Mortgage
6.07,7000,31973,328319,Feb-2018,Mortgage
6.07,8000,45378,56410,Feb-2018,Rent
7.34,25200,41440,186100,Mar-2018,Mortgage
12.62,12000,10400,17600,Feb-2018,Own
18.45,7775,10917,23770,Mar-2018,Mortgage
6.71,13000,20374,261386,Mar-2018,Mortgage
15.04,20000,8213,16600,Feb-2018,Own
7.35,6500,23741,46300,Jan-2018,Mortgage
11.99,24000,41215,130575,Jan-2018,Rent
6.72,4000,54820,164664,Jan-2018,Mortgage
6.72,32000,3096,44600,Jan-2018,Rent
20,28000,10630,35854,Feb-2018,Own
6.71,20000,51220,1016281,Feb-2018,Rent
6.08,3025,14530,197745,Jan-2018,Mortgage
7.96,9000,17050,586203,Mar-2018,Mortgage
6.07,25000,48167,57420,Mar-2018,Own
7.34,30000,138544,164382,Mar-2018,Rent
9.93,16000,25908,80200,Feb-2018,Rent
10.91,25000,43340,389982,Jan-2018,Mortgage
16.02,17000,32376,52040,Jan-2018,Rent
17.47,18000,7144,22650,Mar-2018,Rent
15.04,33600,57640,113072,Mar-2018,Rent
6.08,24725,66643,536912,Jan-2018,Mortgage
21.85,9000,68873,122690,Feb-2018,Mortgage
16.01,20000,7100,142947,Mar-2018,Mortgage
10.91,5000,17408,31300,Jan-2018,Rent
15.05,12000,50928,236293,Feb-2018,Mortgage
10.41,15000,13082,228282,Mar-2018,Own
7.97,8000,206117,252703,Jan-2018,Rent
18.06,3000,115598,149477,Feb-2018,Mortgage
9.92,10000,66893,311303,Mar-2018,Mortgage
9.44,3600,68717,83086,Feb-2018,Rent
9.93,40000,80187,416708,Feb-2018,Mortgage
10.41,25000,63075,223800,Mar-2018,Mortgage
6.71,12000,17498,51600,Mar-2018,Rent
9.44,10000,23410,38365,Jan-2018,Rent
9.93,10000,57182,94696,Feb-2018,Rent
5.31,16000,15487,194300,Mar-2018,Mortgage
10.9,25000,127955,778755,Mar-2018,Mortgage
23.87,4800,21805,31242,Mar-2018,Rent
5.32,20000,38032,474829,Feb-2018,Mortgage
18.06,15000,23112,43150,Jan-2018,Rent
22.9,9300,30839,223276,Feb-2018,Mortgage
9.93,21000,26373,534435,Jan-2018,Mortgage
5.31,13000,83658,338448,Mar-2018,Own
19.42,9600,48400,240910,Mar-2018,Own
26.3,35000,280414,373689,Feb-2018,Mortgage
21.45,12000,19619,78177,Feb-2018,Rent
26.3,6050,44082,202120,Jan-2018,Mortgage
6.72,4000,79755,278019,Feb-2018,Mortgage
7.97,16000,17119,606000,Jan-2018,Mortgage
21.45,16000,80655,298040,Feb-2018,Mortgage
6.71,12000,36926,350016,Mar-2018,Mortgage
5.32,12000,41527,343590,Jan-2018,Own
6.71,6000,146,30800,Feb-2018,Rent
15.05,9600,25974,61666,Jan-2018,Rent
17.09,26500,27005,41586,Jan-2018,Rent
10.41,4000,27835,60829,Mar-2018,Rent
9.43,5000,24143,119917,Mar-2018,Rent
11.98,20000,10932,220707,Mar-2018,Mortgage
18.45,15000,38852,285905,Mar-2018,Mortgage
7.97,6000,24497,198113,Jan-2018,Mortgage
11.98,15000,76573,376381,Mar-2018,Mortgage
9.44,9000,31679,149620,Jan-2018,Mortgage
11.98,40000,80109,307750,Mar-2018,Mortgage
7.97,1000,46296,171975,Jan-2018,Mortgage
5.32,10000,48873,307050,Feb-2018,Mortgage
24.84,4600,86633,81019,Mar-2018,Rent
20.39,14000,24602,42408,Mar-2018,Mortgage
9.93,20000,41066,397102,Jan-2018,Mortgage
6.08,8000,39258,321788,Feb-2018,Mortgage
11.99,10000,175696,189708,Feb-2018,Rent
12.62,14000,18572,43100,Mar-2018,Own
6.72,5000,18416,29300,Jan-2018,Rent
7.97,2000,36161,64556,Feb-2018,Rent
7.34,12800,24888,166179,Mar-2018,Mortgage
12.62,25000,90971,314600,Mar-2018,Mortgage
6.08,6000,16483,87905,Feb-2018,Own
10.91,6500,34654,236822,Jan-2018,Mortgage
10.41,15600,22970,46856,Mar-2018,Mortgage
10.9,17000,87162,151120,Mar-2018,Mortgage
14.08,9800,41845,68165,Jan-2018,Rent
21.45,20000,42779,69758,Feb-2018,Rent
12.62,27000,50108,217306,Feb-2018,Mortgage
13.58,10000,48497,53805,Mar-2018,Rent
7.96,10000,100383,143842,Feb-2018,Rent
20,15000,3223,8100,Feb-2018,Rent
15.04,14000,66166,88885,Mar-2018,Own
6.08,3500,26967,159515,Feb-2018,Rent
20,35000,171594,766062,Jan-2018,Mortgage
16.01,10000,48903,173234,Mar-2018,Mortgage
13.59,5000,26868,52907,Feb-2018,Mortgage
10.42,24000,19635,163910,Feb-2018,Mortgage
16.02,8000,86964,91396,Jan-2018,Rent
11.99,26000,34417,66306,Jan-2018,Rent
7.34,25000,26370,140873,Mar-2018,Mortgage
20,15000,128681,131116,Jan-2018,Own
11.98,10000,70345,231700,Feb-2018,Own
6.72,16000,89186,144506,Feb-2018,Rent
7.96,40000,88235,97530,Mar-2018,Rent
17.47,8800,40273,75352,Mar-2018,Rent
7.97,6500,157,17600,Jan-2018,Rent
19.03,15000,27131,70301,Jan-2018,Rent
7.96,40000,62977,326039,Mar-2018,Own
18.06,35000,17171,22100,Feb-2018,Rent
17.09,7000,11960,318707,Jan-2018,Mortgage
18.06,8000,4483,8540,Mar-2018,Own
12.61,3500,69325,88918,Mar-2018,Rent
10.42,10000,45502,61791,Jan-2018,Rent
16.02,10000,35066,198836,Feb-2018,Mortgage
9.92,13000,89584,499711,Mar-2018,Mortgage
10.41,10000,40594,213722,Mar-2018,Mortgage
15.05,6050,6073,15800,Feb-2018,Rent
10.41,9600,14817,41242,Feb-2018,Rent
12.62,14000,21080,142400,Jan-2018,Own
6.08,16000,44816,127100,Feb-2018,Rent
18.06,10000,4370,9000,Jan-2018,Rent
11.98,15000,67976,362797,Mar-2018,Own
14.07,21000,48378,92847,Feb-2018,Rent
7.97,10000,70830,675054,Feb-2018,Mortgage
11.98,6000,37835,202502,Mar-2018,Own
10.9,14425,81141,471437,Mar-2018,Mortgage
6.72,10000,29984,82600,Feb-2018,Rent
14.07,35000,32771,49562,Mar-2018,Mortgage
25.82,22000,46714,77555,Jan-2018,Rent
12.62,12000,129542,355726,Jan-2018,Mortgage
10.91,8000,20919,28395,Feb-2018,Own
26.77,21000,3328,10400,Mar-2018,Rent
5.32,36000,78106,891849,Jan-2018,Mortgage
10.41,14000,98456,550971,Feb-2018,Mortgage
18.06,7475,21837,25001,Feb-2018,Rent
9.44,2800,31013,579000,Jan-2018,Own
10.41,18000,80661,166535,Mar-2018,Rent
17.09,16000,26600,508165,Mar-2018,Mortgage
9.44,12000,36991,79900,Jan-2018,Rent
21.45,10000,62749,83886,Jan-2018,Rent
9.43,40000,84155,101680,Mar-2018,Rent
9.93,5000,3103,21221,Feb-2018,Rent
13.59,17000,20133,41896,Feb-2018,Mortgage
6.72,10000,5229,22700,Jan-2018,Rent
26.3,16000,25609,40676,Jan-2018,Own
21.85,30000,34139,64750,Mar-2018,Rent
15.04,20000,18726,37900,Feb-2018,Rent
10.41,20800,41045,92600,Mar-2018,Rent
6.71,24000,22984,66400,Mar-2018,Rent
7.35,3800,26355,61741,Feb-2018,Rent
6.07,9500,160421,756509,Mar-2018,Mortgage
13.59,30000,23720,58463,Feb-2018,Rent
5.32,5075,22803,70407,Jan-2018,Rent
13.58,20000,65055,379606,Feb-2018,Mortgage
24.84,30000,43061,282942,Mar-2018,Mortgage
21.45,15000,42958,63207,Jan-2018,Rent
7.96,15000,73036,349934,Mar-2018,Mortgage
21.45,10000,93333,100457,Jan-2018,Rent
7.35,10000,10,3100,Jan-2018,Rent
10.91,16000,83572,109453,Feb-2018,Rent
17.47,11200,22229,34719,Mar-2018,Own
10.42,6000,3908,156490,Jan-2018,Mortgage
6.71,15000,0,88500,Mar-2018,Mortgage
7.35,10000,40285,240724,Jan-2018,Mortgage
28.72,30000,116281,390853,Mar-2018,Mortgage
17.09,12000,55833,210524,Jan-2018,Mortgage
15.05,13000,15627,32350,Feb-2018,Rent
14.08,10000,17781,38668,Jan-2018,Rent
16.02,6000,26161,36466,Jan-2018,Rent
16.02,18000,87422,478064,Jan-2018,Mortgage
12.61,15000,162278,680784,Mar-2018,Mortgage
5.32,5000,20283,35467,Feb-2018,Rent
17.47,12000,24764,59063,Mar-2018,Rent
17.47,20000,109072,104401,Mar-2018,Rent
17.09,16000,107379,405432,Jan-2018,Mortgage
21.85,35000,98928,325960,Mar-2018,Mortgage
15.04,14000,52703,39100,Feb-2018,Own
11.98,40000,50209,241477,Feb-2018,Mortgage
10.42,16450,109518,628042,Feb-2018,Mortgage
9.43,6500,4796,159300,Mar-2018,Mortgage
18.45,8000,25166,252254,Mar-2018,Mortgage
20,20000,79084,101438,Feb-2018,Mortgage
5.32,7800,36282,53140,Jan-2018,Rent
6.08,6000,7938,480400,Feb-2018,Mortgage
15.04,6300,32542,55030,Mar-2018,Mortgage
15.04,4000,12695,29300,Mar-2018,Rent
13.59,2750,3646,6600,Jan-2018,Rent
9.92,22000,111743,432490,Mar-2018,Mortgage
12.62,22000,42298,57191,Jan-2018,Rent
14.08,10000,7326,19400,Feb-2018,Rent
25.81,10275,10632,9600,Mar-2018,Rent
18.45,35000,20865,231051,Mar-2018,Mortgage
7.97,3600,34773,52000,Jan-2018,Rent
9.92,40000,217309,702733,Mar-2018,Mortgage
13.59,20000,25691,31500,Jan-2018,Rent
11.98,26000,124845,563869,Mar-2018,Mortgage
13.59,10000,65500,119044,Jan-2018,Rent
16.02,12900,12037,44813,Jan-2018,Rent
15.05,15000,70963,88097,Jan-2018,Rent
10.9,7200,37068,96265,Mar-2018,Rent
15.04,28000,143742,540105,Mar-2018,Mortgage
15.04,36400,64509,93351,Mar-2018,Rent
11.98,12500,38011,54840,Mar-2018,Rent
7.96,15000,28194,52116,Feb-2018,Rent
9.92,6000,20410,55702,Mar-2018,Own
14.08,20000,146230,487267,Mar-2018,Mortgage
6.08,20000,21893,44300,Feb-2018,Own
12.61,10000,72753,572245,Mar-2018,Mortgage
16.02,10000,15690,41975,Jan-2018,Mortgage
5.31,20000,38522,137313,Feb-2018,Rent
6.08,5000,5047,58800,Jan-2018,Rent
18.45,6000,50530,148679,Mar-2018,Mortgage
9.44,32000,57345,190832,Jan-2018,Mortgage
6.07,12000,27127,138229,Mar-2018,Rent
9.44,40000,77990,135747,Jan-2018,Mortgage
16.02,17000,18855,33184,Jan-2018,Rent
6.07,10000,28759,89714,Feb-2018,Rent
25.82,30000,21978,28128,Jan-2018,Rent
15.05,3500,17611,92042,Jan-2018,Own
6.07,8000,35518,133272,Mar-2018,Mortgage
7.97,30000,139253,559500,Feb-2018,Mortgage
11.99,21500,23143,43416,Jan-2018,Mortgage
18.45,30000,99235,155770,Mar-2018,Own
9.92,6600,68792,325957,Mar-2018,Mortgage
13.59,21600,87367,312819,Feb-2018,Mortgage
9.43,22000,7007,16600,Mar-2018,Rent
16.01,20000,11796,237259,Feb-2018,Mortgage
11.98,19000,30322,60654,Feb-2018,Rent
10.91,9600,45946,423361,Jan-2018,Mortgage
6.71,12000,38922,83700,Mar-2018,Own
11.98,3000,81995,93437,Mar-2018,Mortgage
11.99,9000,16536,29100,Feb-2018,Rent
9.92,16000,8881,23825,Mar-2018,Rent
11.98,12850,13764,44600,Mar-2018,Own
6.08,15000,52534,390156,Jan-2018,Mortgage
6.08,18000,21993,93537,Jan-2018,Rent
7.96,10000,3166,19500,Mar-2018,Own
9.93,12000,10993,27282,Feb-2018,Rent
6.71,8250,28122,49260,Mar-2018,Rent
10.91,28000,22532,35772,Jan-2018,Mortgage
19.03,35000,51772,362735,Jan-2018,Mortgage
9.93,8000,33018,141508,Jan-2018,Mortgage
7.34,15000,13298,142869,Mar-2018,Mortgage
15.04,8000,103627,102926,Mar-2018,Rent
18.45,13000,32366,55568,Feb-2018,Rent
9.44,28500,42682,94449,Jan-2018,Mortgage
6.08,17000,53146,520668,Jan-2018,Mortgage
7.35,22400,21982,60906,Jan-2018,Rent
13.59,4000,54852,221712,Jan-2018,Mortgage
17.09,35950,28271,244946,Jan-2018,Mortgage
10.91,35000,106502,486840,Jan-2018,Mortgage
13.59,5000,46380,214942,Jan-2018,Mortgage
5.32,3900,15502,19910,Feb-2018,Rent
10.91,11000,31335,184929,Jan-2018,Mortgage
16.01,14400,90915,429662,Mar-2018,Rent
10.42,40000,22224,48837,Jan-2018,Own
9.43,2500,38968,123140,Mar-2018,Mortgage
9.43,14400,65744,214719,Mar-2018,Mortgage
6.07,7150,27035,66125,Feb-2018,Rent
11.99,22000,48829,89380,Jan-2018,Mortgage
10.42,5000,24610,230050,Jan-2018,Mortgage
14.07,32000,39189,355586,Mar-2018,Mortgage
13.59,25600,27368,94851,Feb-2018,Mortgage
10.9,10700,160285,315088,Mar-2018,Mortgage
14.08,24000,52544,62928,Feb-2018,Rent
11.98,32000,46564,392003,Mar-2018,Mortgage
11.99,24000,137382,803161,Feb-2018,Mortgage
11.99,30000,101933,486854,Jan-2018,Mortgage
6.71,4200,35337,66599,Mar-2018,Rent
9.92,40000,65409,261391,Mar-2018,Mortgage
10.9,15000,34936,44986,Mar-2018,Own
9.93,12000,161681,504834,Jan-2018,Mortgage
11.99,12000,10203,31500,Jan-2018,Own
5.32,25000,50469,67721,Feb-2018,Mortgage
18.45,10000,112846,135744,Mar-2018,Own
6.07,25000,135761,219974,Mar-2018,Rent
11.98,3200,34302,46334,Feb-2018,Rent
10.9,15000,154689,1273085,Mar-2018,Mortgage
11.98,8500,4973,31600,Mar-2018,Rent
12.62,35000,62310,220509,Jan-2018,Mortgage
10.9,18000,21203,108826,Feb-2018,Mortgage
5.32,10000,48684,63115,Feb-2018,Mortgage
11.98,4000,33917,62148,Feb-2018,Rent
19.03,30000,41727,301914,Jan-2018,Mortgage
6.07,8500,129421,301345,Feb-2018,Mortgage
13.59,4000,66075,215179,Feb-2018,Mortgage
12.61,8000,17238,31255,Mar-2018,Rent
14.07,35000,104473,217648,Mar-2018,Rent
12.62,35000,39549,137521,Jan-2018,Own
21.45,14000,16749,33200,Jan-2018,Mortgage
23.88,17000,41806,55577,Jan-2018,Rent
9.44,12000,43584,265891,Jan-2018,Mortgage
6.08,10000,66125,629124,Jan-2018,Mortgage
21.85,6300,22187,32595,Mar-2018,Rent
7.34,20000,7326,76600,Mar-2018,Rent
14.07,8400,13275,18100,Mar-2018,Own
11.99,30000,8766,212600,Jan-2018,Mortgage
7.97,3600,1935,7800,Jan-2018,Rent
11.98,8000,11032,153600,Feb-2018,Mortgage
17.47,24000,19489,41852,Mar-2018,Mortgage
23.87,20000,36718,64900,Mar-2018,Mortgage
7.35,30000,27381,124900,Feb-2018,Rent
16.02,20000,50946,60573,Jan-2018,Rent
10.9,5000,24868,48536,Mar-2018,Mortgage
12.61,25000,61290,406479,Mar-2018,Mortgage
14.08,10500,154276,154546,Jan-2018,Mortgage
9.92,6000,3618,21500,Mar-2018,Mortgage
15.05,16000,16375,114762,Jan-2018,Own
9.43,8000,99141,417526,Mar-2018,Mortgage
6.07,10000,4663,51511,Feb-2018,Rent
6.08,12000,80834,54987,Feb-2018,Rent
6.08,25000,40417,882897,Jan-2018,Mortgage
10.9,40000,34794,726766,Mar-2018,Mortgage
13.58,23000,36228,39482,Mar-2018,Rent
18.45,35000,57296,85347,Mar-2018,Rent
7.35,5000,12111,18572,Feb-2018,Rent
6.72,40000,17792,53626,Jan-2018,Rent
16.02,8000,27,33400,Jan-2018,Rent
10.42,5000,37706,294287,Jan-2018,Mortgage
14.08,27000,1564,79175,Jan-2018,Own
13.58,27000,46806,224996,Mar-2018,Mortgage
7.97,15000,71544,390220,Jan-2018,Mortgage
10.91,6700,24561,37523,Jan-2018,Mortgage
9.44,12000,96138,150143,Jan-2018,Rent
16.01,13550,69968,374372,Mar-2018,Mortgage
10.42,15000,71836,218445,Feb-2018,Mortgage
17.47,20000,54099,251196,Feb-2018,Mortgage
18.06,12000,35949,57555,Jan-2018,Mortgage
11.99,38500,73454,443959,Jan-2018,Mortgage
11.98,4350,6204,9500,Mar-2018,Rent
15.04,11000,16252,16500,Mar-2018,Rent
7.35,6000,147821,239700,Jan-2018,Rent
9.44,10000,10060,37600,Feb-2018,Rent
9.92,30000,37203,98988,Feb-2018,Rent
11.98,10000,31247,55785,Mar-2018,Rent
10.42,19000,44344,273185,Jan-2018,Mortgage
7.35,13000,13649,92600,Jan-2018,Own
9.44,4000,1884,20800,Feb-2018,Rent
9.43,9000,12513,31300,Mar-2018,Rent
18.06,30000,83527,123273,Feb-2018,Rent
21.85,20000,64070,173951,Feb-2018,Mortgage
9.93,10000,14125,251690,Feb-2018,Mortgage
20.39,21000,78994,301120,Feb-2018,Mortgage
7.34,7000,6293,37900,Mar-2018,Own
15.05,7500,28178,37389,Feb-2018,Rent
10.9,20400,67856,312460,Mar-2018,Mortgage
20.39,1000,8180,13600,Mar-2018,Own
24.85,15000,26745,65511,Jan-2018,Rent
7.35,21000,7699,87000,Jan-2018,Rent
9.44,22000,27565,251800,Jan-2018,Mortgage
17.47,10000,4527,108518,Mar-2018,Mortgage
10.91,12525,41624,64475,Feb-2018,Rent
9.44,2000,15439,177300,Feb-2018,Mortgage
6.71,25000,3249,317870,Feb-2018,Mortgage
15.04,14000,34218,37250,Mar-2018,Rent
10.41,35000,31726,253869,Feb-2018,Mortgage
13.59,13000,13299,74275,Feb-2018,Mortgage
11.99,20000,34688,77529,Feb-2018,Rent
20,5000,95416,290232,Jan-2018,Mortgage
12.62,26000,24713,324622,Jan-2018,Mortgage
6.71,14000,10506,103662,Mar-2018,Rent
11.98,1300,11264,274471,Mar-2018,Mortgage
7.35,3700,19385,38600,Jan-2018,Rent
12.62,36000,192044,197370,Feb-2018,Rent
11.99,19200,5934,12800,Feb-2018,Mortgage
11.98,22000,75510,106781,Mar-2018,Rent
18.06,9800,30876,42064,Jan-2018,Rent
12.61,12000,20909,308370,Mar-2018,Mortgage
17.47,28500,35077,132742,Mar-2018,Own
15.05,25000,604,6000,Jan-2018,Rent
9.43,6000,1693,17000,Mar-2018,Own
5.31,3500,94517,355259,Mar-2018,Own
10.41,12000,41228,65738,Mar-2018,Rent
15.05,4500,39503,59242,Jan-2018,Rent
7.35,15000,25377,220540,Feb-2018,Mortgage
19.03,10000,28766,176977,Jan-2018,Mortgage
10.41,5000,18957,471060,Mar-2018,Mortgage
10.91,5600,27078,46579,Feb-2018,Mortgage
7.97,12000,103390,136028,Jan-2018,Rent
9.93,8800,30716,40197,Feb-2018,Own
12.62,25000,96519,307103,Feb-2018,Own
12.62,10000,36081,81229,Jan-2018,Mortgage
18.06,15000,37310,122561,Jan-2018,Mortgage
6.71,12000,92950,115031,Mar-2018,Rent
6.07,20000,73861,240299,Mar-2018,Mortgage
18.06,2600,34271,61422,Mar-2018,Mortgage
5.32,20000,56556,383663,Jan-2018,Mortgage
13.59,33550,199565,517786,Mar-2018,Mortgage
7.96,3000,150759,235383,Mar-2018,Mortgage
9.43,40000,65177,101128,Mar-2018,Mortgage
5.31,6000,27940,217504,Mar-2018,Mortgage
6.07,40000,187062,467126,Mar-2018,Mortgage
21.45,15000,42326,250101,Jan-2018,Mortgage
7.35,20000,3471,19000,Feb-2018,Rent
11.98,16000,4920,13900,Mar-2018,Own
7.34,14000,53668,92075,Mar-2018,Mortgage
6.07,20000,67287,680565,Mar-2018,Mortgage
12.61,20000,18172,242600,Feb-2018,Mortgage
7.34,10000,31484,311002,Mar-2018,Mortgage
9.93,3000,17503,36457,Feb-2018,Rent
9.44,15000,9892,235049,Feb-2018,Mortgage
18.45,11200,89545,359953,Mar-2018,Mortgage
6.07,20000,36296,617155,Mar-2018,Mortgage
11.99,3000,24871,33269,Jan-2018,Rent
9.44,8500,32495,163716,Jan-2018,Mortgage
12.62,3000,22540,184275,Jan-2018,Mortgage
11.98,28950,48386,304002,Mar-2018,Mortgage
12.61,30000,211005,234853,Mar-2018,Mortgage
5.32,20000,88613,144700,Feb-2018,Rent
12.61,35000,47715,124139,Mar-2018,Mortgage
9.44,17000,45620,253507,Feb-2018,Mortgage
15.04,7500,463581,411440,Mar-2018,Mortgage
6.71,2500,17592,156100,Mar-2018,Mortgage
7.35,15000,38793,380500,Feb-2018,Mortgage
6.07,36000,324210,807175,Mar-2018,Mortgage
15.04,5000,9226,19702,Mar-2018,Rent
9.92,25000,16299,42708,Mar-2018,Rent
16.01,20000,68191,87438,Mar-2018,Rent
6.72,5250,4175,264381,Jan-2018,Mortgage
15.05,4500,37431,65792,Jan-2018,Rent
22.91,1000,30304,33100,Jan-2018,Rent
28.72,18000,36272,233141,Jan-2018,Mortgage
6.71,35000,156202,330695,Mar-2018,Mortgage
10.42,10000,25753,49148,Feb-2018,Rent
9.93,22000,20669,37950,Jan-2018,Rent
7.35,7000,24616,114708,Feb-2018,Mortgage
26.3,12000,9949,28900,Feb-2018,Rent
7.34,10000,122074,211409,Mar-2018,Rent
9.43,12000,90637,110239,Mar-2018,Rent
10.41,20000,72536,85448,Mar-2018,Mortgage
13.58,5000,89267,216752,Mar-2018,Mortgage
14.08,4000,42584,53891,Jan-2018,Rent
9.44,12000,22380,28300,Jan-2018,Mortgage
10.91,10000,27386,39567,Feb-2018,Rent
9.44,9000,117517,306510,Feb-2018,Mortgage
6.08,33000,46965,83043,Mar-2018,Rent
6.71,40000,109800,351403,Mar-2018,Mortgage
10.91,16000,281196,239043,Jan-2018,Rent
14.08,35000,51955,82301,Jan-2018,Rent
11.98,13975,66954,161502,Mar-2018,Own
5.32,8000,58112,169212,Jan-2018,Rent
6.72,35000,14198,86800,Jan-2018,Own
6.71,25000,62959,338189,Feb-2018,Mortgage
15.05,3500,34325,128362,Jan-2018,Rent
10.9,10000,65918,70979,Mar-2018,Rent
12.62,11200,22014,50120,Feb-2018,Rent
11.99,30000,53404,99502,Jan-2018,Mortgage
5.32,10000,135820,184826,Feb-2018,Mortgage
5.32,10000,13076,72500,Feb-2018,Rent
19.03,15000,1106,4500,Jan-2018,Rent
9.93,7500,5433,9100,Feb-2018,Rent
14.07,22000,113832,344723,Mar-2018,Mortgage
13.58,6000,36272,44218,Mar-2018,Rent
5.31,6025,26805,109218,Mar-2018,Rent
20.39,10000,5685,6800,Mar-2018,Rent
6.71,30000,29229,75523,Feb-2018,Rent
13.58,20000,43974,78962,Mar-2018,Rent
9.93,10000,61946,112983,Feb-2018,Own
6.71,12000,36417,373085,Mar-2018,Mortgage
10.91,6100,36928,52948,Feb-2018,Rent
7.97,12000,105475,140159,Jan-2018,Rent
10.41,4000,49572,67748,Feb-2018,Mortgage
14.08,6000,22281,35539,Jan-2018,Rent
5.32,30000,43864,388245,Feb-2018,Mortgage
10.91,9600,26398,62700,Jan-2018,Mortgage
12.62,10500,107507,127876,Feb-2018,Own
9.44,6000,28733,83859,Jan-2018,Own
16.01,5525,60913,467226,Mar-2018,Mortgage
11.98,5900,29299,56174,Feb-2018,Rent
6.07,13600,9972,23831,Mar-2018,Rent
17.47,12000,16270,24000,Mar-2018,Own
10.91,20000,91446,487442,Feb-2018,Mortgage
21.85,23000,29516,56787,Feb-2018,Rent
30.79,25000,70187,112700,Feb-2018,Own
7.96,19000,47176,357130,Mar-2018,Rent
10.42,1500,29889,42252,Jan-2018,Mortgage
6.72,15000,10381,30400,Feb-2018,Own
14.07,25000,39584,75989,Feb-2018,Rent
15.05,5600,3857,339000,Jan-2018,Mortgage
13.59,7000,56535,346271,Feb-2018,Mortgage
12.62,35000,10528,17800,Feb-2018,Rent
6.08,8000,13248,40809,Jan-2018,Own
10.91,18000,33022,49355,Jan-2018,Rent
16.01,30000,65733,80826,Mar-2018,Rent
9.44,15000,24771,402717,Jan-2018,Mortgage
10.41,4800,50358,123700,Feb-2018,Own
10.42,21000,59362,240520,Mar-2018,Mortgage
10.42,12500,52757,97955,Jan-2018,Mortgage
5.32,13000,62187,236499,Jan-2018,Mortgage
10.9,28000,51364,114956,Mar-2018,Mortgage
13.59,10300,33818,40332,Feb-2018,Own
9.92,6400,30775,32053,Mar-2018,Own
21.85,10000,59165,75219,Mar-2018,Own
7.35,2500,14974,105500,Jan-2018,Mortgage
11.99,30000,29829,52600,Feb-2018,Rent
24.84,22500,25480,29450,Mar-2018,Rent
6.71,5000,22003,320115,Mar-2018,Mortgage
7.97,40000,53902,215212,Jan-2018,Own
13.59,3600,24738,43465,Jan-2018,Rent
12.61,6800,94323,96436,Mar-2018,Rent
15.05,34725,95382,578941,Jan-2018,Mortgage
14.07,35000,7593,16100,Mar-2018,Rent
20.39,30000,26030,123905,Feb-2018,Mortgage
13.59,17000,17051,24330,Jan-2018,Rent
10.9,3000,90819,496784,Mar-2018,Own
10.42,15000,0,275800,Feb-2018,Mortgage
10.91,24000,50795,109600,Jan-2018,Rent
9.92,6000,26195,46528,Mar-2018,Rent
12.61,8000,11062,26025,Mar-2018,Own
12.61,16000,17442,58600,Mar-2018,Rent
7.96,30000,94425,386384,Mar-2018,Mortgage
5.32,40000,160,44800,Jan-2018,Mortgage
16.02,7000,8249,15603,Feb-2018,Own
9.92,15000,47115,102500,Mar-2018,Rent
11.98,12000,12788,20960,Mar-2018,Own
6.08,6000,173984,221481,Jan-2018,Rent
9.44,26650,26868,45900,Jan-2018,Mortgage
11.98,10000,33102,152977,Mar-2018,Mortgage
20.39,20000,85709,83443,Feb-2018,Rent
7.97,10000,61435,88748,Feb-2018,Own
16.02,15000,10518,18000,Jan-2018,Rent
14.07,40000,83253,559662,Mar-2018,Mortgage
21.45,1500,9194,10800,Jan-2018,Rent
6.08,3500,35109,71380,Jan-2018,Rent
6.71,21000,47939,134917,Mar-2018,Mortgage
15.04,14650,158286,558604,Mar-2018,Mortgage
18.45,20000,53494,76498,Mar-2018,Rent
18.45,12000,18808,46657,Feb-2018,Own
13.59,20000,17169,178243,Jan-2018,Mortgage
13.58,24000,34915,147641,Feb-2018,Mortgage
13.59,30000,17496,22100,Jan-2018,Rent
15.05,8000,5429,9400,Jan-2018,Rent
7.34,40000,43813,355333,Mar-2018,Own
19.03,15000,25854,42400,Jan-2018,Rent
19.42,32000,47267,73757,Mar-2018,Rent
9.92,8500,99831,394641,Mar-2018,Mortgage
7.97,16000,40920,179733,Jan-2018,Mortgage
9.44,10000,35780,66808,Feb-2018,Rent
7.96,12000,192084,780142,Mar-2018,Mortgage
15.05,12500,332,18300,Jan-2018,Mortgage
7.35,1000,7048,43611,Jan-2018,Rent
7.35,40000,7316,40400,Jan-2018,Rent
18.06,35000,57261,292485,Jan-2018,Mortgage
13.59,6200,17724,18204,Feb-2018,Rent
6.71,15000,30366,291000,Mar-2018,Mortgage
6.08,6000,19427,420675,Jan-2018,Mortgage
17.47,5000,43658,62700,Mar-2018,Own
15.05,40000,380,207300,Feb-2018,Mortgage
7.34,19000,18396,273750,Mar-2018,Mortgage
12.61,10000,12582,21200,Feb-2018,Rent
7.35,39600,68440,399604,Jan-2018,Mortgage
9.93,16000,55551,96347,Jan-2018,Rent
18.45,6000,12565,40155,Mar-2018,Rent
18.06,6000,35646,62609,Feb-2018,Rent
20.39,25000,13835,23434,Mar-2018,Mortgage
7.35,40000,415,474200,Feb-2018,Mortgage
16.02,25200,37560,124832,Jan-2018,Mortgage
5.32,10000,33741,78385,Jan-2018,Own
12.62,30000,49130,199837,Jan-2018,Mortgage
10.9,30000,24335,60100,Feb-2018,Rent
13.59,35000,19417,52600,Jan-2018,Mortgage
6.07,25000,75695,430223,Feb-2018,Mortgage
10.9,5000,96019,277005,Mar-2018,Mortgage
10.9,8000,3185,114005,Feb-2018,Own
16.02,35000,87429,120282,Feb-2018,Rent
7.97,28000,61249,571449,Jan-2018,Mortgage
6.72,2500,32622,249980,Jan-2018,Mortgage
17.09,5600,69177,173550,Jan-2018,Rent
12.61,13000,145476,152600,Mar-2018,Mortgage
9.44,14400,100711,265951,Jan-2018,Mortgage
13.59,10100,180500,189591,Feb-2018,Rent
19.03,7400,160007,177031,Jan-2018,Mortgage
9.44,14000,29468,211031,Feb-2018,Rent
9.44,20000,102992,482807,Jan-2018,Mortgage
16.02,40000,30914,250273,Jan-2018,Mortgage
14.07,4000,142399,373435,Mar-2018,Mortgage
6.72,10400,45310,227162,Jan-2018,Mortgage
7.97,16000,69721,73950,Jan-2018,Rent
22.91,17550,10090,12150,Jan-2018,Own
17.47,12000,79359,86767,Mar-2018,Own
14.08,7000,5500,10300,Feb-2018,Rent
18.06,19000,16119,39182,Feb-2018,Rent
9.93,25000,112694,332270,Jan-2018,Mortgage
23.88,30000,39562,64540,Feb-2018,Rent
13.59,1825,43650,60007,Feb-2018,Rent
7.96,8300,192041,299130,Mar-2018,Mortgage
5.31,10000,21517,579093,Mar-2018,Mortgage
6.08,7000,47525,318823,Jan-2018,Mortgage
14.08,3500,17439,19150,Jan-2018,Rent
7.34,12000,28169,59751,Feb-2018,Rent
18.06,10200,9966,21200,Jan-2018,Rent
6,8000,95374,197484,Feb-2018,Mortgage
13.59,13000,61346,209110,Feb-2018,Mortgage
18.06,11000,55821,71260,Feb-2018,Mortgage
14.07,13000,46757,51854,Mar-2018,Rent
13.58,10000,15980,41137,Mar-2018,Rent
7.35,4500,30854,75598,Jan-2018,Rent
9.43,8500,41343,66313,Mar-2018,Rent
21.45,18000,116050,150639,Feb-2018,Rent
11.99,23000,185333,349953,Jan-2018,Mortgage
24.84,30000,15714,28550,Mar-2018,Mortgage
6.72,22000,32717,322754,Jan-2018,Mortgage
9.44,15000,10703,331900,Jan-2018,Mortgage
5.32,24000,86410,247883,Jan-2018,Mortgage
9.43,10000,12664,26933,Mar-2018,Mortgage
15.05,15000,25825,48650,Jan-2018,Mortgage
9.93,10000,10483,22800,Jan-2018,Rent
30.65,11450,15043,25300,Mar-2018,Rent
11.98,5000,5846,16200,Mar-2018,Rent
14.08,14000,34940,55613,Jan-2018,Rent
19.03,4000,25457,54211,Feb-2018,Rent
6.72,5000,30878,77768,Jan-2018,Rent
21.45,20000,28943,87417,Jan-2018,Mortgage
10.41,20000,29334,48207,Mar-2018,Mortgage
11.98,9000,6801,192930,Mar-2018,Mortgage
12.62,10000,26228,64762,Feb-2018,Rent
7.97,4000,25189,41949,Feb-2018,Own
10.91,4800,27830,36739,Jan-2018,Own
6.72,12000,24802,264145,Feb-2018,Mortgage
15.05,6000,25312,190763,Jan-2018,Mortgage
19.03,10000,2918,10000,Jan-2018,Mortgage
13.58,30700,156179,626536,Mar-2018,Mortgage
13.58,10000,23925,173674,Mar-2018,Mortgage
13.59,12600,66366,572894,Jan-2018,Mortgage
9.93,13200,47268,370338,Feb-2018,Mortgage
10.91,12175,185540,261558,Jan-2018,Mortgage
9.44,35000,27985,51099,Jan-2018,Mortgage
7.97,5000,12207,137631,Jan-2018,Mortgage
24.85,12000,44305,87783,Feb-2018,Rent
6.08,20000,52133,391296,Feb-2018,Mortgage
9.44,40000,43078,80140,Jan-2018,Rent
5.32,6000,20469,314013,Feb-2018,Mortgage
15.04,11200,5024,12400,Feb-2018,Rent
6.72,10500,10111,17200,Feb-2018,Rent
11.98,7000,20654,25802,Mar-2018,Rent
19.03,12000,18161,155931,Jan-2018,Mortgage
13.59,12000,96368,133783,Feb-2018,Rent
10.9,30000,35941,230799,Mar-2018,Mortgage
13.58,40000,63185,88247,Mar-2018,Mortgage
15.04,5400,21667,121932,Mar-2018,Mortgage
7.34,5000,23692,35922,Mar-2018,Rent
13.58,25000,62840,107795,Mar-2018,Own
21.45,30000,38387,57000,Jan-2018,Own
6.07,15000,37396,74245,Mar-2018,Rent
10.42,5400,18679,28740,Jan-2018,Rent
6.71,6000,43248,71729,Mar-2018,Rent
7.34,4000,5334,15600,Mar-2018,Mortgage
11.99,17500,45189,56400,Jan-2018,Rent
6.72,5000,2699,15300,Jan-2018,Rent
13.58,16000,32951,231700,Mar-2018,Own
17.09,12000,7195,105475,Feb-2018,Mortgage
6.07,40000,68535,504014,Mar-2018,Own
7.96,8000,79188,307329,Mar-2018,Mortgage
9.92,14400,36173,176680,Mar-2018,Mortgage
16.01,35000,56927,252368,Feb-2018,Mortgage
11.99,12000,27220,40352,Jan-2018,Rent
10.9,6000,70895,198668,Mar-2018,Mortgage
12.62,18000,36088,239622,Feb-2018,Mortgage
16.02,16000,161034,206541,Jan-2018,Rent
6.72,3600,24093,318092,Jan-2018,Own
14.08,11000,9946,12500,Jan-2018,Own
6.07,17000,43504,179762,Mar-2018,Mortgage
9.43,10000,34842,236860,Mar-2018,Mortgage
9.93,4300,38565,260096,Jan-2018,Own
10.42,14000,14138,309910,Feb-2018,Mortgage
12.62,4000,2412,85100,Feb-2018,Mortgage
19.03,12450,22135,64647,Jan-2018,Rent
10.41,35000,48277,414105,Mar-2018,Mortgage
7.97,3000,49647,143272,Jan-2018,Mortgage
16.02,4800,116850,228174,Jan-2018,Mortgage
11.98,20000,66681,404526,Mar-2018,Mortgage
10.91,20000,54220,86820,Jan-2018,Own
14.07,16000,33996,272592,Feb-2018,Mortgage
12.62,39000,45873,57138,Jan-2018,Mortgage
11.99,25000,58445,260194,Jan-2018,Rent
7.96,19000,40256,61606,Mar-2018,Own
15.05,6000,17780,37869,Jan-2018,Rent
12.61,16000,33351,176954,Mar-2018,Mortgage
12.61,14000,9679,19500,Mar-2018,Rent
13.59,4800,29787,43900,Feb-2018,Mortgage
11.98,32025,133557,582498,Mar-2018,Mortgage
13.58,10000,20331,24231,Mar-2018,Mortgage
15.05,17000,8151,11500,Jan-2018,Rent
10.9,20000,27188,288112,Mar-2018,Mortgage
6.08,3500,6825,21700,Feb-2018,Rent
5.32,17000,110685,450152,Jan-2018,Mortgage
16.02,10000,38758,37750,Jan-2018,Rent
9.92,25000,26981,228970,Feb-2018,Mortgage
6.72,4800,21282,55500,Feb-2018,Mortgage
9.43,12000,30038,222257,Mar-2018,Mortgage
19.03,35000,105765,208615,Feb-2018,Own
18.45,3200,6627,17410,Mar-2018,Rent
5.32,12000,23555,90512,Feb-2018,Rent
15.05,5000,5884,330700,Jan-2018,Own
9.44,1000,21865,37941,Feb-2018,Rent
20.39,33750,48888,56000,Mar-2018,Rent
16.01,14400,28134,54200,Mar-2018,Rent
20.39,30400,42693,51710,Mar-2018,Rent
13.59,24000,43875,77010,Jan-2018,Mortgage
16.02,16800,101338,372772,Jan-2018,Mortgage
17.47,1800,29157,233649,Mar-2018,Mortgage
16.02,36000,120861,531593,Feb-2018,Mortgage
20,10000,19142,28274,Feb-2018,Rent
10.9,16000,28305,171319,Mar-2018,Mortgage
26.77,30000,110717,236253,Mar-2018,Mortgage
9.93,24000,104874,104664,Feb-2018,Rent
6.08,28000,48538,292806,Jan-2018,Mortgage
14.08,15000,38806,235206,Feb-2018,Mortgage
13.59,5000,17429,27859,Jan-2018,Rent
6.08,16000,25327,203884,Jan-2018,Mortgage
6.07,35000,72390,134786,Mar-2018,Mortgage
12.62,30150,24595,324478,Feb-2018,Mortgage
12.62,15000,67982,165150,Feb-2018,Mortgage
11.98,18000,85992,100036,Mar-2018,Rent
13.59,26000,23277,193422,Jan-2018,Mortgage
23.88,10000,45182,75071,Jan-2018,Rent
13.59,16800,32501,301655,Jan-2018,Mortgage
10.9,9800,40676,49000,Mar-2018,Rent
9.93,16000,22799,53700,Feb-2018,Rent
6.08,10000,9501,47424,Feb-2018,Rent
10.41,10000,2385,19100,Mar-2018,Own
12.62,2500,57007,54641,Jan-2018,Mortgage
13.58,8000,139223,205156,Mar-2018,Mortgage
13.58,10000,9609,31930,Mar-2018,Rent
7.97,40000,198809,267145,Jan-2018,Rent
10.42,12000,41666,53185,Feb-2018,Own
9.43,17000,54640,87473,Mar-2018,Rent
10.91,12000,48040,297442,Jan-2018,Mortgage
19.03,11000,79894,470126,Jan-2018,Own
9.44,2500,1618,244155,Jan-2018,Mortgage
5.31,40000,3577,34800,Feb-2018,Rent
7.35,31000,34969,97186,Jan-2018,Mortgage
26.77,16000,18999,30561,Mar-2018,Rent
25.82,16000,25331,213000,Jan-2018,Mortgage
10.91,16000,56754,68553,Feb-2018,Rent
18.06,30000,17160,17600,Feb-2018,Rent
14.08,15000,22070,32982,Jan-2018,Rent
12.61,22000,58542,197513,Mar-2018,Mortgage
9.44,30000,31368,218015,Feb-2018,Mortgage
21.85,10000,2598,15100,Mar-2018,Rent
7.96,6000,822,2300,Mar-2018,Rent
10.42,13500,11278,13000,Jan-2018,Mortgage
16.02,10000,90092,342794,Feb-2018,Mortgage
12.61,13000,60072,209342,Mar-2018,Mortgage
13.59,6000,76569,116998,Jan-2018,Rent
20,19200,40830,76543,Jan-2018,Rent
20,35000,51751,447100,Jan-2018,Rent
15.04,20225,46367,106182,Mar-2018,Mortgage
18.45,14000,325656,290936,Mar-2018,Rent
16.01,8000,8174,14919,Mar-2018,Rent
12.61,10000,6481,348142,Mar-2018,Mortgage
23.88,10000,43862,64872,Feb-2018,Own
15.04,25000,44422,60610,Feb-2018,Rent
6.72,6000,68071,109732,Mar-2018,Mortgage
10.41,32000,105918,458960,Mar-2018,Mortgage
14.07,32000,69977,289807,Mar-2018,Mortgage
6.07,5000,18408,548130,Mar-2018,Mortgage
13.58,20000,41095,83307,Mar-2018,Rent
5.31,6000,48926,799435,Mar-2018,Mortgage
17.09,16000,23854,78601,Jan-2018,Rent
10.41,12000,48645,817553,Mar-2018,Mortgage
7.34,30000,100661,172218,Mar-2018,Mortgage
9.43,27800,70537,296223,Feb-2018,Mortgage
17.09,35000,153071,722868,Feb-2018,Mortgage
11.99,35000,166085,321927,Jan-2018,Own
5.31,12000,69197,160261,Mar-2018,Rent
14.08,25000,83956,193850,Jan-2018,Own
28.72,20000,54661,197061,Jan-2018,Own
5.31,10000,704,139800,Mar-2018,Mortgage
13.58,15000,17525,44400,Feb-2018,Mortgage
7.96,20000,75616,165900,Feb-2018,Rent
6.08,10000,42892,142190,Jan-2018,Rent
10.42,35000,38057,68888,Feb-2018,Rent
9.44,20000,109160,174185,Jan-2018,Rent
10.91,12000,981,14500,Jan-2018,Own
15.04,1200,10286,22838,Mar-2018,Mortgage
5.32,15000,29434,407708,Feb-2018,Mortgage
9.44,19600,73820,265402,Jan-2018,Mortgage
14.07,7000,10843,50896,Mar-2018,Mortgage
6.72,25000,89533,232382,Jan-2018,Own
15.05,5000,57849,271797,Feb-2018,Mortgage
14.08,20000,36878,53241,Feb-2018,Own
9.44,7000,24925,194242,Feb-2018,Mortgage
20.39,10000,94977,178829,Mar-2018,Mortgage
9.44,30000,1959,233000,Jan-2018,Mortgage
5.32,16000,27237,257544,Jan-2018,Own
6.72,12000,61678,125545,Feb-2018,Rent
17.47,35000,104566,423921,Feb-2018,Mortgage
10.41,40000,56938,137107,Mar-2018,Rent
9.43,16000,16117,75685,Mar-2018,Own
9.43,3000,10432,186990,Mar-2018,Mortgage
10.42,25000,59319,308687,Jan-2018,Mortgage
10.9,6500,66365,77050,Mar-2018,Rent
9.93,40000,68506,184874,Feb-2018,Mortgage
13.59,7000,136508,475695,Feb-2018,Mortgage
9.93,20000,114305,468177,Feb-2018,Mortgage
10.42,12000,32507,44979,Feb-2018,Rent
16.01,16000,50945,71434,Mar-2018,Own
10.42,13000,20907,39769,Jan-2018,Rent
7.96,12000,77561,538671,Mar-2018,Mortgage
9.44,10000,122516,618071,Feb-2018,Mortgage
10.91,20000,52434,83352,Feb-2018,Rent
6.07,30000,105538,237534,Mar-2018,Mortgage
7.35,25000,41947,264630,Jan-2018,Mortgage
9.43,30000,19965,42153,Mar-2018,Mortgage
9.44,35000,98736,614223,Feb-2018,Mortgage
13.59,30000,64453,91224,Jan-2018,Rent
6.08,5000,19186,41863,Feb-2018,Rent
5.32,13000,555502,563308,Feb-2018,Rent
5.32,12000,46055,221183,Feb-2018,Mortgage
16.02,10000,13236,33624,Feb-2018,Rent
20,10000,58690,333424,Feb-2018,Mortgage
9.44,10000,104031,129793,Jan-2018,Rent
12.61,11500,20197,77353,Feb-2018,Mortgage
30.79,20000,116051,410022,Jan-2018,Own
18.45,15000,104713,347656,Feb-2018,Mortgage
14.07,40000,84271,368431,Mar-2018,Mortgage
15.04,10000,38660,44693,Mar-2018,Rent
9.44,40000,12651,218147,Jan-2018,Mortgage
6.07,35000,100941,291519,Mar-2018,Mortgage
5.31,40000,135944,421680,Mar-2018,Mortgage
9.43,15000,51578,152018,Mar-2018,Rent
6.72,18000,24379,78813,Feb-2018,Rent
10.41,12000,8506,142051,Mar-2018,Mortgage
21.45,20000,24001,73471,Feb-2018,Mortgage
9.92,6000,9246,19300,Mar-2018,Rent
10.9,30000,72213,346595,Feb-2018,Mortgage
10.9,5000,51535,62103,Mar-2018,Rent
13.59,5000,55087,60930,Jan-2018,Rent
10.41,17000,11521,18634,Mar-2018,Own
6.71,22000,21926,259900,Mar-2018,Mortgage
15.04,24000,22657,60500,Mar-2018,Rent
18.06,20000,84943,132086,Jan-2018,Rent
9.44,34000,62405,292083,Jan-2018,Mortgage
7.35,15000,53137,88300,Feb-2018,Rent
7.97,15000,137891,585684,Feb-2018,Mortgage
18.45,10000,16958,21234,Mar-2018,Rent
15.05,28000,57762,93208,Feb-2018,Mortgage
9.44,5000,15968,31100,Jan-2018,Rent
12.62,10000,22077,60823,Feb-2018,Own
6.07,5000,19326,40964,Mar-2018,Own
6.07,20000,32399,157535,Mar-2018,Mortgage
7.34,40000,20570,386100,Mar-2018,Mortgage
13.58,5000,83274,241932,Mar-2018,Mortgage
6.07,17000,81602,228526,Mar-2018,Mortgage
18.45,16000,46013,254416,Mar-2018,Mortgage
9.93,32000,21700,56200,Feb-2018,Mortgage
23.88,25000,28483,34110,Feb-2018,Mortgage
10.42,6500,27022,340300,Feb-2018,Mortgage
9.93,24000,32940,54100,Feb-2018,Rent
13.58,24000,311963,292123,Mar-2018,Rent
7.97,25450,96275,142546,Jan-2018,Rent
9.93,18000,26870,74405,Jan-2018,Rent
18.06,3200,41026,44932,Feb-2018,Rent
10.41,11250,63494,81473,Mar-2018,Rent
11.98,19200,48203,373878,Mar-2018,Mortgage
7.97,9000,29899,83253,Jan-2018,Rent
6.07,18000,9767,46700,Mar-2018,Rent
10.42,4000,8330,20800,Feb-2018,Own
11.98,10000,26298,41290,Mar-2018,Rent
13.59,20000,73199,384616,Jan-2018,Mortgage
15.05,6025,89055,97477,Jan-2018,Mortgage
14.07,6400,20722,98593,Mar-2018,Mortgage
10.42,35000,61370,188596,Feb-2018,Mortgage
10.91,13000,33488,44257,Feb-2018,Rent
6.72,24000,2973,15100,Jan-2018,Rent
17.47,20000,49041,107874,Mar-2018,Mortgage
7.97,1000,262,8500,Feb-2018,Rent
7.96,5600,40790,104181,Mar-2018,Rent
9.44,35000,46123,122172,Feb-2018,Mortgage
15.05,17500,67628,81599,Feb-2018,Rent
13.58,15000,13058,20800,Feb-2018,Rent
9.44,4800,33491,426217,Jan-2018,Mortgage
30.65,25000,228881,604532,Jan-2018,Mortgage
9.43,36000,73682,337480,Mar-2018,Mortgage
7.35,1650,21309,311281,Jan-2018,Mortgage
6.07,30000,132363,329954,Feb-2018,Mortgage
17.09,15000,35722,187987,Jan-2018,Mortgage
7.35,25000,49468,129010,Jan-2018,Rent
10.42,17500,32285,125503,Feb-2018,Mortgage
17.09,20000,70391,85440,Feb-2018,Rent
21.45,24000,100307,309251,Feb-2018,Mortgage
11.99,3500,52349,187795,Jan-2018,Mortgage
7.34,6000,46382,75617,Mar-2018,Rent
13.59,39275,54743,215513,Jan-2018,Mortgage
17.09,20000,17528,58200,Jan-2018,Rent
17.09,16000,2876,5700,Jan-2018,Mortgage
18.06,8000,47278,59085,Jan-2018,Own
14.08,4800,33403,46022,Feb-2018,Rent
20.39,32000,29788,44819,Mar-2018,Own
7.96,20000,4030,9840,Mar-2018,Own
11.99,40000,81282,418643,Feb-2018,Mortgage
7.97,5000,15442,24427,Feb-2018,Rent
12.61,8000,22448,29200,Mar-2018,Rent
16.01,40000,79725,98371,Mar-2018,Rent
13.58,22000,24212,47663,Mar-2018,Rent
10.41,12000,38474,265661,Mar-2018,Mortgage
13.59,10000,15937,28195,Jan-2018,Rent
18.45,4800,16235,32739,Feb-2018,Rent
12.62,4300,18269,47336,Jan-2018,Rent
7.97,36000,31810,76805,Jan-2018,Rent
21.45,20000,62922,650774,Jan-2018,Mortgage
5.32,10000,27254,523500,Feb-2018,Mortgage
11.99,1100,10628,81042,Feb-2018,Mortgage
9.44,40000,1158,31900,Jan-2018,Mortgage
6.07,20000,16960,237948,Mar-2018,Mortgage
11.99,4000,31734,367843,Jan-2018,Mortgage
24.85,12500,36487,48550,Jan-2018,Rent
12.61,20000,37030,229997,Feb-2018,Mortgage
9.43,17425,43093,367672,Mar-2018,Mortgage
6.71,7000,7103,15249,Mar-2018,Rent
17.09,15000,41775,58389,Feb-2018,Rent
10.42,7200,31286,60070,Jan-2018,Rent
6.72,20000,15697,34700,Feb-2018,Own
7.35,7000,50320,90500,Jan-2018,Rent
14.08,22000,28864,225355,Feb-2018,Mortgage
5.32,6000,29354,209314,Feb-2018,Mortgage
10.42,35000,55495,309246,Jan-2018,Mortgage
28.72,24000,41535,150443,Mar-2018,Mortgage
7.34,25000,38490,125862,Mar-2018,Rent
5.31,4000,15787,42600,Mar-2018,Rent
15.04,28000,41333,208731,Mar-2018,Mortgage
11.98,8000,65221,570969,Mar-2018,Mortgage
10.91,9600,8549,31318,Feb-2018,Rent
6.08,6500,64803,91976,Feb-2018,Rent
25.82,20000,40843,218771,Jan-2018,Mortgage
13.59,3000,10959,18414,Jan-2018,Rent
16.01,8000,7923,27500,Mar-2018,Rent
15.05,10000,68059,367303,Jan-2018,Mortgage
25.81,35000,25438,50815,Mar-2018,Mortgage
14.08,35000,23408,52602,Feb-2018,Rent
9.43,7000,25519,38819,Mar-2018,Rent
9.43,10500,34698,195327,Mar-2018,Mortgage
9.43,28000,40833,181225,Mar-2018,Mortgage
11.99,15000,39327,57059,Jan-2018,Mortgage
10.41,15000,32471,149627,Feb-2018,Mortgage
11.99,6500,10740,33662,Jan-2018,Mortgage
7.34,35000,260440,673150,Mar-2018,Mortgage
16.02,15000,25827,62308,Jan-2018,Rent
10.91,11000,26597,50039,Jan-2018,Rent
21.85,30000,30456,53351,Mar-2018,Mortgage
18.45,7500,37507,47697,Mar-2018,Rent
17.09,21000,72323,321170,Jan-2018,Mortgage
9.93,32000,46577,333854,Feb-2018,Mortgage
13.59,9800,7761,23857,Jan-2018,Own
12.61,4000,8403,17933,Mar-2018,Rent
18.06,25000,119050,367166,Feb-2018,Mortgage
9.44,15000,24048,348867,Jan-2018,Mortgage
10.42,12000,36949,524299,Jan-2018,Mortgage
16.01,35000,49824,259899,Mar-2018,Mortgage
13.59,16000,42678,135759,Feb-2018,Mortgage
10.42,13000,13840,19924,Jan-2018,Rent
7.35,20000,111553,493047,Feb-2018,Mortgage
15.04,38000,31072,61883,Mar-2018,Rent
7.97,10000,11409,61974,Feb-2018,Rent
7.34,13000,67509,226131,Feb-2018,Rent
23.88,30000,20369,41443,Jan-2018,Rent
10.41,34800,93224,148280,Mar-2018,Mortgage
20,30000,121748,471131,Feb-2018,Rent
10.9,6500,75,7000,Mar-2018,Mortgage
13.59,10000,104784,398657,Mar-2018,Mortgage
11.99,40000,22008,59852,Jan-2018,Rent
16.01,25000,92218,129558,Mar-2018,Mortgage
16.01,19000,97403,203729,Mar-2018,Mortgage
7.96,16000,46965,75070,Mar-2018,Rent
5.32,13700,7784,71600,Jan-2018,Own
10.91,40000,105235,630504,Feb-2018,Mortgage
7.35,6000,17720,39303,Feb-2018,Mortgage
15.04,40000,348361,733755,Mar-2018,Mortgage
21.85,12000,81208,106047,Mar-2018,Rent
12.62,35000,44762,122000,Jan-2018,Own
7.35,17000,194908,203921,Jan-2018,Rent
10.41,6025,14122,20900,Mar-2018,Rent
10.91,12000,65530,132274,Jan-2018,Rent
7.34,7800,31487,82655,Mar-2018,Own
19.03,28000,38068,276831,Feb-2018,Mortgage
7.97,10000,26201,54357,Jan-2018,Rent
12.62,25000,23324,812964,Feb-2018,Mortgage
13.58,16000,62970,269441,Mar-2018,Mortgage
12.62,12000,29622,48500,Jan-2018,Rent
14.08,2800,36758,78910,Jan-2018,Rent
13.58,25000,90228,131569,Mar-2018,Mortgage
7.97,35000,202033,504331,Mar-2018,Mortgage
15.05,20000,26417,42184,Feb-2018,Rent
6.72,10000,12177,195900,Jan-2018,Mortgage
5.32,20000,60027,400735,Jan-2018,Mortgage
20,6000,31908,39283,Jan-2018,Rent
5.31,10000,94405,673142,Mar-2018,Own
13.58,12000,16476,295831,Mar-2018,Own
10.9,10000,20071,47205,Mar-2018,Mortgage
6.71,12500,81472,148853,Mar-2018,Own
11.99,20000,41207,156734,Jan-2018,Mortgage
10.41,12000,44610,55604,Mar-2018,Rent
9.92,4000,214568,214744,Mar-2018,Rent
12.61,10000,244,1600,Mar-2018,Rent
11.98,10000,34846,67893,Mar-2018,Rent
10.42,2800,1075,5500,Feb-2018,Rent
6.72,5000,115079,478518,Feb-2018,Mortgage
15.05,32000,102943,369146,Jan-2018,Mortgage
13.58,9600,23663,47606,Mar-2018,Rent
17.09,15000,42282,210269,Jan-2018,Mortgage
9.92,14400,69109,86503,Mar-2018,Rent
10.42,10000,64636,265937,Feb-2018,Mortgage
16.01,21000,22571,38750,Mar-2018,Rent
5.32,40000,78507,570815,Jan-2018,Mortgage
20.39,10000,109092,110117,Mar-2018,Own
11.99,1000,23329,92999,Feb-2018,Own
6.72,17150,547708,1036893,Jan-2018,Mortgage
15.04,16000,19348,74464,Mar-2018,Rent
9.93,24000,42441,108057,Jan-2018,Mortgage
10.91,20000,21464,43100,Jan-2018,Rent
6,28000,40556,66400,Mar-2018,Rent
10.42,25000,68742,100282,Jan-2018,Rent
7.35,6000,22379,46780,Jan-2018,Rent
9.93,40000,82246,150211,Feb-2018,Own
11.99,15000,8161,38700,Jan-2018,Mortgage
7.34,15000,46228,117423,Mar-2018,Rent
18.45,25000,19502,22600,Mar-2018,Own
7.97,10000,234410,800792,Feb-2018,Mortgage
28.72,15000,153081,152164,Feb-2018,Rent
6.08,30000,170966,710297,Jan-2018,Mortgage
12.61,25000,107401,502520,Mar-2018,Mortgage
16.02,28000,45872,301532,Jan-2018,Own
12.62,25000,35532,187641,Jan-2018,Mortgage
7.97,13000,43473,71920,Mar-2018,Rent
9.44,10000,57413,96279,Jan-2018,Mortgage
13.59,2000,4447,16600,Mar-2018,Rent
11.98,10000,9012,54000,Mar-2018,Own
10.91,7000,16683,33200,Jan-2018,Own
26.77,30000,44682,386405,Feb-2018,Mortgage
5.32,20000,29582,365500,Jan-2018,Own
12.62,10000,13952,30999,Feb-2018,Own
13.59,7000,120958,146798,Feb-2018,Rent
19.03,23000,38644,73978,Jan-2018,Rent
24.84,20000,16562,27643,Feb-2018,Rent
17.47,35000,107113,125664,Mar-2018,Rent
9.43,10000,38767,73576,Mar-2018,Rent
7.35,10000,125272,149674,Jan-2018,Own
10.41,15000,18620,34800,Mar-2018,Rent
11.99,6000,115133,496716,Jan-2018,Mortgage
16.01,6000,9647,46200,Mar-2018,Rent
12.62,13650,55195,472489,Jan-2018,Mortgage
9.43,20000,73780,478157,Mar-2018,Mortgage
6.08,10000,3165,213400,Jan-2018,Own
10.91,35725,110667,369729,Jan-2018,Mortgage
7.97,3000,84932,92557,Jan-2018,Mortgage
13.59,12000,137231,146629,Jan-2018,Rent
16.02,10000,4597,98950,Feb-2018,Mortgage
7.34,12000,24340,84427,Mar-2018,Rent
14.07,4600,50101,121610,Mar-2018,Rent
9.44,13000,34328,106233,Feb-2018,Rent
12.61,10000,35883,43974,Mar-2018,Own
7.97,5700,41367,154926,Feb-2018,Mortgage
10.42,10000,4852,19217,Feb-2018,Own
7.97,15000,21465,64167,Jan-2018,Rent
21.45,5600,4191,9400,Feb-2018,Rent
17.09,11000,25375,40214,Jan-2018,Rent
10.42,25000,23545,148080,Feb-2018,Mortgage
6.71,25000,78134,249437,Mar-2018,Mortgage
9.92,5000,40634,52095,Feb-2018,Rent
7.34,7000,3872,161511,Mar-2018,Mortgage
21.85,35000,82330,117034,Mar-2018,Mortgage
5.32,12000,32898,65900,Jan-2018,Rent
9.43,40000,38079,72447,Mar-2018,Rent
7.34,20000,32279,801603,Mar-2018,Mortgage
26.3,3500,8835,25377,Jan-2018,Own
12.61,2500,48325,217915,Feb-2018,Mortgage
11.98,15000,89939,588731,Mar-2018,Mortgage
9.43,10000,5903,18400,Mar-2018,Rent
10.42,12000,105752,210400,Jan-2018,Mortgage
10.9,14000,80598,302450,Mar-2018,Mortgage
10.9,10500,93782,471400,Mar-2018,Mortgage
6.72,10000,11563,37269,Feb-2018,Rent
7.96,10200,8399,14000,Feb-2018,Rent
13.58,10000,13506,26400,Feb-2018,Own
7.34,15000,29632,494249,Mar-2018,Mortgage
15.04,25200,68745,72548,Mar-2018,Rent
6.08,5000,31849,374459,Jan-2018,Mortgage
7.96,12000,14531,403241,Mar-2018,Mortgage
6.07,4000,11315,86250,Mar-2018,Mortgage
10.9,36000,230948,307227,Mar-2018,Mortgage
6.72,6000,63412,403551,Feb-2018,Mortgage
11.99,1200,42177,58150,Jan-2018,Own
15.04,10000,14708,401114,Mar-2018,Mortgage
16.01,17950,34545,143817,Feb-2018,Mortgage
7.34,14000,148960,337338,Mar-2018,Mortgage
7.35,11000,30383,70318,Jan-2018,Mortgage
5.31,40000,72095,250671,Mar-2018,Mortgage
13.59,25000,34783,38362,Jan-2018,Rent
9.43,1800,58794,204775,Mar-2018,Mortgage
7.97,7200,52779,220515,Jan-2018,Mortgage
6.07,8000,19154,45375,Mar-2018,Rent
11.99,14000,124052,142940,Feb-2018,Rent
14.08,21000,33748,231172,Jan-2018,Rent
15.04,10000,5163,13561,Mar-2018,Rent
7.35,20000,45877,64090,Jan-2018,Rent
9.43,30000,70005,352465,Mar-2018,Mortgage
11.98,18000,73112,498195,Mar-2018,Mortgage
5.32,28000,555,320111,Jan-2018,Own
18.06,35000,48251,110867,Feb-2018,Rent
11.98,12000,43659,239445,Mar-2018,Mortgage
10.9,18000,26729,43100,Mar-2018,Rent
21.45,30000,43168,49000,Jan-2018,Rent
11.98,14000,8146,25500,Mar-2018,Rent
6.07,36000,51379,464400,Mar-2018,Mortgage
6.72,5500,40021,82137,Feb-2018,Mortgage
10.41,16000,63446,358026,Mar-2018,Rent
7.35,40000,70271,121870,Jan-2018,Mortgage
10.9,10000,46368,61196,Mar-2018,Rent
19.03,14000,62430,231645,Feb-2018,Mortgage
6.71,19000,47324,668215,Feb-2018,Mortgage
11.99,12000,31058,138000,Feb-2018,Mortgage
10.42,7000,8801,22700,Jan-2018,Rent
17.47,20000,46618,72033,Mar-2018,Rent
9.93,10000,113863,168650,Jan-2018,Rent
15.05,10500,25873,43900,Jan-2018,Rent
10.9,15000,19998,220561,Feb-2018,Mortgage
13.59,18000,19989,322850,Jan-2018,Mortgage
19.03,13600,283750,306048,Jan-2018,Rent
19.42,20000,68952,277641,Mar-2018,Mortgage
19.03,3000,30333,29480,Jan-2018,Rent
14.08,4100,10834,285897,Feb-2018,Mortgage
6.08,7300,137832,199858,Feb-2018,Mortgage
5.31,20000,50384,212326,Mar-2018,Mortgage
13.59,20000,17154,122679,Jan-2018,Mortgage
16.02,28000,28604,35783,Feb-2018,Rent
14.08,35000,34835,59912,Feb-2018,Rent
6.07,10000,50073,234096,Mar-2018,Mortgage
11.98,5000,20039,51720,Mar-2018,Rent
13.59,35000,27795,50596,Jan-2018,Rent
10.41,16000,55785,85463,Mar-2018,Rent
20,30000,37653,63882,Feb-2018,Rent
7.97,4400,53054,70650,Jan-2018,Rent
9.44,10000,762,3000,Feb-2018,Own
14.08,8500,11292,128705,Jan-2018,Mortgage
21.45,20000,34582,82405,Feb-2018,Rent
9.93,9000,28229,48456,Jan-2018,Own
12.61,24000,106048,256398,Mar-2018,Mortgage
5.32,10000,118084,155780,Feb-2018,Own
7.96,10000,22294,35423,Mar-2018,Rent
5.32,9500,30545,89486,Jan-2018,Rent
7.35,8000,23494,389787,Jan-2018,Mortgage
16.02,10000,0,300,Feb-2018,Rent
5.32,15000,86450,409420,Feb-2018,Mortgage
6.72,23000,43024,415809,Feb-2018,Mortgage
26.3,12000,101390,118674,Feb-2018,Rent
12.62,10000,30965,169141,Feb-2018,Mortgage
19.42,35000,111920,147793,Mar-2018,Mortgage
11.98,10000,61062,71509,Mar-2018,Rent
10.42,6500,13511,34260,Jan-2018,Own
7.97,10000,60814,73297,Jan-2018,Rent
9.43,40000,12099,253159,Mar-2018,Mortgage
16.02,16000,3873,14300,Jan-2018,Own
10.42,4000,72169,140555,Jan-2018,Rent
9.43,5000,19714,204460,Feb-2018,Mortgage
14.08,20000,66721,273109,Feb-2018,Own
20,3500,4195,10600,Jan-2018,Mortgage
20,15000,27040,57023,Jan-2018,Rent
10.41,15000,35594,50496,Mar-2018,Mortgage
18.45,11400,64089,80161,Mar-2018,Rent
12.62,24000,19162,286984,Jan-2018,Mortgage
10.42,20000,36122,49390,Jan-2018,Own
5.31,40000,33648,836703,Mar-2018,Mortgage
11.99,15000,52053,90300,Jan-2018,Mortgage
10.9,8475,35704,158370,Mar-2018,Mortgage
17.09,30000,27125,39300,Mar-2018,Own
5.32,7000,9578,75190,Jan-2018,Rent
22.9,25000,39803,378054,Mar-2018,Own
10.42,10000,35343,69611,Jan-2018,Rent
10.42,16000,31772,66156,Feb-2018,Rent
6.07,15000,61777,340916,Mar-2018,Mortgage
14.07,40000,62293,503804,Mar-2018,Mortgage
10.9,40000,64915,96917,Mar-2018,Rent
10.91,10000,14177,183924,Jan-2018,Own
17.47,3000,19721,30107,Mar-2018,Rent
12.62,2500,38401,160491,Jan-2018,Mortgage
7.96,20000,112814,283458,Feb-2018,Mortgage
7.97,10000,17247,29600,Jan-2018,Rent
13.58,16000,80480,89859,Mar-2018,Rent
26.77,20000,69397,266678,Feb-2018,Own
9.43,6000,52996,179748,Mar-2018,Mortgage
23.88,25000,125128,414693,Jan-2018,Rent
11.99,9600,16124,36992,Feb-2018,Rent
6.07,24000,33756,278923,Feb-2018,Mortgage
14.08,25000,186238,659143,Jan-2018,Mortgage
14.07,5000,80336,70812,Mar-2018,Rent
15.04,20000,40663,267138,Mar-2018,Mortgage
7.34,20000,39071,114219,Mar-2018,Own
9.43,26400,54997,297982,Feb-2018,Mortgage
9.92,10000,425808,406487,Mar-2018,Rent
19.03,25000,63763,72880,Feb-2018,Rent
15.04,10000,104747,413093,Mar-2018,Rent
13.59,1600,6147,12946,Jan-2018,Rent
11.99,15000,82806,536093,Feb-2018,Mortgage
21.85,10000,38315,222223,Mar-2018,Mortgage
10.91,10000,38804,86839,Feb-2018,Own
9.43,20000,4239,50000,Mar-2018,Rent
5.31,14000,23906,286461,Mar-2018,Mortgage
5.31,7000,8765,45000,Mar-2018,Rent
5.32,4000,4428,20400,Feb-2018,Rent
7.97,10000,68622,106508,Jan-2018,Rent
6.72,20000,72660,339685,Feb-2018,Mortgage
15.05,20000,56436,612460,Feb-2018,Mortgage
7.96,2500,2517,29100,Feb-2018,Mortgage
18.06,5500,43202,64220,Jan-2018,Mortgage
13.59,12000,3508,11634,Jan-2018,Rent
17.09,6500,12690,24800,Feb-2018,Mortgage
11.98,2500,4941,6800,Mar-2018,Rent
11.99,5000,8327,317794,Feb-2018,Mortgage
20,8000,60036,83637,Jan-2018,Rent
7.35,18000,22940,350682,Feb-2018,Mortgage
10.41,1000,9849,22860,Mar-2018,Rent
10.42,10800,48798,266912,Feb-2018,Mortgage
7.34,40000,30547,37400,Mar-2018,Own
7.34,12500,27229,83577,Mar-2018,Rent
16.01,6000,39366,424501,Mar-2018,Mortgage
15.05,12000,18109,29325,Jan-2018,Rent
14.08,12000,41286,60620,Feb-2018,Rent
9.92,15000,29549,70146,Mar-2018,Own
15.04,8000,40615,45420,Mar-2018,Rent
9.44,6000,17326,33481,Jan-2018,Mortgage
13.59,12000,92012,604097,Jan-2018,Mortgage
6.72,12000,25925,84553,Feb-2018,Own
13.59,20000,21660,42300,Feb-2018,Mortgage
30.79,25000,99071,429542,Jan-2018,Mortgage
9.93,24000,48174,234333,Jan-2018,Mortgage
15.05,25000,52011,229391,Jan-2018,Mortgage
7.96,4800,27587,122100,Mar-2018,Mortgage
7.34,9600,66072,112473,Mar-2018,Rent
10.42,22000,57468,331921,Jan-2018,Mortgage
14.08,10000,28758,43794,Feb-2018,Rent
11.98,5000,54465,74544,Mar-2018,Rent
7.35,3000,54415,75250,Feb-2018,Rent
13.58,10000,35100,200320,Mar-2018,Mortgage
13.58,40000,5860,172009,Mar-2018,Mortgage
16.02,19500,105514,171280,Jan-2018,Rent
7.35,8500,46535,77937,Jan-2018,Rent
17.09,10000,9815,17011,Jan-2018,Rent
15.05,6500,29858,228393,Jan-2018,Mortgage
18.45,24450,24310,35375,Mar-2018,Rent
19.42,15000,98124,139750,Mar-2018,Rent
10.42,24000,148791,591587,Jan-2018,Mortgage
14.08,11000,15043,30887,Feb-2018,Mortgage
12.61,40000,67930,149600,Mar-2018,Rent
19.03,14000,22526,132090,Feb-2018,Own
19.03,17000,25834,53244,Jan-2018,Rent
7.34,5000,23016,40240,Mar-2018,Rent
13.59,7200,25237,42183,Feb-2018,Own
9.44,7000,14997,26832,Jan-2018,Rent
9.92,20700,104390,284532,Feb-2018,Mortgage
26.77,20700,27411,69394,Mar-2018,Rent
10.41,9000,47045,94107,Mar-2018,Own
19.03,10000,93495,413060,Feb-2018,Mortgage
9.92,35000,24491,298154,Mar-2018,Rent
11.99,10000,43490,72740,Feb-2018,Rent
17.09,4500,30762,110786,Jan-2018,Mortgage
11.98,5000,8067,19800,Mar-2018,Rent
17.09,15000,53932,67194,Feb-2018,Rent
10.41,12000,26503,226500,Mar-2018,Mortgage
18.06,16800,46532,79907,Jan-2018,Rent
6.72,6000,45108,80300,Feb-2018,Rent
9.43,10000,26544,346000,Mar-2018,Mortgage
21.45,4800,13911,17100,Jan-2018,Rent
10.41,15000,102432,452139,Mar-2018,Mortgage
11.99,12000,52656,264374,Feb-2018,Mortgage
5.32,5800,35578,60175,Feb-2018,Mortgage
9.44,40000,17608,327054,Jan-2018,Mortgage
10.9,24000,22281,341794,Mar-2018,Mortgage
9.44,36000,360136,871950,Feb-2018,Mortgage
9.92,15000,35081,273281,Mar-2018,Mortgage
7.35,15000,3332,176400,Jan-2018,Mortgage
11.98,30000,39279,134351,Mar-2018,Mortgage
7.96,10000,25641,70250,Mar-2018,Rent
19.03,1000,11897,19100,Jan-2018,Rent
10.91,1800,61326,73041,Jan-2018,Rent
12.61,9600,17478,266600,Mar-2018,Mortgage
10.41,35000,51766,613801,Mar-2018,Mortgage
13.58,28000,26872,240971,Mar-2018,Mortgage
9.92,5600,19823,35017,Mar-2018,Rent
6.08,6000,81937,146750,Feb-2018,Rent
13.59,10000,59547,80031,Feb-2018,Rent
10.41,30000,34795,92469,Mar-2018,Rent
21.85,22300,23493,28345,Mar-2018,Rent
9.44,10000,11026,173343,Jan-2018,Mortgage
7.97,35000,203490,603664,Feb-2018,Mortgage
12.61,16800,62355,83665,Mar-2018,Mortgage
7.34,10000,112220,160672,Mar-2018,Rent
14.07,10000,39992,70100,Mar-2018,Own
16.01,16000,48432,186959,Mar-2018,Own
6.07,22000,31909,266869,Mar-2018,Mortgage
10.42,24000,154494,247849,Mar-2018,Rent
6.71,13000,61169,268620,Mar-2018,Mortgage
7.35,13000,19580,97800,Jan-2018,Own
9.93,6500,3928,9000,Jan-2018,Mortgage
12.61,4000,17860,23677,Mar-2018,Rent
14.08,9000,35141,185160,Jan-2018,Mortgage
9.44,40000,29768,52000,Feb-2018,Rent
5.31,3300,123026,438185,Mar-2018,Mortgage
12.61,6025,25301,291081,Mar-2018,Mortgage
7.34,8000,3412,27300,Mar-2018,Rent
6.07,5000,30592,232654,Mar-2018,Mortgage
10.41,24000,16497,29158,Mar-2018,Rent
19.42,10000,7358,20800,Mar-2018,Own
6.08,5000,12897,263415,Jan-2018,Mortgage
20,18000,11004,27634,Jan-2018,Rent
5.32,15000,77297,143813,Feb-2018,Rent
13.58,20000,9382,13200,Mar-2018,Rent
11.98,9000,32326,68406,Mar-2018,Rent
14.07,20000,50295,62568,Mar-2018,Rent
15.05,40000,47743,73486,Feb-2018,Mortgage
13.58,25000,18962,32775,Mar-2018,Rent
10.42,27825,274530,767442,Jan-2018,Mortgage
10.42,24000,106187,270861,Feb-2018,Mortgage
5.32,40000,33506,80153,Jan-2018,Own
6.72,35000,98339,1627460,Jan-2018,Own
7.97,40000,256631,644236,Feb-2018,Mortgage
12.61,10000,93001,119006,Mar-2018,Rent
9.92,40000,17375,49800,Mar-2018,Rent
7.96,6000,116649,124383,Mar-2018,Rent
13.59,15000,177400,613296,Jan-2018,Mortgage
14.08,8500,39817,56793,Jan-2018,Own
23.88,13200,109716,124667,Feb-2018,Rent
7.34,5000,34603,113791,Mar-2018,Rent
21.45,3200,47000,63614,Jan-2018,Rent
9.44,14400,21017,67600,Jan-2018,Rent
12.62,5000,22479,30658,Jan-2018,Rent
15.05,30000,58817,109400,Feb-2018,Mortgage
13.58,6000,49818,79789,Mar-2018,Rent
10.41,15000,97445,308171,Mar-2018,Mortgage
9.93,18000,184723,678900,Jan-2018,Mortgage
7.97,4000,14778,35900,Jan-2018,Rent
17.09,28000,54050,302657,Feb-2018,Mortgage
13.59,10000,14280,29361,Jan-2018,Rent
14.07,8500,51934,98490,Mar-2018,Mortgage
7.96,12000,16322,66834,Mar-2018,Rent
21.45,20000,88514,176015,Feb-2018,Mortgage
9.43,20000,52036,119076,Mar-2018,Rent
9.44,30750,9757,40253,Feb-2018,Mortgage
16.01,8400,36113,132823,Mar-2018,Rent
7.97,9000,25522,82825,Feb-2018,Mortgage
23.88,30000,36336,289690,Jan-2018,Mortgage
19.42,35000,98811,166863,Feb-2018,Rent
10.41,16000,65878,85852,Mar-2018,Rent
19.03,11200,49713,66791,Jan-2018,Own
17.47,22000,22291,35300,Mar-2018,Rent
10.91,9000,21696,33462,Jan-2018,Rent
11.99,5000,98193,110504,Feb-2018,Rent
10.91,8000,19140,31060,Feb-2018,Mortgage
9.93,5000,54328,107306,Jan-2018,Rent
14.07,7000,7988,21200,Mar-2018,Own
7.34,12000,106480,473648,Mar-2018,Mortgage
7.97,13500,40075,93921,Jan-2018,Rent
9.92,5500,131423,156567,Feb-2018,Rent
13.59,10775,5618,11600,Jan-2018,Mortgage
11.98,5000,52279,183108,Mar-2018,Mortgage
21.45,20000,64861,294456,Mar-2018,Mortgage
19.03,16000,28509,137420,Feb-2018,Mortgage
7.96,21000,98720,693147,Mar-2018,Mortgage
19.03,15000,42023,204040,Feb-2018,Mortgage
16.01,20000,8070,23900,Feb-2018,Rent
12.62,28000,7077,38918,Feb-2018,Mortgage
5.31,20000,25406,335800,Feb-2018,Mortgage
18.45,24000,840,12100,Mar-2018,Mortgage
11.99,35525,94966,499967,Feb-2018,Mortgage
15.04,5000,22536,38314,Mar-2018,Rent
12.62,17000,17760,18300,Jan-2018,Mortgage
6.08,6400,17405,353047,Jan-2018,Mortgage
5.32,17000,27301,239065,Feb-2018,Mortgage
20,26400,51751,74507,Feb-2018,Mortgage
9.92,24000,14658,371900,Mar-2018,Mortgage
17.47,10000,8549,10944,Feb-2018,Rent
21.45,8000,4503,204035,Feb-2018,Own
13.58,5000,27905,72746,Mar-2018,Rent
21.45,23000,74069,501277,Jan-2018,Mortgage
16.01,12000,37596,55403,Mar-2018,Rent
15.04,35000,14274,182935,Mar-2018,Mortgage
20,3000,19444,26598,Jan-2018,Rent
14.07,7800,80655,273857,Mar-2018,Mortgage
10.9,20000,18247,28006,Mar-2018,Rent
17.09,19200,41063,66677,Jan-2018,Rent
7.34,40000,9802,370330,Mar-2018,Mortgage
7.96,16000,61626,97512,Mar-2018,Rent
6.07,10000,7719,109225,Mar-2018,Mortgage
6.08,9600,72399,189602,Jan-2018,Mortgage
10.9,17000,63281,196332,Mar-2018,Mortgage
10.42,22400,13627,388161,Feb-2018,Mortgage
13.58,20000,42003,213658,Mar-2018,Mortgage
16.02,10000,8642,128200,Jan-2018,Mortgage
7.97,10000,33426,327638,Jan-2018,Mortgage
11.99,4800,36125,77544,Jan-2018,Mortgage
17.09,16000,24754,193843,Jan-2018,Mortgage
6.08,35000,2701,575100,Jan-2018,Mortgage
9.44,2500,38870,310361,Jan-2018,Own
5.32,15000,44827,224952,Jan-2018,Own
9.93,15000,5241,21200,Jan-2018,Rent
15.05,20000,85788,115633,Jan-2018,Rent
14.07,10000,20436,178533,Feb-2018,Mortgage
10.42,7500,60547,65675,Jan-2018,Rent
12.62,10000,40864,56162,Jan-2018,Mortgage
14.07,9000,28527,140089,Mar-2018,Mortgage
14.07,25000,55616,377197,Mar-2018,Mortgage
6.08,4000,24355,164354,Jan-2018,Mortgage
9.44,5000,5947,14087,Feb-2018,Rent
19.42,24000,50943,251494,Mar-2018,Own
20,15000,18458,47490,Jan-2018,Rent
14.07,10000,40254,138612,Mar-2018,Mortgage
9.93,14000,19638,282107,Feb-2018,Mortgage
16.01,10000,15475,101910,Feb-2018,Mortgage
16.01,16000,21517,42900,Feb-2018,Rent
15.05,10000,72587,100176,Jan-2018,Own
13.58,4150,69105,281867,Mar-2018,Mortgage
10.42,10000,13867,29600,Feb-2018,Mortgage
12.62,35000,17016,100550,Jan-2018,Mortgage
12.62,5000,40800,66750,Jan-2018,Mortgage
6.08,11000,85226,125899,Jan-2018,Rent
18.06,21200,59212,104508,Feb-2018,Mortgage
10.42,2000,25602,60220,Feb-2018,Rent
10.9,36000,154329,462123,Mar-2018,Mortgage
7.96,20000,118766,140184,Feb-2018,Own
9.93,16000,31220,54954,Feb-2018,Rent
9.93,10000,9868,75800,Jan-2018,Mortgage
15.05,5000,88002,418155,Jan-2018,Mortgage
9.43,10400,46003,87065,Mar-2018,Rent
10.9,35000,783821,471818,Feb-2018,Mortgage
10.42,40000,37640,294874,Jan-2018,Mortgage
7.97,35000,50294,188713,Jan-2018,Own
5.31,40000,60970,136272,Mar-2018,Rent
7.35,3000,21592,47150,Jan-2018,Own
5.31,4800,7932,33200,Mar-2018,Rent
16.02,35000,15257,62600,Jan-2018,Rent
6.72,19000,27703,390564,Jan-2018,Own
17.47,18000,3650,6000,Mar-2018,Rent
9.43,4200,19900,127100,Mar-2018,Mortgage
15.04,10000,26618,44370,Mar-2018,Rent
7.96,15000,160115,885268,Feb-2018,Mortgage
19.03,10000,60643,182565,Feb-2018,Mortgage
5.32,22000,13831,230800,Feb-2018,Mortgage
13.58,40000,70439,304690,Mar-2018,Mortgage
10.9,6000,42977,88189,Mar-2018,Own
11.99,15000,6796,16500,Feb-2018,Rent
7.96,3600,54344,357363,Mar-2018,Own
15.04,9000,7079,121323,Feb-2018,Own
7.34,12000,48958,277002,Mar-2018,Own
9.43,13000,9351,59600,Mar-2018,Rent
9.92,6000,27670,81966,Mar-2018,Rent
7.34,5000,47552,71992,Mar-2018,Rent
20,17250,118810,176000,Jan-2018,Rent
24.85,20000,65436,82779,Jan-2018,Rent
14.07,15000,86236,136941,Mar-2018,Rent
10.91,15000,64417,933372,Feb-2018,Mortgage
10.41,13000,14545,22600,Mar-2018,Rent
12.62,16000,47753,177310,Jan-2018,Mortgage
10.42,13200,9446,116823,Jan-2018,Own
6.71,3000,23401,142065,Mar-2018,Mortgage
7.97,17000,35382,55243,Jan-2018,Own
7.97,10000,27133,44560,Jan-2018,Mortgage
13.58,14400,23255,139482,Feb-2018,Mortgage
5.32,7500,6487,22300,Feb-2018,Rent
15.04,6000,22502,38980,Feb-2018,Rent
9.43,26250,27995,187432,Mar-2018,Mortgage
14.08,8400,17580,35267,Jan-2018,Rent
9.44,1500,27431,41168,Jan-2018,Own
18.06,15000,401,6000,Jan-2018,Own
26.3,16000,245678,210444,Feb-2018,Rent
7.34,4200,3108,226430,Mar-2018,Own
5.32,30000,22238,120900,Jan-2018,Rent
19.03,19200,34972,43922,Jan-2018,Rent
15.05,12000,3816,35700,Jan-2018,Own
10.91,3600,9181,37900,Feb-2018,Mortgage
6.72,7000,22532,164754,Feb-2018,Mortgage
12.61,25000,61443,309498,Feb-2018,Mortgage
16.02,6000,38331,60068,Feb-2018,Rent
12.62,12000,68389,83094,Jan-2018,Rent
10.9,20000,19621,183482,Mar-2018,Own
16.02,12000,12785,123170,Jan-2018,Mortgage
9.44,10000,13557,20400,Feb-2018,Rent
21.45,12000,28078,64918,Jan-2018,Rent
9.43,10000,10631,216700,Mar-2018,Mortgage
19.42,10000,11520,168817,Feb-2018,Rent
5.32,20000,109072,251116,Jan-2018,Mortgage
10.91,25000,30060,90400,Jan-2018,Rent
6.72,17075,61513,376991,Feb-2018,Mortgage
7.35,7000,7718,36000,Feb-2018,Rent
10.91,1500,46376,93146,Jan-2018,Mortgage
28.72,15000,15632,20594,Jan-2018,Rent
13.59,24000,92062,267899,Mar-2018,Mortgage
10.42,3400,10315,215613,Jan-2018,Mortgage
5.31,21000,32772,104660,Feb-2018,Rent
14.08,14000,19788,34011,Feb-2018,Mortgage
6.08,15000,101700,156145,Jan-2018,Rent
9.44,25000,54494,106202,Feb-2018,Rent
9.44,20000,40609,81361,Jan-2018,Rent
13.59,15000,86113,329268,Jan-2018,Mortgage
12.61,16000,16721,31900,Mar-2018,Mortgage
10.42,25000,116928,447975,Feb-2018,Mortgage
23.88,1500,62852,72262,Jan-2018,Mortgage
12.61,5000,36833,83342,Mar-2018,Rent
15.05,5000,93334,347839,Jan-2018,Mortgage
10.91,8000,12340,220250,Feb-2018,Mortgage
6.71,10000,12364,263514,Mar-2018,Mortgage
15.05,35000,24907,36867,Jan-2018,Own
12.62,12000,145690,234900,Jan-2018,Own
7.97,10000,12904,166800,Feb-2018,Own
15.04,30000,74590,127412,Mar-2018,Rent
22.9,29700,120076,334792,Feb-2018,Mortgage
11.98,10000,36994,92976,Mar-2018,Own
16.02,28000,111878,140526,Jan-2018,Rent
7.34,1800,16362,143128,Feb-2018,Mortgage
11.99,38000,31307,60641,Feb-2018,Rent
20.39,15000,21532,43067,Mar-2018,Mortgage
7.34,20000,38092,437479,Mar-2018,Mortgage
6.08,10000,46636,61817,Jan-2018,Rent
13.58,25000,144904,269361,Mar-2018,Mortgage
6.08,4800,5693,73900,Feb-2018,Rent
14.08,10000,19871,74300,Jan-2018,Rent
10.9,20000,71118,407749,Mar-2018,Own
18.06,10000,16457,33226,Feb-2018,Rent
12.61,25000,9895,35038,Mar-2018,Rent
13.59,40000,138629,521576,Jan-2018,Mortgage
7.97,1000,11198,112800,Feb-2018,Mortgage
12.61,16000,269691,411035,Feb-2018,Mortgage
7.96,14000,47364,198208,Mar-2018,Mortgage
17.47,27575,64868,129604,Mar-2018,Own
6.07,3600,43263,272037,Mar-2018,Mortgage
12.62,35000,40212,497558,Feb-2018,Mortgage
9.92,5000,2812,8800,Mar-2018,Rent
11.99,15000,28967,334394,Jan-2018,Mortgage
7.34,1200,80403,94550,Mar-2018,Rent
16.01,30000,58854,106797,Mar-2018,Rent
15.05,24000,85017,76038,Feb-2018,Rent
16.01,16000,17982,119871,Mar-2018,Mortgage
9.44,14000,63493,403029,Feb-2018,Mortgage
9.92,15000,14408,41000,Mar-2018,Rent
13.59,20000,15312,30900,Feb-2018,Mortgage
15.04,14000,4821,12100,Mar-2018,Mortgage
20.39,11000,46009,236326,Mar-2018,Mortgage
6.08,16000,215482,313389,Jan-2018,Own
19.42,7000,12932,32248,Mar-2018,Own
19.42,16000,53064,54600,Feb-2018,Rent
9.44,21600,96237,565862,Jan-2018,Mortgage
14.07,14000,47412,165012,Feb-2018,Mortgage
9.44,35000,24685,45949,Jan-2018,Mortgage
9.92,4000,18593,46507,Mar-2018,Rent
7.34,7500,41381,216800,Mar-2018,Own
6.08,16000,154158,794851,Feb-2018,Mortgage
9.92,15000,46530,105305,Mar-2018,Mortgage
14.08,20000,82681,292304,Jan-2018,Mortgage
18.06,24000,78335,677824,Feb-2018,Mortgage
19.03,8000,68125,466512,Jan-2018,Mortgage
19.03,10000,18056,21000,Feb-2018,Rent
9.93,7000,70588,116484,Jan-2018,Mortgage
11.99,36000,105867,109895,Jan-2018,Rent
7.34,25000,12047,473367,Mar-2018,Mortgage
7.35,18000,24494,215738,Feb-2018,Own
12.61,6500,14748,106528,Mar-2018,Mortgage
10.91,5000,15894,44186,Feb-2018,Rent
21.45,20000,27221,243283,Jan-2018,Mortgage
9.44,24000,18695,25994,Jan-2018,Rent
12.62,35000,65271,256444,Feb-2018,Mortgage
13.58,3500,59692,47823,Mar-2018,Own
16.02,9600,123108,300914,Feb-2018,Mortgage
21.45,5000,214476,226837,Jan-2018,Mortgage
6.71,10000,34276,342682,Mar-2018,Mortgage
14.08,20000,64243,117584,Jan-2018,Rent
12.61,24000,12934,148800,Mar-2018,Mortgage
6.08,3500,85445,153376,Feb-2018,Own
9.92,13500,187057,223736,Mar-2018,Rent
5.31,40000,69394,555414,Mar-2018,Own
20.39,15000,87317,103759,Mar-2018,Rent
13.59,4000,7767,126800,Feb-2018,Mortgage
9.93,40000,59745,128979,Mar-2018,Mortgage
20,31000,93657,362695,Jan-2018,Mortgage
14.07,7500,2238,8100,Mar-2018,Rent
11.99,7200,19064,27954,Jan-2018,Rent
14.08,16000,204932,389217,Feb-2018,Mortgage
21.45,5000,33776,59644,Feb-2018,Own
9.44,25000,54978,272679,Jan-2018,Mortgage
18.45,30000,54130,288582,Mar-2018,Mortgage
10.9,3200,24815,45325,Mar-2018,Rent
11.99,6000,33045,232476,Jan-2018,Rent
6.71,40000,51408,209279,Mar-2018,Mortgage
6.72,11000,25087,37796,Jan-2018,Rent
6.08,40000,22747,544500,Jan-2018,Mortgage
24.84,12000,14955,234257,Mar-2018,Mortgage
21.45,23625,15406,36949,Jan-2018,Rent
17.47,14000,18209,42247,Mar-2018,Own
6.72,40000,69439,1940258,Jan-2018,Rent
14.07,8125,16847,200880,Feb-2018,Mortgage
16.02,11000,118885,296178,Jan-2018,Mortgage
12.62,35000,11150,17420,Feb-2018,Own
13.58,18000,11150,22500,Mar-2018,Rent
5.31,16100,43458,138126,Feb-2018,Rent
12.62,5000,22100,36231,Jan-2018,Mortgage
13.58,10000,122541,132676,Mar-2018,Own
15.05,8000,26911,39653,Jan-2018,Rent
9.92,25050,99634,127762,Mar-2018,Rent
9.44,25000,59263,285190,Feb-2018,Mortgage
15.05,5000,26617,83513,Jan-2018,Mortgage
12.62,20000,20504,31100,Jan-2018,Rent
9.44,12800,4761,294946,Jan-2018,Mortgage
15.05,18000,9295,32545,Feb-2018,Rent
7.35,24000,16168,434000,Feb-2018,Mortgage
11.99,25000,55837,257483,Feb-2018,Mortgage
10.9,5000,17557,40080,Mar-2018,Rent
9.43,20375,150580,375959,Mar-2018,Mortgage
10.42,11000,15695,27200,Feb-2018,Mortgage
12.62,25000,41347,191318,Jan-2018,Mortgage
12.61,9000,14718,45200,Mar-2018,Mortgage
14.08,24000,40935,198398,Jan-2018,Mortgage
15.05,19000,145719,189700,Jan-2018,Rent
9.93,8000,7804,11100,Jan-2018,Own
9.92,15000,65415,222385,Mar-2018,Mortgage
9.44,7000,83167,104932,Feb-2018,Rent
18.06,8000,11929,11704,Feb-2018,Rent
10.91,5500,42833,82103,Feb-2018,Mortgage
21.85,17000,94482,152164,Feb-2018,Rent
25.82,15000,42709,58100,Feb-2018,Rent
9.92,12000,83755,465849,Mar-2018,Mortgage
20,24000,14910,19522,Jan-2018,Rent
7.97,20000,76366,301204,Jan-2018,Mortgage
14.08,35000,23962,35408,Jan-2018,Rent
12.62,24000,67013,215166,Jan-2018,Mortgage
10.42,15500,40181,63951,Feb-2018,Rent
18.45,18000,1225,5700,Mar-2018,Rent
13.59,4000,6134,18600,Jan-2018,Rent
6.08,15000,12013,40300,Feb-2018,Rent
21.45,25000,83699,124874,Feb-2018,Mortgage
10.42,8000,6238,14700,Feb-2018,Rent
10.91,5000,17446,220796,Jan-2018,Mortgage
16.02,12000,66610,370500,Feb-2018,Own
17.09,4000,1848,13609,Jan-2018,Rent
9.44,2000,164726,405942,Jan-2018,Mortgage
16.02,16000,21229,29696,Jan-2018,Rent
13.58,4000,26213,47067,Mar-2018,Rent
7.35,4200,4364,27598,Feb-2018,Rent
9.43,20000,50573,124700,Mar-2018,Mortgage
11.98,40000,224693,2006500,Mar-2018,Mortgage
11.98,10000,75964,96017,Mar-2018,Rent
10.91,7500,11709,31500,Feb-2018,Mortgage
13.59,3625,58125,55300,Jan-2018,Rent
10.9,18375,55951,508904,Mar-2018,Mortgage
18.45,30000,39821,492521,Mar-2018,Mortgage
13.59,10000,18920,194922,Jan-2018,Mortgage
18.06,3500,89537,97070,Feb-2018,Rent
6.72,40000,51476,91800,Feb-2018,Rent
10.42,20000,30937,211896,Jan-2018,Mortgage
10.42,8000,31198,63968,Jan-2018,Rent
7.97,5000,17888,171088,Feb-2018,Mortgage
19.42,8000,36833,65871,Mar-2018,Rent
6.08,25000,76885,281111,Jan-2018,Mortgage
5.31,12000,104744,202701,Mar-2018,Mortgage
13.59,34800,134052,406670,Feb-2018,Mortgage
10.91,20000,63284,79599,Jan-2018,Rent
12.61,22000,45687,271726,Mar-2018,Mortgage
13.59,16800,34968,147059,Jan-2018,Mortgage
18.06,35000,28858,231470,Jan-2018,Own
10.9,40000,47825,1370840,Mar-2018,Mortgage
20,12000,22878,41539,Feb-2018,Rent
7.34,15000,17578,124134,Mar-2018,Mortgage
5.31,22000,15747,114550,Mar-2018,Mortgage
16.01,16000,87244,115703,Mar-2018,Rent
16.01,6025,3989,15530,Mar-2018,Rent
11.99,30000,69424,273052,Jan-2018,Mortgage
9.44,20000,27415,66269,Feb-2018,Own
16.01,10000,32584,60231,Mar-2018,Own
10.41,5000,35745,167786,Mar-2018,Mortgage
24.85,24875,51682,77024,Jan-2018,Rent
9.92,3900,17350,22500,Mar-2018,Rent
10.91,6400,41358,52123,Feb-2018,Rent
6.71,16000,16048,351350,Mar-2018,Mortgage
6.08,12000,189488,265449,Feb-2018,Mortgage
6.72,10000,55423,346058,Feb-2018,Own
10.42,7000,31842,49021,Feb-2018,Rent
7.35,25000,120128,457555,Feb-2018,Mortgage
17.47,4000,104325,87000,Feb-2018,Rent
11.99,40000,34245,123245,Jan-2018,Mortgage
15.05,25000,54828,60911,Feb-2018,Mortgage
20.39,26600,97648,109888,Mar-2018,Mortgage
9.44,17000,67618,96393,Jan-2018,Own
5.31,15000,4459,327900,Mar-2018,Mortgage
12.61,5000,32264,41296,Mar-2018,Rent
7.34,25000,38026,308178,Mar-2018,Mortgage
25.82,12475,51941,83695,Jan-2018,Rent
18.06,15000,18296,32142,Jan-2018,Rent
9.43,1600,26292,156327,Mar-2018,Mortgage
6.07,40000,117782,327869,Mar-2018,Own
20,40000,87934,375828,Jan-2018,Mortgage
7.34,40000,69123,386990,Feb-2018,Mortgage
10.42,10000,110034,88090,Feb-2018,Rent
11.99,40000,50295,398885,Jan-2018,Mortgage
7.96,10000,13725,263996,Mar-2018,Mortgage
7.34,10000,12481,43850,Mar-2018,Mortgage
20,14000,14287,15800,Feb-2018,Rent
18.45,5175,11282,20200,Mar-2018,Own
9.92,8800,113065,103621,Mar-2018,Own
12.61,24000,52181,243275,Mar-2018,Mortgage
11.99,15000,128099,136412,Jan-2018,Mortgage
13.58,12800,94411,98629,Mar-2018,Rent
13.58,4900,45516,141109,Mar-2018,Mortgage
9.44,4000,21004,43048,Feb-2018,Rent
7.96,40000,41835,258500,Mar-2018,Own
26.77,12000,21613,225937,Mar-2018,Mortgage
9.92,6000,9193,24605,Mar-2018,Rent
14.07,26400,36705,203900,Mar-2018,Mortgage
6.07,10000,143876,519227,Mar-2018,Mortgage
16.01,3000,29513,42538,Mar-2018,Rent
13.58,12500,37363,71326,Mar-2018,Rent
10.9,39425,79695,261246,Mar-2018,Mortgage
13.58,8500,40113,106328,Feb-2018,Mortgage
20,15000,7705,267513,Jan-2018,Mortgage
10.41,3000,12175,18950,Mar-2018,Mortgage
6.72,8000,26727,91106,Jan-2018,Mortgage
18.06,18000,69112,108689,Jan-2018,Rent
9.93,8000,44272,463313,Jan-2018,Mortgage
9.93,6000,136552,115998,Feb-2018,Own
12.62,5000,19599,26411,Jan-2018,Own
13.58,10000,23934,61800,Mar-2018,Own
15.05,25000,36434,44877,Feb-2018,Rent
9.93,22000,22084,49114,Jan-2018,Rent
12.61,16800,99509,558733,Mar-2018,Mortgage
10.42,40000,94213,621658,Feb-2018,Mortgage
17.09,10000,22558,33232,Feb-2018,Rent
7.97,9000,49077,69248,Feb-2018,Rent
18.06,5000,14455,33081,Feb-2018,Rent
12.61,23100,16543,272880,Mar-2018,Mortgage
6.07,38450,45855,175247,Feb-2018,Mortgage
9.93,40000,115292,374821,Feb-2018,Mortgage
5.31,21000,25836,55600,Mar-2018,Own
15.04,15000,20213,43213,Mar-2018,Own
13.59,12000,68303,359484,Jan-2018,Mortgage
10.91,35000,28402,76700,Jan-2018,Rent
7.96,18700,89042,198006,Mar-2018,Own
21.45,8000,48604,80053,Jan-2018,Mortgage
16.01,5000,1407,88128,Mar-2018,Mortgage
16.02,1000,14425,21680,Jan-2018,Rent
12.62,20000,320142,302193,Feb-2018,Rent
15.04,20000,98224,117091,Mar-2018,Rent
13.58,30000,51987,88993,Mar-2018,Rent
6.71,5500,17335,85900,Mar-2018,Own
9.93,14000,44532,71684,Jan-2018,Rent
15.05,11000,9981,153683,Feb-2018,Own
9.43,4200,14700,217773,Mar-2018,Mortgage
11.99,30000,68333,88960,Mar-2018,Own
9.93,10000,83737,124408,Jan-2018,Rent
11.98,11900,49179,76659,Mar-2018,Mortgage
17.09,15000,26028,38489,Feb-2018,Own
9.44,5000,55041,205145,Jan-2018,Mortgage
9.93,15000,61801,110439,Feb-2018,Own
20,26750,107012,122566,Feb-2018,Rent
5.31,6000,22667,136002,Feb-2018,Mortgage
12.62,10000,41867,59731,Jan-2018,Own
23.88,17100,15566,41914,Jan-2018,Own
7.34,3500,68689,102811,Mar-2018,Own
7.34,5000,8198,26930,Mar-2018,Rent
7.96,6750,105006,298232,Mar-2018,Mortgage
9.43,16000,148,448300,Mar-2018,Own
15.04,35000,43027,270258,Mar-2018,Mortgage
11.99,15000,27358,75955,Feb-2018,Rent
13.58,20000,9240,10952,Mar-2018,Rent
25.82,20000,37449,209410,Feb-2018,Mortgage
5.32,15000,201624,746363,Feb-2018,Own
10.91,15000,22508,50275,Jan-2018,Mortgage
6.71,21000,39608,59562,Mar-2018,Rent
12.61,3000,47019,154201,Mar-2018,Mortgage
16.01,27000,94554,194209,Mar-2018,Mortgage
21.45,15000,84389,187776,Jan-2018,Mortgage
14.07,14400,176106,184552,Mar-2018,Rent
7.34,20000,26965,424400,Feb-2018,Mortgage
18.45,3000,23521,33557,Mar-2018,Rent
22.91,2700,1769,196305,Jan-2018,Mortgage
19.42,25000,51811,250955,Mar-2018,Mortgage
7.35,25000,79242,550400,Jan-2018,Mortgage
9.44,40000,38545,230200,Jan-2018,Own
7.97,7000,20858,45554,Jan-2018,Rent
17.47,16000,20608,201092,Mar-2018,Rent
16.02,3000,429919,630813,Feb-2018,Mortgage
20.39,8500,30251,88231,Mar-2018,Rent
7.96,1800,41199,42232,Mar-2018,Rent
18.45,20000,44543,232567,Mar-2018,Mortgage
7.34,25000,44550,468482,Mar-2018,Mortgage
10.9,22000,32894,95131,Feb-2018,Rent
12.62,35000,51669,327474,Feb-2018,Mortgage
24.84,30000,61809,243409,Mar-2018,Own
21.85,30000,138250,169328,Mar-2018,Mortgage
6.72,10000,19987,471843,Feb-2018,Mortgage
10.42,28000,78656,361604,Jan-2018,Mortgage
6.71,6500,40812,269963,Mar-2018,Mortgage
11.98,25000,2157,10700,Mar-2018,Rent
16.02,4000,11024,14630,Jan-2018,Rent
12.61,8500,8815,46625,Mar-2018,Rent
11.99,38500,36814,54120,Jan-2018,Rent
19.42,29900,428154,582556,Mar-2018,Own
15.05,24000,46999,74800,Jan-2018,Own
26.3,20000,16270,27900,Feb-2018,Own
17.09,15000,14708,22800,Feb-2018,Rent
16.02,30000,90792,420539,Jan-2018,Mortgage
7.35,20000,114822,157133,Jan-2018,Mortgage
6.07,40000,105477,591192,Mar-2018,Mortgage
6.72,15000,41799,289741,Feb-2018,Mortgage
18.45,6000,53628,223462,Mar-2018,Mortgage
20,5000,86162,126347,Jan-2018,Own
12.62,36000,79704,160068,Feb-2018,Mortgage
9.93,15000,16246,138002,Feb-2018,Mortgage
9.43,7000,9205,14800,Mar-2018,Own
9.43,12000,28997,58396,Mar-2018,Rent
7.34,11000,83591,269250,Feb-2018,Rent
12.61,16000,12744,28800,Mar-2018,Rent
7.97,16800,46079,457283,Feb-2018,Mortgage
17.47,4800,15758,24438,Mar-2018,Rent
14.08,22000,42222,412400,Jan-2018,Own
19.42,4600,705,114672,Mar-2018,Mortgage
6.72,18000,16747,376430,Jan-2018,Mortgage
11.99,12000,67494,304578,Jan-2018,Mortgage
19.42,15000,60736,509031,Mar-2018,Mortgage
28.72,30000,92796,287314,Feb-2018,Mortgage
19.42,16000,198889,315880,Mar-2018,Own
12.61,30000,172107,184750,Mar-2018,Mortgage
9.44,24000,40957,191277,Jan-2018,Mortgage
13.58,10800,51650,269852,Mar-2018,Mortgage
21.85,19000,20255,45143,Mar-2018,Rent
12.62,28350,53781,84487,Jan-2018,Rent
14.07,2000,5638,9900,Mar-2018,Rent
6.72,22000,22556,329200,Feb-2018,Mortgage
14.08,7000,57448,84709,Jan-2018,Rent
9.43,10000,3755,206914,Mar-2018,Mortgage
16.01,5000,18261,49800,Mar-2018,Mortgage
10.41,4000,13222,23400,Mar-2018,Mortgage
13.59,19325,172642,639438,Jan-2018,Mortgage
11.99,12000,37520,713320,Feb-2018,Own
10.42,2000,51598,224708,Jan-2018,Mortgage
18.06,12800,41485,79900,Jan-2018,Own
6.71,7000,18170,210025,Mar-2018,Mortgage
13.59,8000,24873,42196,Feb-2018,Rent
21.45,25000,25494,116024,Mar-2018,Mortgage
15.05,8000,112789,175947,Feb-2018,Own
7.35,40000,116611,341211,Jan-2018,Mortgage
17.47,20000,58273,78016,Mar-2018,Own
6.07,10975,42529,109200,Mar-2018,Rent
21.45,7800,143938,336293,Jan-2018,Mortgage
26.3,20000,27781,41000,Feb-2018,Mortgage
7.97,10000,5002,394523,Feb-2018,Mortgage
16.02,10000,21608,53751,Jan-2018,Rent
14.08,7500,19574,104869,Jan-2018,Own
11.99,10000,3619,18000,Feb-2018,Own
17.09,15700,69894,78117,Jan-2018,Mortgage
17.09,25600,2812,14200,Feb-2018,Rent
26.3,24600,49869,70872,Feb-2018,Rent
6.07,8300,21316,207777,Mar-2018,Rent
7.96,18000,140301,220941,Feb-2018,Rent
17.09,7500,44274,70006,Jan-2018,Rent
6.07,20400,6316,54175,Mar-2018,Rent
13.58,12000,117095,243357,Mar-2018,Mortgage
5.31,9000,231440,1479694,Mar-2018,Own
10.91,40000,33495,56772,Jan-2018,Mortgage
6.07,25000,80475,538973,Mar-2018,Mortgage
11.98,3000,24302,47442,Mar-2018,Rent
9.44,40000,32997,303352,Feb-2018,Mortgage
15.05,12000,84646,104755,Jan-2018,Rent
7.34,40000,119846,311435,Mar-2018,Mortgage
10.41,6000,47512,81208,Mar-2018,Mortgage
13.58,28000,25730,302976,Mar-2018,Mortgage
9.43,14000,8133,11900,Feb-2018,Rent
11.98,26400,21547,157020,Mar-2018,Mortgage
15.04,25000,30432,49125,Mar-2018,Own
12.62,30000,107267,692921,Jan-2018,Mortgage
7.96,12000,59173,362632,Mar-2018,Mortgage
15.05,9800,33907,42810,Feb-2018,Rent
7.97,15000,17751,35542,Feb-2018,Rent
9.43,3025,17474,232600,Mar-2018,Mortgage
11.99,2500,6600,18900,Feb-2018,Own
6.08,36000,19323,340923,Jan-2018,Own
11.99,24000,19585,50737,Jan-2018,Own
18.45,24000,98658,130406,Mar-2018,Rent
11.98,5000,9323,19129,Mar-2018,Own
21.85,9600,39285,45504,Feb-2018,Rent
10.42,4800,32991,60286,Feb-2018,Rent
17.09,20000,80579,463535,Feb-2018,Mortgage
9.92,3000,11141,27567,Mar-2018,Rent
10.42,29000,21147,38110,Jan-2018,Rent
9.93,3000,20372,57830,Feb-2018,Mortgage
12.62,2700,45207,45543,Jan-2018,Mortgage
13.59,16000,16180,28300,Jan-2018,Rent
11.99,13000,104859,250755,Jan-2018,Mortgage
11.99,14400,72845,553300,Jan-2018,Mortgage
16.02,8000,66249,122065,Jan-2018,Rent
6.72,25000,49947,147207,Feb-2018,Rent
18.06,28000,51356,95024,Feb-2018,Own
9.43,3000,22071,34580,Feb-2018,Rent
25.82,24000,18739,28025,Jan-2018,Rent
6.71,24000,65285,663710,Mar-2018,Mortgage
5.32,20000,31810,276435,Jan-2018,Mortgage
7.97,7000,6829,26400,Jan-2018,Own
9.44,12000,17124,378092,Jan-2018,Own
12.62,11200,159569,143769,Feb-2018,Own
7.34,38400,57154,198408,Feb-2018,Mortgage
10.42,18000,6009,16400,Jan-2018,Mortgage
14.07,2000,3759,22676,Mar-2018,Rent
13.58,13000,39615,146318,Mar-2018,Mortgage
9.44,8000,9041,17100,Feb-2018,Own
14.08,17000,45180,78604,Feb-2018,Rent
16.01,40000,35687,64474,Mar-2018,Mortgage
22.9,1000,303,1500,Mar-2018,Rent
17.09,6800,28922,48191,Feb-2018,Rent
16.01,35000,75067,101841,Feb-2018,Rent
10.91,24000,100850,110801,Mar-2018,Mortgage
16.01,15000,88424,103351,Feb-2018,Rent
6.72,5000,54539,430540,Jan-2018,Mortgage
15.04,25000,53481,74623,Mar-2018,Rent
14.08,25000,54449,126492,Jan-2018,Rent
17.09,15400,57989,329516,Feb-2018,Mortgage
9.44,40000,18588,43145,Jan-2018,Rent
14.07,10000,13334,193672,Mar-2018,Own
16.02,20250,50957,76695,Jan-2018,Rent
5.31,12000,35679,356854,Mar-2018,Mortgage
6.72,7200,121966,465105,Feb-2018,Mortgage
5.32,10000,14909,177639,Jan-2018,Mortgage
9.93,15000,22009,43452,Jan-2018,Rent
9.93,10000,71163,312983,Jan-2018,Mortgage
13.59,11000,48364,252659,Feb-2018,Mortgage
10.9,3000,1900,18300,Feb-2018,Mortgage
13.59,25000,191053,614521,Jan-2018,Mortgage
6.72,7000,35904,40900,Feb-2018,Rent
10.42,6050,50552,540881,Jan-2018,Mortgage
14.07,10000,39642,59336,Mar-2018,Rent
16.02,30000,181815,239534,Feb-2018,Rent
15.05,4000,56057,103715,Jan-2018,Rent
18.45,5500,81236,126908,Mar-2018,Rent
13.59,6975,36417,379695,Feb-2018,Mortgage
16.01,10000,57774,288872,Mar-2018,Rent
15.04,20000,39880,71300,Mar-2018,Rent
19.03,15000,74908,112075,Jan-2018,Rent
7.35,40000,920,282100,Feb-2018,Mortgage
9.43,10000,15108,235777,Mar-2018,Mortgage
7.97,13500,69578,132802,Jan-2018,Rent
20.39,10000,32763,88768,Mar-2018,Mortgage
10.42,40000,5893,37200,Jan-2018,Rent
7.97,20000,51843,168959,Jan-2018,Rent
7.34,10000,23562,190201,Feb-2018,Mortgage
11.98,15000,75221,110574,Mar-2018,Rent
12.62,8000,27398,65191,Feb-2018,Own
15.05,7000,50217,62823,Feb-2018,Mortgage
10.91,9000,41012,41072,Jan-2018,Rent
11.99,22000,102118,129448,Feb-2018,Mortgage
9.44,15500,38711,106434,Jan-2018,Rent
9.92,9500,16875,36245,Mar-2018,Rent
19.42,10000,39727,89740,Mar-2018,Rent
12.62,10000,54112,599200,Feb-2018,Own
14.07,4000,28351,40762,Feb-2018,Rent
14.08,24300,474448,743110,Feb-2018,Mortgage
12.61,35000,55870,101441,Mar-2018,Own
9.93,10000,161097,146978,Feb-2018,Own
26.3,30000,89167,254266,Feb-2018,Mortgage
13.59,12000,4444,267000,Feb-2018,Mortgage
9.93,17000,33941,510786,Feb-2018,Mortgage
5.31,10000,28755,409925,Mar-2018,Mortgage
6.71,10000,14992,34800,Mar-2018,Rent
14.08,5800,84695,310802,Feb-2018,Mortgage
9.92,35000,8865,50256,Mar-2018,Mortgage
9.44,13500,56939,280020,Jan-2018,Own
9.93,20000,20834,178720,Jan-2018,Own
10.42,7000,83100,104390,Jan-2018,Rent
14.08,12000,81345,372250,Feb-2018,Mortgage
7.35,17275,44538,251634,Jan-2018,Mortgage
17.09,35000,4077,43200,Feb-2018,Rent
19.03,3000,11777,136430,Jan-2018,Mortgage
19.42,10000,12228,17100,Mar-2018,Rent
9.93,40000,85401,446497,Jan-2018,Mortgage
10.42,2000,65759,64768,Jan-2018,Rent
13.59,33600,51161,89842,Jan-2018,Mortgage
7.35,3000,39857,95580,Jan-2018,Rent
16.01,8000,74180,90469,Mar-2018,Rent
11.99,8000,68588,71212,Feb-2018,Rent
7.34,3500,26277,91116,Mar-2018,Rent
15.05,15000,1004,10300,Feb-2018,Own
14.08,15000,15622,26900,Jan-2018,Own
7.35,22000,9694,270348,Jan-2018,Mortgage
11.98,13000,32066,67546,Mar-2018,Rent
11.98,25000,85260,295165,Feb-2018,Mortgage
7.35,22000,61884,461857,Jan-2018,Mortgage
12.62,15000,60795,75784,Feb-2018,Mortgage
14.07,20000,13045,23798,Feb-2018,Rent
17.47,24000,105306,102204,Mar-2018,Rent
6.07,12000,36464,238600,Mar-2018,Mortgage
19.03,16000,140472,195921,Jan-2018,Mortgage
9.43,16000,154365,319536,Mar-2018,Mortgage
13.59,6000,7685,113051,Jan-2018,Mortgage
7.96,10000,26335,61983,Mar-2018,Rent
12.62,20000,82020,296471,Feb-2018,Mortgage
7.96,13500,20795,288456,Mar-2018,Mortgage
15.04,6000,9283,32100,Mar-2018,Rent
11.98,18550,17932,330704,Mar-2018,Mortgage
23.88,16000,17040,108527,Jan-2018,Mortgage
18.06,20000,78671,91357,Jan-2018,Own
21.45,30000,23214,49234,Jan-2018,Mortgage
10.9,31700,39416,512932,Mar-2018,Mortgage
14.08,11200,87011,121217,Feb-2018,Rent
16.02,12000,30738,67127,Jan-2018,Rent
7.35,17000,44606,399441,Feb-2018,Rent
6.08,11000,33322,70893,Feb-2018,Rent
20,9000,64065,78620,Jan-2018,Rent
9.43,19000,53631,68100,Mar-2018,Rent
17.47,8000,66175,261138,Mar-2018,Mortgage
9.43,26500,34799,124881,Feb-2018,Mortgage
26.77,25000,21473,34635,Mar-2018,Rent
7.97,14000,23599,88742,Jan-2018,Mortgage
15.05,5000,16403,98978,Jan-2018,Mortgage
15.04,2100,1961,2000,Mar-2018,Own
11.99,10000,41962,111092,Feb-2018,Mortgage
9.93,33600,92579,635668,Feb-2018,Mortgage
6.72,14400,12302,253475,Jan-2018,Mortgage
9.44,10000,3335,38843,Feb-2018,Mortgage
6.08,5000,3130,477400,Jan-2018,Own
19.03,3000,10080,31980,Jan-2018,Rent
14.07,4800,3969,4000,Mar-2018,Rent
10.91,22400,49559,322372,Jan-2018,Mortgage
15.04,35000,87856,394124,Mar-2018,Mortgage
7.97,10000,27511,54355,Jan-2018,Rent
14.08,9600,35991,48347,Jan-2018,Rent
10.91,14000,50350,255145,Feb-2018,Mortgage
10.91,6000,37337,51494,Jan-2018,Own
9.43,6000,23780,318666,Mar-2018,Mortgage
9.92,12000,17588,237699,Mar-2018,Mortgage
10.91,4200,2191,19700,Feb-2018,Rent
21.45,25000,77541,105538,Feb-2018,Rent
13.59,16000,60778,84059,Feb-2018,Rent
6.71,5000,39664,55472,Mar-2018,Rent
6.71,36000,53209,80384,Mar-2018,Rent
9.93,16000,19872,46151,Jan-2018,Own
9.92,22400,37664,237326,Mar-2018,Mortgage
11.98,13000,32051,98567,Mar-2018,Mortgage
21.45,15000,2244,7800,Jan-2018,Own
9.93,40000,71578,583646,Feb-2018,Mortgage
10.42,17000,121612,153155,Jan-2018,Rent
29.69,35000,46441,89163,Jan-2018,Mortgage
6.08,10000,17532,36114,Feb-2018,Rent
18.06,16000,22663,33304,Feb-2018,Rent
9.92,20000,38735,366949,Mar-2018,Mortgage
10.91,15000,13532,35500,Feb-2018,Rent
10.91,12600,37647,50432,Jan-2018,Rent
15.04,10000,8130,11500,Mar-2018,Rent
7.96,1200,65781,78587,Mar-2018,Mortgage
5.31,13000,16750,415244,Mar-2018,Rent
19.42,24000,16893,334672,Mar-2018,Mortgage
10.42,16000,56673,125219,Feb-2018,Own
13.59,6000,38274,131838,Jan-2018,Own
15.05,14450,18181,47800,Feb-2018,Own
13.58,1600,40344,78351,Mar-2018,Own
9.43,40000,3679,154200,Feb-2018,Mortgage
5.32,8000,24553,314197,Jan-2018,Mortgage
9.93,5000,36148,404718,Jan-2018,Rent
11.98,31000,120639,279086,Mar-2018,Mortgage
17.47,12000,24084,45100,Mar-2018,Rent
12.62,17000,103463,171469,Jan-2018,Rent
10.42,18000,36987,195996,Jan-2018,Mortgage
9.43,25000,52880,282918,Feb-2018,Mortgage
10.9,25000,26807,79573,Mar-2018,Rent
16.02,20000,62194,280228,Jan-2018,Mortgage
7.97,12000,27110,62500,Jan-2018,Rent
7.35,24000,6471,328100,Jan-2018,Mortgage
15.05,30000,35405,55990,Jan-2018,Rent
11.99,25000,48074,221171,Feb-2018,Mortgage
10.41,40000,55245,185920,Mar-2018,Mortgage
9.93,10000,54562,76644,Jan-2018,Rent
7.35,16000,20049,42736,Jan-2018,Rent
7.34,25000,266484,330075,Mar-2018,Mortgage
7.96,36000,64572,465500,Mar-2018,Mortgage
13.58,9600,28879,47764,Feb-2018,Rent
6.07,6000,9348,107195,Mar-2018,Mortgage
14.07,20000,16184,19428,Mar-2018,Rent
6.07,15000,23517,60644,Mar-2018,Rent
9.93,15000,23428,66983,Jan-2018,Rent
12.61,7000,43850,454216,Mar-2018,Mortgage
5.32,6000,9684,59800,Feb-2018,Rent
21.85,5000,18087,31928,Mar-2018,Rent
16.01,8000,29780,36257,Feb-2018,Mortgage
15.04,16000,22654,164418,Mar-2018,Mortgage
5.31,5000,13774,321090,Feb-2018,Mortgage
7.97,40000,239349,389440,Feb-2018,Mortgage
12.62,25000,122434,190575,Jan-2018,Rent
15.04,10000,23135,39372,Mar-2018,Rent
21.85,3000,31660,42861,Feb-2018,Rent
9.43,28000,31210,224044,Mar-2018,Mortgage
9.44,10000,37184,115494,Jan-2018,Mortgage
6.07,7000,23786,201385,Mar-2018,Mortgage
7.96,14975,177340,349206,Mar-2018,Mortgage
20,10000,33573,59592,Jan-2018,Own
10.42,2200,26495,27740,Feb-2018,Mortgage
19.42,30000,47255,100257,Mar-2018,Mortgage
7.35,38400,25199,50200,Jan-2018,Own
11.98,40000,11577,58900,Mar-2018,Own
13.58,40000,52121,82195,Mar-2018,Mortgage
20.39,12800,34397,41068,Mar-2018,Own
9.43,7000,27561,446978,Mar-2018,Mortgage
7.35,20000,76915,128601,Jan-2018,Mortgage
15.04,20175,200445,249425,Mar-2018,Rent
12.62,25000,28388,624647,Feb-2018,Mortgage
5.32,35000,4466,22000,Feb-2018,Rent
9.92,5000,13498,23861,Mar-2018,Rent
6.07,3000,36858,95897,Feb-2018,Rent
20,20000,15595,106700,Feb-2018,Own
10.41,35000,75734,120003,Mar-2018,Rent
6.07,35000,34602,86257,Mar-2018,Rent
11.99,4000,105910,304295,Jan-2018,Mortgage
7.96,12000,57993,85595,Mar-2018,Mortgage
10.91,12000,81494,221666,Feb-2018,Mortgage
15.05,15000,51177,70301,Jan-2018,Rent
10.42,10000,51576,68250,Jan-2018,Rent
7.97,24000,39721,96700,Feb-2018,Rent
10.41,20000,11645,22500,Mar-2018,Rent
9.93,3000,8411,25822,Mar-2018,Rent
9.93,15000,135909,675349,Jan-2018,Mortgage
7.35,10000,25625,49800,Feb-2018,Rent
18.06,2200,34717,52549,Jan-2018,Rent
6.08,18000,24883,85680,Jan-2018,Rent
6.07,25000,48159,268142,Mar-2018,Mortgage
6.71,30000,32863,1340838,Mar-2018,Mortgage
9.92,12000,15145,22196,Feb-2018,Own
14.08,5000,20480,45344,Jan-2018,Own
10.42,2400,11648,30632,Jan-2018,Rent
18.06,8000,61633,121994,Jan-2018,Rent
26.3,9550,81210,509012,Feb-2018,Mortgage
15.05,3000,1773,6400,Jan-2018,Rent
15.05,40000,100347,305764,Jan-2018,Mortgage
10.91,8000,54356,104727,Jan-2018,Rent
7.97,35000,108121,147546,Jan-2018,Own
7.96,35000,33223,68000,Feb-2018,Rent
7.97,9000,73262,382481,Feb-2018,Mortgage
5.32,22000,63236,119028,Jan-2018,Rent
14.08,26000,78496,298666,Feb-2018,Mortgage
7.97,4000,95551,277732,Feb-2018,Mortgage
21.85,1000,93168,105634,Mar-2018,Rent
13.59,25000,41134,366281,Jan-2018,Mortgage
9.92,20000,80911,99673,Mar-2018,Rent
18.45,14000,88797,170053,Mar-2018,Own
20,35000,64911,251028,Feb-2018,Mortgage
5.32,10000,30103,62121,Jan-2018,Rent
13.59,5000,10214,13692,Feb-2018,Rent
6.72,25000,28042,48290,Jan-2018,Mortgage
15.05,10000,48597,157699,Mar-2018,Mortgage
10.42,21000,58898,75066,Jan-2018,Rent
7.97,12000,12621,51200,Jan-2018,Rent
7.34,40000,38325,620049,Mar-2018,Mortgage
15.05,5000,2528,4686,Feb-2018,Rent
19.03,6000,22199,260443,Jan-2018,Mortgage
20.39,3600,37585,43220,Feb-2018,Rent
9.92,24000,150791,158029,Mar-2018,Rent
16.02,30000,80873,127377,Feb-2018,Own
16.01,30000,44812,318174,Mar-2018,Mortgage
24.85,30000,92556,208305,Jan-2018,Mortgage
24.84,30000,69262,326916,Mar-2018,Mortgage
13.59,15000,258766,264979,Feb-2018,Rent
13.58,20000,66229,261601,Mar-2018,Mortgage
6.08,10000,15404,334116,Jan-2018,Mortgage
7.35,11000,19240,70041,Jan-2018,Rent
7.35,40000,102590,556666,Jan-2018,Mortgage
13.58,3500,12775,24616,Mar-2018,Rent
9.44,10000,16486,24788,Jan-2018,Rent
17.09,14400,52121,93370,Feb-2018,Own
12.62,10000,107066,176059,Feb-2018,Own
12.61,16000,10946,94599,Mar-2018,Mortgage
7.34,14400,21770,46574,Mar-2018,Rent
19.03,10000,6577,19000,Jan-2018,Rent
6.71,14500,138983,495268,Mar-2018,Mortgage
6.08,10000,5090,156400,Feb-2018,Mortgage
10.42,15000,11424,17500,Feb-2018,Own
9.92,21000,70848,291342,Mar-2018,Mortgage
19.42,5000,2740,4490,Mar-2018,Rent
14.07,40000,161570,460753,Mar-2018,Rent
7.35,40000,270137,1025803,Feb-2018,Mortgage
18.45,8500,109777,469223,Mar-2018,Mortgage
6.08,20000,78141,408405,Jan-2018,Mortgage
12.62,13000,334296,428105,Jan-2018,Rent
15.04,5400,16463,30364,Mar-2018,Rent
7.35,12000,61899,484431,Jan-2018,Mortgage
6.07,22000,58767,332387,Mar-2018,Mortgage
6.72,3600,43612,218011,Jan-2018,Mortgage
5.32,8000,17975,29909,Jan-2018,Own
26.3,24000,44488,53205,Jan-2018,Rent
7.35,35000,71835,629894,Feb-2018,Mortgage
10.9,16000,75878,96524,Mar-2018,Rent
9.93,24000,90958,533283,Jan-2018,Mortgage
15.05,3000,36988,214394,Jan-2018,Mortgage
6.07,20000,163265,186713,Feb-2018,Mortgage
5.32,20000,68552,255391,Jan-2018,Mortgage
18.06,10000,39544,354600,Feb-2018,Mortgage
26.3,22100,21382,41434,Feb-2018,Mortgage
14.07,15000,18243,28500,Mar-2018,Own
19.03,40000,185399,401380,Jan-2018,Mortgage
15.05,18000,7027,10200,Feb-2018,Rent
6.72,1200,16146,66906,Feb-2018,Rent
14.08,35000,75855,360295,Jan-2018,Mortgage
11.99,6000,4169,137309,Jan-2018,Mortgage
5.31,10000,11730,116318,Mar-2018,Mortgage
23.87,20000,30255,44991,Feb-2018,Rent
9.43,20000,100280,150027,Mar-2018,Own
6.72,25000,31210,144500,Feb-2018,Mortgage
19.03,35000,122638,152375,Jan-2018,Rent
11.99,6000,118963,451795,Jan-2018,Mortgage
21.45,20000,43629,81769,Jan-2018,Rent
6.08,16000,74578,612328,Feb-2018,Mortgage
11.98,35000,158933,464098,Feb-2018,Own
9.43,10000,22523,26663,Mar-2018,Mortgage
5.32,40000,19662,184317,Feb-2018,Mortgage
10.9,3000,17475,45917,Mar-2018,Rent
7.34,1800,24861,252212,Mar-2018,Mortgage
10.9,6000,5223,20500,Mar-2018,Mortgage
6.72,9000,27333,45390,Jan-2018,Rent
10.42,19600,50844,361341,Feb-2018,Mortgage
10.9,3000,15189,45429,Mar-2018,Rent
17.47,36000,9266,429300,Mar-2018,Own
16.01,7200,34712,44050,Mar-2018,Rent
11.99,5000,5010,14203,Feb-2018,Rent
26.3,12000,18720,28125,Jan-2018,Mortgage
9.44,18000,46394,381462,Jan-2018,Own
10.42,30000,123409,494797,Jan-2018,Mortgage
11.98,22000,22223,72500,Mar-2018,Rent
7.96,8000,26526,58670,Mar-2018,Mortgage
11.98,7000,12253,29100,Mar-2018,Rent
5.32,25000,31365,292179,Jan-2018,Mortgage
6.72,35000,30703,295000,Jan-2018,Mortgage
9.44,13500,14676,234000,Feb-2018,Own
6.07,20000,29352,260208,Mar-2018,Mortgage
21.45,5000,40961,45715,Feb-2018,Rent
12.62,30000,25341,227200,Jan-2018,Mortgage
13.58,16000,31706,68420,Mar-2018,Rent
25.82,10500,17236,39238,Jan-2018,Own
5.31,3350,1272,164860,Mar-2018,Mortgage
15.04,40000,20814,301100,Feb-2018,Mortgage
6.08,10000,29607,58075,Feb-2018,Rent
10.42,40000,65372,351511,Feb-2018,Mortgage
6.72,18000,21306,172887,Jan-2018,Own
16.02,25000,70132,83866,Feb-2018,Mortgage
22.9,24000,194651,166687,Mar-2018,Rent
15.04,15000,8175,332152,Mar-2018,Mortgage
10.41,10000,2937,10900,Mar-2018,Rent
9.93,1000,20686,165773,Jan-2018,Mortgage
15.05,27000,22895,338301,Jan-2018,Mortgage
16.02,16000,18959,254999,Jan-2018,Mortgage
26.77,25000,117472,167640,Mar-2018,Rent
12.62,10000,10885,154182,Jan-2018,Mortgage
13.58,33400,27036,199900,Mar-2018,Mortgage
9.44,36000,64416,157999,Jan-2018,Own
10.42,11500,8408,9700,Feb-2018,Rent
10.9,15000,74053,798310,Mar-2018,Mortgage
11.99,5000,40457,47742,Feb-2018,Rent
9.44,20000,6440,22534,Jan-2018,Rent
9.93,6000,51564,196101,Feb-2018,Mortgage
14.08,21600,59004,116628,Jan-2018,Mortgage
11.98,10000,30191,40059,Mar-2018,Rent
11.99,40000,77049,82700,Jan-2018,Own
16.02,8400,39688,266188,Feb-2018,Mortgage
9.43,28000,65550,340085,Mar-2018,Own
5.31,18000,72205,446549,Feb-2018,Mortgage
9.93,10000,66770,376069,Feb-2018,Mortgage
15.05,25000,60258,126100,Jan-2018,Own
9.43,7000,29161,218517,Mar-2018,Mortgage
16.02,7500,130650,325986,Feb-2018,Mortgage
15.04,21000,49224,312589,Mar-2018,Mortgage
9.93,2600,17531,59575,Jan-2018,Rent
14.08,8000,110441,308813,Feb-2018,Mortgage
7.35,22000,107464,189856,Feb-2018,Mortgage
5.32,9000,20031,275062,Feb-2018,Mortgage
20,17650,76873,330527,Feb-2018,Mortgage
10.42,1800,0,8900,Jan-2018,Rent
6.08,8000,45350,310953,Jan-2018,Mortgage
5.32,10000,18672,149089,Jan-2018,Rent
9.92,10000,30270,142335,Mar-2018,Mortgage
14.07,25000,48950,167816,Mar-2018,Mortgage
9.93,40000,133484,171455,Jan-2018,Own
6.72,30000,32543,212100,Jan-2018,Mortgage
15.04,15000,95619,109317,Mar-2018,Rent
9.44,9800,123747,200526,Feb-2018,Rent
10.91,21000,80576,455806,Feb-2018,Mortgage
9.93,25000,48400,75645,Jan-2018,Rent
13.59,5000,41618,143341,Jan-2018,Mortgage
7.96,3000,26262,133138,Mar-2018,Mortgage
16.01,11200,126367,291570,Mar-2018,Mortgage
10.42,7000,65268,90190,Jan-2018,Rent
9.92,21000,47080,484591,Mar-2018,Mortgage
9.93,29600,33323,330391,Feb-2018,Mortgage
17.09,10000,63686,99433,Feb-2018,Rent
7.35,6000,25262,50233,Feb-2018,Mortgage
16.02,20000,43568,63049,Jan-2018,Rent
13.59,10000,62979,115525,Feb-2018,Mortgage
15.05,16000,32747,595953,Feb-2018,Rent
17.09,20000,34312,49774,Feb-2018,Mortgage
7.97,20000,32922,335803,Feb-2018,Mortgage
6.71,10000,33378,50081,Mar-2018,Rent
15.04,17600,15908,201244,Mar-2018,Mortgage
15.05,38400,38003,424177,Feb-2018,Mortgage
30.75,20000,81274,108799,Mar-2018,Rent
19.03,2500,20645,21800,Feb-2018,Rent
10.9,35000,68846,298041,Feb-2018,Mortgage
13.59,8000,13794,43052,Jan-2018,Rent
9.92,28000,138545,607189,Mar-2018,Mortgage
9.93,25000,38122,286712,Jan-2018,Mortgage
11.99,12000,34072,128500,Jan-2018,Mortgage
9.44,36000,60208,384198,Feb-2018,Rent
12.61,10800,36087,44545,Feb-2018,Rent
7.97,20000,87470,249401,Feb-2018,Mortgage
10.9,12800,43698,212046,Mar-2018,Mortgage
11.99,8725,5473,13000,Feb-2018,Mortgage
10.42,20000,15083,387140,Feb-2018,Mortgage
18.45,5400,28134,40521,Mar-2018,Rent
12.61,12800,164563,274856,Feb-2018,Mortgage
7.96,24000,93227,133455,Mar-2018,Rent
6.71,1700,31360,56458,Mar-2018,Own
17.47,25000,33457,65600,Mar-2018,Own
9.93,40000,27130,110895,Jan-2018,Mortgage
13.58,4000,6643,9300,Mar-2018,Rent
6.71,25000,56323,161205,Mar-2018,Mortgage
19.03,10000,59443,81092,Jan-2018,Mortgage
19.42,32400,110615,148383,Mar-2018,Rent
5.32,21000,27368,247678,Jan-2018,Mortgage
26.3,12000,854,12000,Feb-2018,Rent
11.98,16000,61065,470538,Mar-2018,Own
9.93,3000,5878,124114,Jan-2018,Mortgage
5.32,25000,71321,717200,Feb-2018,Mortgage
11.99,10000,12782,88000,Feb-2018,Mortgage
11.99,19350,21705,112112,Jan-2018,Mortgage
21.45,22425,248537,821171,Feb-2018,Mortgage
12.61,5600,101218,123173,Mar-2018,Own
7.96,10000,34406,58442,Mar-2018,Rent
11.98,12000,59680,243414,Feb-2018,Rent
9.44,20000,27031,311720,Jan-2018,Mortgage
6.71,40000,1695,33000,Feb-2018,Own
9.44,40000,104889,673427,Feb-2018,Mortgage
9.93,36000,23871,48731,Feb-2018,Rent
5.32,30000,58718,157600,Feb-2018,Own
9.93,32000,282334,728319,Feb-2018,Mortgage
5.32,5150,5575,37500,Jan-2018,Rent
13.59,35000,49714,334220,Jan-2018,Mortgage
15.05,10000,10234,14200,Jan-2018,Own
6.72,10200,56174,364724,Jan-2018,Mortgage
9.92,3500,3522,19200,Mar-2018,Own
7.35,20000,38457,88357,Jan-2018,Rent
12.62,40000,2095,62750,Jan-2018,Rent
7.96,15000,12339,30189,Mar-2018,Own
12.61,8000,26164,179787,Mar-2018,Mortgage
10.42,21000,69090,90484,Jan-2018,Rent
24.85,25000,172428,182187,Jan-2018,Rent
21.45,25000,49871,76830,Jan-2018,Own
16.02,28000,22854,38411,Feb-2018,Rent
5.32,7500,90306,567024,Jan-2018,Mortgage
15.05,35000,95669,347850,Feb-2018,Mortgage
16.01,10000,108349,240269,Feb-2018,Mortgage
17.47,10000,106270,88344,Mar-2018,Own
7.96,10000,41801,90654,Mar-2018,Rent
13.58,35000,24132,40981,Feb-2018,Rent
6.72,25000,9484,72542,Jan-2018,Rent
6.07,1800,46677,218904,Mar-2018,Mortgage
6.08,8000,18094,163212,Jan-2018,Mortgage
14.08,12000,10380,18800,Feb-2018,Rent
12.62,12975,52813,104773,Jan-2018,Mortgage
7.97,6500,23188,33056,Jan-2018,Own
19.03,28000,145988,169993,Jan-2018,Rent
10.41,4500,17541,82103,Mar-2018,Own
9.44,4550,39956,276433,Feb-2018,Mortgage
5.31,10000,8414,19900,Mar-2018,Mortgage
19.03,2700,24979,62550,Jan-2018,Mortgage
18.45,15000,62606,258906,Mar-2018,Mortgage
20,20850,18753,30132,Jan-2018,Rent
6.08,7500,8473,47500,Jan-2018,Own
7.97,10000,8583,26100,Jan-2018,Rent
6.72,5000,26778,91448,Feb-2018,Rent
15.05,5000,34223,350696,Jan-2018,Mortgage
13.58,9000,37391,51242,Feb-2018,Rent
13.59,15000,31956,197233,Jan-2018,Mortgage
6.07,3700,23637,409220,Mar-2018,Mortgage
21.85,18000,19157,33300,Mar-2018,Mortgage
9.93,24000,62581,412098,Feb-2018,Mortgage
21.85,30000,493680,407182,Mar-2018,Own
17.47,12000,108041,430094,Mar-2018,Mortgage
12.62,20000,17354,143246,Jan-2018,Mortgage
6.71,7800,20542,46931,Mar-2018,Rent
11.99,12000,109019,448035,Jan-2018,Mortgage
19.42,13000,131298,128249,Mar-2018,Rent
9.92,40000,161025,187514,Mar-2018,Mortgage
7.34,16000,15197,116720,Mar-2018,Rent
12.61,16000,102669,118730,Feb-2018,Rent
13.59,35000,93021,605349,Jan-2018,Mortgage
17.09,16000,75596,152232,Feb-2018,Rent
7.97,40000,78874,561448,Jan-2018,Mortgage
19.42,15000,145408,171166,Mar-2018,Rent
16.01,27600,9464,185232,Mar-2018,Mortgage
9.44,20000,28691,82706,Mar-2018,Rent
21.45,4000,2548,246684,Jan-2018,Mortgage
14.08,38000,36399,53837,Feb-2018,Mortgage
15.04,19000,163209,200725,Mar-2018,Rent
16.01,13000,13867,36066,Mar-2018,Rent
9.43,8500,56308,72487,Mar-2018,Rent
14.08,10000,109888,674206,Jan-2018,Mortgage
10.9,16000,8309,161435,Mar-2018,Mortgage
7.96,5600,286989,861782,Mar-2018,Mortgage
6.08,15000,110979,494260,Feb-2018,Mortgage
7.97,15000,81739,134946,Jan-2018,Rent
9.92,10000,109326,206076,Mar-2018,Own
15.04,32400,76271,282534,Mar-2018,Mortgage
14.08,20000,41330,60746,Jan-2018,Rent
6.71,3500,92680,147212,Mar-2018,Rent
10.42,2500,19943,28300,Jan-2018,Rent
13.59,16000,31224,57160,Jan-2018,Rent
13.59,21600,74388,112003,Jan-2018,Mortgage
20,5000,64515,93839,Feb-2018,Rent
9.44,2100,3423,16700,Feb-2018,Rent
6.72,15000,97785,98518,Jan-2018,Rent
11.99,21000,44809,160668,Jan-2018,Mortgage
13.59,10000,17444,32829,Jan-2018,Rent
11.99,20000,23759,156800,Feb-2018,Own
13.59,28000,35458,79484,Feb-2018,Own
10.91,7000,30064,408718,Jan-2018,Mortgage
21.45,15000,17570,26100,Mar-2018,Rent
6.08,6000,28495,106409,Feb-2018,Rent
5.32,12000,35975,110317,Feb-2018,Own
18.06,5000,105444,75207,Feb-2018,Mortgage
21.85,20000,14877,23343,Mar-2018,Rent
23.87,30000,69435,88821,Mar-2018,Rent
5.31,21000,22871,40871,Mar-2018,Own
6.71,18000,31679,277678,Mar-2018,Mortgage
19.42,10000,7652,11800,Mar-2018,Rent
7.97,15000,28674,65497,Jan-2018,Rent
7.97,20000,37591,98860,Feb-2018,Rent
16.02,19500,33598,342736,Feb-2018,Mortgage
18.06,22000,53325,106613,Feb-2018,Rent
5.31,12000,7643,285635,Mar-2018,Mortgage
10.91,3000,15950,18213,Feb-2018,Rent
15.04,8000,7352,14500,Mar-2018,Own
13.58,17600,16281,44092,Mar-2018,Rent
20.39,10000,78013,283008,Mar-2018,Mortgage
18.06,5000,44473,45700,Jan-2018,Rent
19.03,15000,57176,100542,Jan-2018,Rent
25.81,30000,138935,178908,Feb-2018,Rent
15.04,25050,93347,136755,Feb-2018,Rent
7.96,7500,4955,445900,Mar-2018,Mortgage
11.98,11200,976,13400,Mar-2018,Own
5.32,12800,39659,94514,Jan-2018,Mortgage
16.01,20000,35550,62835,Mar-2018,Own
9.92,21000,248307,615694,Mar-2018,Mortgage
18.45,10000,24698,155207,Mar-2018,Mortgage
16.02,11200,33507,57856,Feb-2018,Rent
7.97,12600,57581,82776,Jan-2018,Rent
13.59,6000,19247,30046,Feb-2018,Own
16.01,12000,31320,285801,Mar-2018,Mortgage
9.44,16000,26342,257956,Jan-2018,Mortgage
11.99,5125,62595,557151,Jan-2018,Mortgage
12.61,26000,53369,528231,Mar-2018,Mortgage
14.07,15600,70831,232943,Mar-2018,Mortgage
10.91,13000,52836,141737,Feb-2018,Mortgage
7.96,5600,6328,10163,Mar-2018,Rent
7.97,10000,49915,76972,Jan-2018,Mortgage
18.06,20200,59749,68100,Jan-2018,Rent
10.91,10000,15356,191930,Mar-2018,Mortgage
21.85,2000,98923,80599,Mar-2018,Rent
11.99,34650,112892,300150,Jan-2018,Own
10.91,18000,17880,29200,Mar-2018,Rent
15.05,12000,19903,40965,Feb-2018,Rent
6.72,3000,36833,84574,Feb-2018,Rent
9.93,14900,84832,428235,Jan-2018,Mortgage
9.43,9000,58413,83143,Feb-2018,Own
13.58,5000,17408,38144,Feb-2018,Rent
10.9,15000,8566,20000,Mar-2018,Rent
12.62,9000,31141,42400,Feb-2018,Mortgage
9.92,5000,3548,15700,Mar-2018,Rent
11.98,14000,25578,278506,Mar-2018,Mortgage
15.05,4800,9372,25753,Jan-2018,Rent
7.97,16000,29535,68483,Jan-2018,Rent
18.45,16000,56601,82800,Mar-2018,Rent
15.04,10000,7189,32529,Feb-2018,Rent
13.59,7500,25205,286662,Jan-2018,Mortgage
12.62,36000,2256,8500,Jan-2018,Own
9.44,40000,11249,260122,Jan-2018,Mortgage
19.03,10000,26756,45760,Feb-2018,Mortgage
6.71,15000,27939,367605,Mar-2018,Own
28.72,11000,21563,31948,Feb-2018,Rent
7.96,3000,21343,39300,Mar-2018,Mortgage
10.91,6500,65252,193256,Jan-2018,Mortgage
21.85,9000,35193,47209,Mar-2018,Mortgage
9.93,16000,26907,45080,Feb-2018,Rent
9.93,10000,5736,13200,Jan-2018,Mortgage
6.07,12000,7594,320082,Mar-2018,Mortgage
12.61,16000,8486,33000,Mar-2018,Rent
18.45,12000,40660,286040,Mar-2018,Mortgage
14.07,8500,10241,30700,Mar-2018,Mortgage
6.07,5000,6332,99500,Mar-2018,Mortgage
16.01,20000,186451,205940,Mar-2018,Rent
6.72,36000,431708,1017789,Jan-2018,Mortgage
7.35,3000,16018,73400,Jan-2018,Own
9.92,10000,40436,42843,Mar-2018,Rent
12.62,7500,47879,341016,Jan-2018,Mortgage
16.02,20000,19456,31276,Feb-2018,Rent
11.99,6000,111444,121586,Feb-2018,Rent
13.59,7000,4421,68900,Jan-2018,Own
9.43,3000,8554,80801,Mar-2018,Mortgage
6.08,7000,19289,84435,Feb-2018,Rent
11.98,15000,217416,424404,Mar-2018,Mortgage
9.44,5000,21820,44464,Jan-2018,Own
7.97,15000,14461,27067,Jan-2018,Mortgage
10.42,6600,3541,29300,Jan-2018,Rent
7.97,30000,31286,50926,Jan-2018,Mortgage
12.62,15000,106282,135157,Jan-2018,Rent
11.99,10000,59560,186638,Feb-2018,Mortgage
13.59,10000,66748,71700,Jan-2018,Rent
21.45,17000,21382,51829,Jan-2018,Own
7.34,10800,535,29800,Mar-2018,Mortgage
18.06,1000,1176,3500,Jan-2018,Own
7.34,36000,100802,225600,Mar-2018,Rent
9.92,40000,9764,54962,Mar-2018,Rent
16.01,20000,101467,345800,Mar-2018,Mortgage
10.9,2000,39263,171743,Mar-2018,Mortgage
9.44,25000,62552,132617,Feb-2018,Mortgage
25.82,30000,17817,37907,Jan-2018,Rent
20.39,16000,25745,38393,Feb-2018,Rent
7.97,12000,5387,62595,Jan-2018,Rent
10.91,1800,9749,43167,Jan-2018,Rent
10.41,12000,198095,188528,Mar-2018,Rent
10.42,10000,58062,277368,Feb-2018,Mortgage
26.3,25000,69485,202513,Jan-2018,Mortgage
7.96,40000,60021,325783,Mar-2018,Mortgage
15.04,12000,51580,90941,Mar-2018,Rent
19.42,14000,76667,254199,Mar-2018,Mortgage
6.08,30000,31134,389965,Feb-2018,Mortgage
7.34,25000,8590,155683,Mar-2018,Mortgage
18.06,6000,21805,159325,Jan-2018,Own
5.32,2500,21711,207032,Jan-2018,Mortgage
11.99,35000,58457,407900,Jan-2018,Mortgage
5.31,15000,12635,145133,Mar-2018,Mortgage
7.35,6000,65269,323483,Jan-2018,Mortgage
11.99,11200,13235,22000,Jan-2018,Rent
9.44,36000,64786,179264,Feb-2018,Mortgage
21.45,10000,38156,209070,Jan-2018,Mortgage
6.08,40000,151100,233467,Jan-2018,Mortgage
12.62,10000,17788,37100,Jan-2018,Mortgage
11.99,30000,394812,1552212,Jan-2018,Mortgage
7.97,20000,33806,55500,Feb-2018,Rent
10.42,32000,115064,345234,Feb-2018,Mortgage
10.9,10000,3267,9100,Mar-2018,Rent
10.9,30000,68649,345080,Mar-2018,Mortgage
15.05,5000,28700,51469,Jan-2018,Rent
16.02,20000,38409,160755,Jan-2018,Mortgage
9.93,16000,28794,73362,Feb-2018,Rent
9.43,25000,50674,333816,Mar-2018,Mortgage
14.07,12000,62742,312242,Mar-2018,Mortgage
6.07,21000,74957,200240,Feb-2018,Own
19.03,28000,26852,35500,Feb-2018,Rent
21.45,24000,25289,50279,Feb-2018,Rent
10.91,30000,217584,252596,Jan-2018,Rent
9.44,10000,16678,73000,Feb-2018,Rent
17.09,13800,12962,16300,Feb-2018,Rent
18.45,18000,26860,36450,Mar-2018,Rent
6.72,12000,52430,59475,Jan-2018,Rent
16.02,24000,8009,16500,Mar-2018,Rent
7.97,11500,50559,326554,Feb-2018,Mortgage
17.09,25200,52581,72100,Jan-2018,Own
5.32,10000,56363,212920,Jan-2018,Mortgage
16.02,3000,18926,145551,Jan-2018,Mortgage
9.92,8000,17516,121572,Mar-2018,Mortgage
6.07,12000,22665,111100,Mar-2018,Rent
11.98,5200,19999,44825,Mar-2018,Rent
16.01,10000,19410,49783,Mar-2018,Rent
18.06,12000,46494,233253,Mar-2018,Own
6.71,4800,17958,287858,Mar-2018,Own
20,3200,49543,307858,Jan-2018,Mortgage
12.62,10000,22603,25652,Jan-2018,Rent
12.61,30000,34994,75813,Feb-2018,Rent
12.62,10000,34173,57664,Jan-2018,Own
15.04,40000,7343,310228,Mar-2018,Mortgage
5.32,17000,199427,209433,Jan-2018,Rent
7.97,10000,246972,325126,Jan-2018,Rent
14.07,16000,66583,497785,Mar-2018,Mortgage
18.06,4000,36878,40502,Feb-2018,Rent
10.91,7000,39831,68300,Feb-2018,Rent
17.09,14000,39510,166539,Jan-2018,Mortgage
11.99,40000,108713,373455,Jan-2018,Mortgage
21.45,29400,19108,23600,Jan-2018,Own
17.09,20000,38668,45432,Feb-2018,Rent
6.08,7000,19332,211183,Jan-2018,Mortgage
10.42,14000,10466,19400,Jan-2018,Rent
23.88,10000,28751,107135,Jan-2018,Mortgage
6.08,4000,67294,97690,Jan-2018,Own
24.84,6000,78569,110559,Mar-2018,Rent
6.07,23000,36623,205680,Mar-2018,Mortgage
9.44,3600,21733,47658,Jan-2018,Rent
6.08,40000,70807,589074,Feb-2018,Mortgage
19.03,2400,202605,189516,Jan-2018,Rent
30.17,28000,122171,512368,Mar-2018,Mortgage
14.07,6500,4824,6700,Mar-2018,Rent
6.71,18000,22276,64718,Feb-2018,Own
15.05,3000,2813,18700,Jan-2018,Rent
21.85,20000,34670,103428,Mar-2018,Rent
7.97,2200,37638,174544,Jan-2018,Mortgage
6.72,20000,77053,274715,Jan-2018,Mortgage
6.07,25000,27322,50304,Mar-2018,Rent
9.93,7200,36529,67487,Feb-2018,Mortgage
17.47,12950,35521,122772,Mar-2018,Mortgage
20.39,15000,13978,106400,Mar-2018,Rent
6.72,9050,84842,122125,Jan-2018,Mortgage
9.92,6400,72162,349825,Feb-2018,Mortgage
14.07,20000,116797,142476,Mar-2018,Mortgage
9.93,30000,252444,390660,Feb-2018,Mortgage
5.32,10000,48364,293600,Jan-2018,Mortgage
5.31,40000,93408,327606,Mar-2018,Mortgage
6.08,14000,47611,212200,Jan-2018,Own
11.98,5000,188965,803225,Mar-2018,Mortgage
11.99,12000,70229,70988,Jan-2018,Mortgage
9.43,2400,13763,245100,Mar-2018,Mortgage
14.08,6000,19169,271254,Feb-2018,Mortgage
5.31,39200,41521,331600,Mar-2018,Mortgage
21.85,20000,22027,35556,Mar-2018,Mortgage
14.07,1000,5126,18953,Mar-2018,Own
6.72,10000,18915,112380,Feb-2018,Mortgage
17.09,12000,98621,126027,Feb-2018,Rent
21.45,20000,38547,84129,Feb-2018,Mortgage
11.98,20000,14360,33568,Mar-2018,Rent
9.43,15000,17296,100100,Mar-2018,Mortgage
26.3,12000,27794,31884,Jan-2018,Rent
21.45,25600,79732,103017,Feb-2018,Rent
9.43,29000,120709,585643,Mar-2018,Mortgage
16.01,11000,65970,134884,Mar-2018,Rent
14.08,17500,29868,44071,Feb-2018,Rent
7.97,25000,115153,203329,Feb-2018,Own
9.93,33000,47526,257005,Feb-2018,Own
5.31,30000,48885,472951,Mar-2018,Mortgage
16.01,17000,105317,133498,Mar-2018,Mortgage
15.04,30000,27319,224788,Mar-2018,Mortgage
18.45,30000,39394,56512,Mar-2018,Rent
6.72,32175,96711,755000,Feb-2018,Mortgage
7.96,20000,33229,449825,Mar-2018,Mortgage
10.9,15000,32018,412967,Mar-2018,Mortgage
7.96,16000,42819,68047,Mar-2018,Mortgage
6.07,20000,21600,60300,Mar-2018,Rent
15.05,20000,24976,29415,Jan-2018,Mortgage
5.31,40000,84621,97553,Mar-2018,Rent
15.04,40000,52268,96800,Mar-2018,Mortgage
11.99,27000,17219,176860,Jan-2018,Mortgage
7.35,10000,26175,84519,Jan-2018,Mortgage
13.59,5000,88464,94858,Jan-2018,Rent
15.04,20000,11596,20100,Mar-2018,Rent
9.43,7800,12025,24400,Feb-2018,Own
7.35,8000,18805,207188,Jan-2018,Mortgage
13.58,17600,53936,205756,Mar-2018,Mortgage
11.99,6400,41442,139729,Jan-2018,Mortgage
7.35,35000,94412,453500,Feb-2018,Mortgage
20.39,14000,34634,63755,Mar-2018,Own
10.91,5000,16282,31188,Feb-2018,Rent
17.09,28000,59956,455781,Jan-2018,Mortgage
10.42,10000,23522,67700,Feb-2018,Rent
9.44,14000,17872,39699,Jan-2018,Rent
6.71,5000,6112,148200,Mar-2018,Own
10.91,15000,36934,84932,Feb-2018,Rent
12.62,37000,76857,114400,Jan-2018,Rent
6.72,3500,28508,129824,Jan-2018,Own
24.84,10000,3570,22749,Mar-2018,Own
10.41,34425,57827,278300,Feb-2018,Mortgage
9.92,6000,24460,171343,Mar-2018,Mortgage
13.59,15600,24454,142118,Jan-2018,Mortgage
15.04,7000,429969,338156,Mar-2018,Rent
5.31,3100,47930,391595,Mar-2018,Own
9.44,8400,4562,13400,Jan-2018,Rent
18.06,3025,23387,113192,Jan-2018,Mortgage
11.99,4000,3900,31300,Feb-2018,Rent
9.43,9000,32791,112817,Mar-2018,Rent
6.07,8400,5945,67515,Mar-2018,Rent
13.59,32000,75931,242635,Feb-2018,Mortgage
17.47,7550,30942,41295,Mar-2018,Rent
7.35,8000,35566,151937,Feb-2018,Mortgage
7.35,16000,43269,74090,Jan-2018,Rent
11.99,35200,93239,564450,Jan-2018,Mortgage
10.9,25000,73197,130005,Mar-2018,Mortgage
19.03,30000,78170,200750,Feb-2018,Mortgage
7.35,10000,135723,207802,Jan-2018,Mortgage
10.42,10000,128214,89826,Jan-2018,Own
14.08,25000,65076,255934,Jan-2018,Mortgage
12.62,8000,10103,25871,Feb-2018,Own
9.43,3200,32220,308271,Mar-2018,Mortgage
16.02,14850,24370,75200,Jan-2018,Own
11.99,12000,84875,147082,Jan-2018,Mortgage
10.42,10000,12953,268900,Feb-2018,Mortgage
6.71,6000,94606,109346,Feb-2018,Rent
6.08,9800,20632,73064,Feb-2018,Rent
12.62,4500,63100,66747,Jan-2018,Rent
10.42,40000,141586,1080728,Feb-2018,Mortgage
10.41,9000,35598,141255,Feb-2018,Mortgage
5.31,39000,45508,216477,Mar-2018,Mortgage
11.98,8400,65747,326087,Mar-2018,Mortgage
6.72,5100,56260,335971,Feb-2018,Mortgage
26.77,10000,72104,947846,Mar-2018,Mortgage
10.42,8000,44198,89368,Jan-2018,Rent
9.43,24000,6126,38698,Mar-2018,Rent
11.99,20000,50561,81825,Jan-2018,Rent
7.35,12500,16229,174973,Jan-2018,Mortgage
9.44,7000,143585,506983,Jan-2018,Rent
10.42,12000,59097,256464,Feb-2018,Mortgage
15.05,22000,62760,82019,Jan-2018,Rent
16.01,15000,37628,350378,Mar-2018,Mortgage
9.93,33000,45757,98292,Feb-2018,Rent
9.44,5600,42694,72210,Jan-2018,Rent
7.97,10000,67701,96085,Feb-2018,Rent
17.09,5100,5266,8900,Feb-2018,Rent
18.06,10000,28290,48436,Jan-2018,Rent
13.58,10000,14002,26889,Mar-2018,Rent
9.93,20000,9618,139888,Feb-2018,Mortgage
20,15600,64582,88016,Jan-2018,Rent
9.43,15000,237839,206972,Mar-2018,Rent
7.97,20000,16706,50230,Jan-2018,Own
16.01,12000,39633,71438,Mar-2018,Rent
25.81,10000,52657,90002,Mar-2018,Rent
12.61,3000,41547,208715,Mar-2018,Mortgage
21.85,11200,7986,15611,Mar-2018,Rent
7.34,7000,68403,88396,Mar-2018,Mortgage
7.96,16000,36909,346174,Mar-2018,Rent
6.72,8650,20970,44138,Jan-2018,Mortgage
11.99,10000,64140,88420,Jan-2018,Mortgage
6.07,15000,292935,991189,Mar-2018,Mortgage
5.31,20000,69263,538978,Mar-2018,Mortgage
9.44,10000,98687,383071,Jan-2018,Mortgage
24.85,12000,17428,152404,Jan-2018,Mortgage
13.59,5000,13815,24270,Jan-2018,Rent
17.09,28000,51456,448050,Jan-2018,Own
17.47,5000,22189,283500,Mar-2018,Rent
7.35,38400,155925,404928,Jan-2018,Mortgage
10.91,5400,182656,359617,Feb-2018,Mortgage
9.43,25000,55684,66000,Mar-2018,Rent
18.45,25000,28199,47613,Mar-2018,Own
7.34,30000,227297,321543,Mar-2018,Mortgage
17.09,9550,37802,185715,Jan-2018,Mortgage
7.97,5500,1103,7100,Jan-2018,Rent
19.42,8000,96928,120200,Mar-2018,Mortgage
9.93,15000,1636,13342,Jan-2018,Rent
17.09,11000,21544,26100,Jan-2018,Rent
12.61,35000,105822,164316,Mar-2018,Mortgage
20,10000,38594,49200,Jan-2018,Rent
9.93,3600,27462,54508,Jan-2018,Own
7.35,7000,33191,219363,Jan-2018,Mortgage
19.03,3000,105225,459100,Jan-2018,Mortgage
18.06,35000,71490,225467,Jan-2018,Mortgage
6.72,15000,121442,317287,Jan-2018,Own
10.91,25000,32953,418032,Jan-2018,Mortgage
15.04,20000,2781,10100,Mar-2018,Rent
13.59,3000,3633,183614,Jan-2018,Mortgage
9.44,5000,48173,220996,Feb-2018,Mortgage
20.39,10000,11188,21300,Mar-2018,Rent
9.43,14000,65227,530819,Mar-2018,Mortgage
11.99,2000,125684,131360,Feb-2018,Rent
11.99,15000,43644,460846,Jan-2018,Mortgage
13.58,7200,46117,94282,Mar-2018,Rent
18.45,12000,6968,50300,Feb-2018,Mortgage
15.05,32000,103376,245074,Jan-2018,Mortgage
7.97,35000,141877,690255,Jan-2018,Mortgage
10.42,7000,12629,49020,Jan-2018,Rent
21.45,16000,54957,76628,Feb-2018,Rent
19.03,15000,21638,43983,Jan-2018,Rent
6.71,3000,10356,20493,Mar-2018,Mortgage
21.85,32000,116574,562169,Mar-2018,Mortgage
12.62,10000,12541,238205,Jan-2018,Mortgage
13.58,10450,34650,64900,Mar-2018,Mortgage
18.06,10000,52324,63249,Feb-2018,Mortgage
10.9,13000,32000,272405,Mar-2018,Mortgage
18.45,16000,72000,370192,Mar-2018,Mortgage
6.72,5000,33102,319260,Jan-2018,Mortgage
20,30000,71805,314395,Jan-2018,Mortgage
5.31,27000,19818,242238,Mar-2018,Mortgage
5.31,30000,34220,273016,Mar-2018,Mortgage
9.93,25000,26583,444300,Jan-2018,Rent
15.05,32000,76861,84944,Feb-2018,Mortgage
7.96,10000,47840,61334,Feb-2018,Own
9.93,40000,131472,122021,Jan-2018,Mortgage
7.34,10000,64351,426153,Feb-2018,Mortgage
14.08,18000,67427,102080,Jan-2018,Rent
9.44,10000,37078,486929,Jan-2018,Mortgage
21.85,13575,32683,325191,Mar-2018,Mortgage
14.07,30000,51056,231200,Mar-2018,Mortgage
12.62,40000,83757,336231,Jan-2018,Mortgage
11.99,2500,95552,191900,Feb-2018,Mortgage
6.71,10000,47796,99970,Mar-2018,Rent
16.02,14400,32597,39700,Jan-2018,Rent
9.93,25000,63662,289034,Jan-2018,Mortgage
6.72,15000,38794,70917,Jan-2018,Rent
16.02,14000,13309,192317,Jan-2018,Mortgage
9.44,6000,27684,42173,Feb-2018,Own
14.08,24000,60934,87965,Jan-2018,Rent
6.71,8000,24573,41417,Mar-2018,Rent
7.34,11200,35183,297743,Mar-2018,Mortgage
12.62,13000,12877,28457,Jan-2018,Rent
15.04,1200,49956,539185,Mar-2018,Mortgage
9.92,28000,27859,470781,Mar-2018,Mortgage
16.01,5000,10892,18700,Feb-2018,Rent
14.07,20000,157431,645243,Mar-2018,Mortgage
18.45,28000,95416,121974,Mar-2018,Rent
16.01,31000,48898,213076,Mar-2018,Mortgage
26.3,16000,31755,54027,Jan-2018,Own
26.77,10000,61908,46597,Feb-2018,Mortgage
13.58,15000,100361,128965,Mar-2018,Rent
11.99,25000,177276,162360,Feb-2018,Rent
9.93,10000,63711,95597,Feb-2018,Rent
19.42,15800,38308,420279,Mar-2018,Mortgage
7.96,2000,11611,29356,Feb-2018,Rent
9.43,24775,18938,52500,Mar-2018,Own
14.08,10000,16451,40100,Feb-2018,Own
5.31,5000,5122,29900,Mar-2018,Rent
9.93,22000,69757,134080,Feb-2018,Rent
18.06,40000,65519,75300,Mar-2018,Rent
17.09,9000,255023,260167,Jan-2018,Own
7.97,5000,6304,29125,Jan-2018,Own
17.47,5000,60040,59611,Mar-2018,Rent
25.81,16000,13005,14900,Mar-2018,Rent
7.97,40000,47581,118355,Jan-2018,Mortgage
15.04,25000,42895,306048,Mar-2018,Mortgage
19.03,30000,22128,245715,Jan-2018,Mortgage
15.05,7200,35251,57602,Jan-2018,Rent
9.44,8000,14845,31581,Jan-2018,Rent
14.07,30000,37315,50615,Mar-2018,Rent
9.43,10000,3205,34200,Mar-2018,Rent
10.91,3000,29507,32504,Feb-2018,Rent
19.42,4475,15323,19140,Mar-2018,Rent
10.42,9500,2623,9600,Jan-2018,Own
9.93,35000,121,31817,Feb-2018,Rent
14.07,9000,134270,147900,Mar-2018,Rent
18.45,20000,64534,85700,Mar-2018,Rent
11.99,20000,31248,58023,Jan-2018,Rent
10.41,20000,16232,37300,Mar-2018,Rent
9.93,28000,31919,84984,Jan-2018,Rent
7.35,4800,37820,60486,Jan-2018,Rent
11.99,15000,22168,44624,Feb-2018,Own
9.92,19200,63813,72449,Mar-2018,Rent
12.61,32000,28212,57440,Mar-2018,Mortgage
11.98,12000,49575,174642,Mar-2018,Mortgage
9.93,13000,40125,173661,Feb-2018,Mortgage
7.35,7500,176223,272009,Jan-2018,Mortgage
9.92,10000,16461,28300,Mar-2018,Rent
9.43,10000,95731,123645,Feb-2018,Mortgage
12.61,30000,23769,161272,Mar-2018,Rent
17.47,15825,30905,35039,Mar-2018,Own
15.05,33300,98301,296865,Feb-2018,Mortgage
5.32,8400,57120,301749,Jan-2018,Mortgage
13.59,12000,34697,80711,Jan-2018,Rent
14.08,30000,57832,178520,Feb-2018,Mortgage
7.97,30000,9424,120000,Feb-2018,Mortgage
10.42,16000,51871,107199,Jan-2018,Mortgage
7.97,10000,48701,354973,Jan-2018,Own
15.04,12000,179947,158617,Mar-2018,Rent
15.04,19500,93875,246793,Mar-2018,Mortgage
26.3,35000,73196,105928,Jan-2018,Mortgage
12.62,33600,31505,52118,Jan-2018,Rent
24.85,29400,108496,319551,Jan-2018,Mortgage
6.71,40000,44325,73908,Mar-2018,Rent
10.91,35000,170423,1265115,Jan-2018,Mortgage
16.02,30000,1581,10900,Feb-2018,Rent
19.03,15000,44571,170853,Feb-2018,Mortgage
10.91,1500,27757,37624,Jan-2018,Rent
13.58,15000,49173,201396,Mar-2018,Mortgage
6.72,33250,135640,230608,Feb-2018,Rent
14.08,25000,24983,91600,Jan-2018,Rent
6.08,35000,5810,493030,Feb-2018,Mortgage
7.96,5500,5940,24360,Mar-2018,Rent
17.47,16000,81384,377936,Mar-2018,Mortgage
20,8000,58176,70388,Feb-2018,Rent
6.07,16000,4709,34200,Mar-2018,Rent
13.58,3200,67707,265386,Mar-2018,Mortgage
15.05,40000,65989,320952,Jan-2018,Mortgage
5.32,20000,25,165800,Jan-2018,Mortgage
5.31,10000,59436,95723,Mar-2018,Mortgage
17.47,20000,2621,383200,Mar-2018,Mortgage
12.62,22000,45338,262015,Jan-2018,Mortgage
25.82,12475,57949,70540,Jan-2018,Rent
17.09,35000,35495,54533,Feb-2018,Rent
13.58,12000,24179,56610,Mar-2018,Own
15.04,40000,122555,306187,Mar-2018,Mortgage
10.91,11500,23762,166146,Jan-2018,Mortgage
9.43,4000,62364,340834,Mar-2018,Mortgage
11.98,16000,11591,190900,Mar-2018,Mortgage
10.41,6000,117722,431315,Mar-2018,Mortgage
12.62,11000,16896,61762,Feb-2018,Rent
9.44,5000,59643,67014,Feb-2018,Mortgage
13.59,7000,70952,222761,Jan-2018,Own
30.94,35000,24254,156200,Mar-2018,Mortgage
18.06,35000,118058,612835,Jan-2018,Own
13.58,8400,26746,144916,Mar-2018,Own
7.97,5000,83987,556495,Feb-2018,Mortgage
6.72,30000,14068,63960,Feb-2018,Rent
9.92,10000,21716,56301,Mar-2018,Rent
10.9,3000,23806,56278,Mar-2018,Rent
20.39,10500,39641,44548,Feb-2018,Mortgage
10.9,10000,17813,31164,Feb-2018,Own
7.35,13200,2243,7500,Jan-2018,Rent
11.99,5000,8252,25575,Jan-2018,Rent
7.96,10000,60884,487036,Mar-2018,Mortgage
9.93,15000,67205,127420,Feb-2018,Rent
9.43,40000,54883,256641,Mar-2018,Mortgage
7.97,10000,58811,456254,Feb-2018,Mortgage
16.01,10000,14097,92828,Mar-2018,Mortgage
10.42,24000,1734,8527,Jan-2018,Rent
7.96,3000,21396,33038,Mar-2018,Rent
9.44,15000,20648,303968,Feb-2018,Mortgage
7.35,4000,1156,15900,Feb-2018,Own
11.99,40000,91963,458987,Feb-2018,Mortgage
12.62,10000,72076,518388,Feb-2018,Mortgage
26.77,30000,46284,83242,Mar-2018,Mortgage
6.72,24000,25196,163348,Jan-2018,Mortgage
5.32,6000,6798,107564,Feb-2018,Mortgage
9.44,1500,23632,96881,Feb-2018,Rent
9.92,40000,17683,296429,Mar-2018,Mortgage
12.61,30000,7044,19935,Mar-2018,Own
7.34,14000,25820,99149,Mar-2018,Rent
9.93,17000,306422,559236,Jan-2018,Mortgage
14.08,3200,2421,20000,Jan-2018,Rent
7.35,23000,82311,372331,Feb-2018,Rent
12.62,20000,9251,25700,Feb-2018,Own
25.82,2000,52436,55050,Jan-2018,Mortgage
25.82,16300,111027,139413,Jan-2018,Rent
7.96,40000,20816,334147,Mar-2018,Mortgage
9.92,7500,40326,99200,Mar-2018,Mortgage
11.98,15000,77059,326085,Feb-2018,Mortgage
18.45,8000,188345,443845,Mar-2018,Mortgage
9.93,40000,85149,119170,Jan-2018,Rent
10.91,35000,196103,469356,Jan-2018,Mortgage
17.47,20000,923,6200,Mar-2018,Own
14.08,30000,20095,154902,Jan-2018,Mortgage
7.96,18000,120223,439664,Mar-2018,Mortgage
7.97,2000,23604,47970,Jan-2018,Own
12.61,24000,186502,142291,Mar-2018,Rent
16.02,10000,28650,393677,Jan-2018,Mortgage
11.98,25000,27710,32400,Mar-2018,Rent
19.03,25600,59566,82849,Jan-2018,Rent
19.42,7000,37066,272974,Mar-2018,Mortgage
13.58,5000,1846,5400,Mar-2018,Rent
9.44,40000,24850,283095,Feb-2018,Mortgage
10.91,12000,31160,64385,Feb-2018,Mortgage
26.3,30000,63019,93926,Jan-2018,Own
6.07,8000,24320,63178,Mar-2018,Rent
9.93,30000,137723,304791,Feb-2018,Mortgage
6.72,21500,36998,76145,Feb-2018,Mortgage
11.99,20000,18953,45461,Jan-2018,Mortgage
19.42,15000,15599,26820,Mar-2018,Rent
7.96,9000,21524,42603,Mar-2018,Rent
17.47,3000,11641,80248,Mar-2018,Rent
7.96,8000,149350,308705,Feb-2018,Mortgage
7.34,9000,39588,296547,Mar-2018,Mortgage
13.58,23475,173577,504288,Mar-2018,Mortgage
21.45,20000,34948,246413,Feb-2018,Mortgage
11.99,20000,11308,19601,Feb-2018,Own
6.08,10000,32824,80400,Feb-2018,Rent
17.47,20000,36883,52426,Mar-2018,Own
15.05,10000,9627,21521,Feb-2018,Rent
5.32,30000,261267,1046085,Jan-2018,Mortgage
13.58,35000,54798,81575,Mar-2018,Mortgage
6.72,20000,30835,221695,Jan-2018,Mortgage
30.79,40000,33810,125262,Feb-2018,Mortgage
10.9,30000,26736,46700,Mar-2018,Rent
9.92,8000,9474,28300,Mar-2018,Own
9.93,7500,35453,326151,Jan-2018,Mortgage
11.98,1000,60055,63788,Feb-2018,Rent
15.05,11200,75562,88973,Feb-2018,Rent
13.58,22750,48141,81069,Mar-2018,Mortgage
7.34,36000,78614,316995,Mar-2018,Mortgage
15.05,10000,13094,28352,Feb-2018,Rent
16.01,18000,129316,594687,Mar-2018,Own
14.08,3000,6150,7600,Jan-2018,Rent
21.45,28000,28630,92260,Feb-2018,Rent
16.02,4000,56484,62188,Jan-2018,Rent
6.07,4000,42121,75898,Mar-2018,Mortgage
6.72,15600,17541,37500,Jan-2018,Own
16.02,11800,57649,287168,Jan-2018,Mortgage
9.93,8000,118868,110505,Jan-2018,Rent
14.08,20000,68045,90110,Feb-2018,Rent
10.9,20000,31431,51328,Mar-2018,Mortgage
14.07,25000,44509,121638,Mar-2018,Rent
26.3,12000,23865,42891,Feb-2018,Rent
7.34,12000,168267,630212,Feb-2018,Mortgage
20.39,14000,102874,168793,Mar-2018,Mortgage
9.44,20000,60745,117274,Feb-2018,Mortgage
12.62,20000,30022,47364,Jan-2018,Own
9.44,9600,62782,200903,Feb-2018,Mortgage
7.34,6000,15040,129900,Mar-2018,Mortgage
9.92,8400,24253,187285,Mar-2018,Mortgage
15.05,35000,22308,37700,Jan-2018,Rent
15.05,27500,21231,54946,Jan-2018,Own
17.47,4000,36196,220081,Mar-2018,Mortgage
18.45,1500,31377,40350,Mar-2018,Rent
11.99,2500,63252,60437,Jan-2018,Rent
15.04,24000,5892,17100,Mar-2018,Mortgage
12.61,10000,60698,232192,Mar-2018,Mortgage
18.06,8000,19041,193014,Jan-2018,Mortgage
9.93,14500,26080,42893,Jan-2018,Rent
12.62,24000,94165,265757,Feb-2018,Mortgage
10.91,10000,8266,145545,Feb-2018,Mortgage
13.58,6000,10454,114298,Mar-2018,Mortgage
12.61,20000,37917,373444,Mar-2018,Mortgage
13.58,16000,299854,320305,Mar-2018,Mortgage
7.97,40000,55452,179880,Jan-2018,Mortgage
19.42,18000,6037,6900,Mar-2018,Mortgage
13.59,2800,13244,25122,Feb-2018,Rent
6.72,12000,27793,116600,Jan-2018,Mortgage
20.39,30000,77758,265261,Mar-2018,Mortgage
12.62,16000,28919,216198,Jan-2018,Mortgage
18.45,20000,57334,344593,Mar-2018,Mortgage
7.34,20000,43881,141500,Feb-2018,Rent
16.02,16000,19860,56000,Jan-2018,Rent
15.04,12800,52201,287381,Mar-2018,Mortgage
25.81,30000,48135,67500,Mar-2018,Rent
13.58,13650,44969,208940,Mar-2018,Mortgage
5.32,7000,14936,69770,Jan-2018,Rent
10.42,20000,116640,677151,Jan-2018,Own
16.01,35000,113937,513320,Feb-2018,Mortgage
15.05,7000,76057,97250,Jan-2018,Rent
6.71,25000,30488,333011,Mar-2018,Own
7.96,36000,13778,174200,Mar-2018,Mortgage
20.39,15000,53252,61776,Mar-2018,Own
9.44,15000,32309,48000,Feb-2018,Rent
16.01,30000,34660,205026,Mar-2018,Mortgage
10.42,15000,20457,452073,Jan-2018,Mortgage
6.72,27000,30256,119390,Jan-2018,Own
12.61,3100,12109,32950,Mar-2018,Rent
20.39,11200,42264,51014,Mar-2018,Own
20.39,10000,52626,70047,Feb-2018,Mortgage
17.09,10000,43053,61475,Jan-2018,Rent
10.41,19000,119360,383433,Mar-2018,Mortgage
7.96,15000,18973,62900,Feb-2018,Own
12.62,19425,79804,617072,Feb-2018,Mortgage
11.99,15000,30879,233215,Jan-2018,Mortgage
11.98,30000,24549,56935,Mar-2018,Rent
18.06,20000,77257,310682,Jan-2018,Own
9.93,15000,74106,124498,Jan-2018,Rent
11.99,6000,108069,547888,Jan-2018,Mortgage
13.58,14000,57050,120497,Mar-2018,Rent
5.32,15000,42373,379645,Jan-2018,Mortgage
10.41,20000,16417,56278,Mar-2018,Rent
15.05,7000,23323,34861,Jan-2018,Rent
9.93,20000,43934,464904,Jan-2018,Mortgage
18.06,4900,23812,43700,Feb-2018,Mortgage
21.45,10000,52765,83168,Feb-2018,Rent
7.34,20000,35039,51941,Mar-2018,Rent
11.98,6000,38728,143396,Mar-2018,Mortgage
20,35000,122126,133120,Jan-2018,Rent
13.59,34450,123882,192256,Feb-2018,Rent
16.02,16000,78033,248571,Feb-2018,Mortgage
20,12000,65084,110322,Mar-2018,Rent
9.44,40000,8340,479716,Jan-2018,Mortgage
10.9,34200,333531,225546,Mar-2018,Mortgage
5.31,11200,42086,162144,Mar-2018,Rent
5.32,35000,53516,823636,Jan-2018,Mortgage
12.62,6000,181821,370117,Jan-2018,Rent
15.04,5000,8507,248635,Mar-2018,Own
11.98,16000,31678,104479,Feb-2018,Mortgage
9.44,9000,72796,330904,Feb-2018,Mortgage
29.69,26000,17763,77640,Mar-2018,Mortgage
12.62,16000,18382,48080,Feb-2018,Rent
11.98,8000,21978,140309,Mar-2018,Own
18.06,20325,67280,346418,Feb-2018,Mortgage
16.02,5000,67119,61066,Jan-2018,Rent
6.07,12000,16531,232094,Feb-2018,Mortgage
11.99,7325,25684,339723,Jan-2018,Mortgage
15.05,10000,113519,141348,Jan-2018,Mortgage
10.91,40000,66860,594046,Feb-2018,Mortgage
7.96,10000,35145,160845,Mar-2018,Own
13.59,10000,10116,13700,Jan-2018,Rent
12.61,28775,34156,342550,Mar-2018,Mortgage
17.09,16800,41660,59600,Feb-2018,Mortgage
12.62,10000,114997,134920,Feb-2018,Mortgage
13.58,6000,0,16200,Mar-2018,Own
20,35000,15710,28400,Feb-2018,Rent
5.31,10000,43031,90025,Mar-2018,Rent
17.47,1500,44704,60671,Mar-2018,Rent
11.98,29000,22809,53694,Feb-2018,Rent
21.85,20000,98611,314313,Mar-2018,Own
9.92,15000,269011,269307,Feb-2018,Mortgage
9.43,5000,50442,330254,Mar-2018,Mortgage
21.85,2500,0,0,Mar-2018,Rent
12.62,8000,54268,150693,Feb-2018,Mortgage
10.91,11600,85599,709773,Feb-2018,Own
19.03,30000,57979,832225,Jan-2018,Mortgage
19.03,18000,32088,81862,Feb-2018,Rent
9.44,9000,129091,127666,Jan-2018,Rent
11.99,14000,38635,50672,Jan-2018,Rent
7.97,12000,4831,25700,Jan-2018,Mortgage
10.91,13000,47055,59211,Jan-2018,Rent
13.59,8000,187415,209978,Jan-2018,Rent
15.04,20000,27604,37451,Mar-2018,Mortgage
7.97,5000,15227,45972,Jan-2018,Rent
13.58,8000,55626,80103,Mar-2018,Rent
5.31,16000,40718,54473,Mar-2018,Mortgage
19.03,35000,51354,73180,Feb-2018,Mortgage
11.99,15000,40410,107367,Feb-2018,Mortgage
9.93,20000,58663,415096,Jan-2018,Mortgage
5.32,11000,49713,114575,Feb-2018,Rent
15.04,10000,8702,29600,Mar-2018,Mortgage
10.42,36000,66231,97497,Feb-2018,Mortgage
12.61,8000,5835,11000,Mar-2018,Rent
7.35,40000,709,4500,Jan-2018,Rent
23.87,9600,23050,40423,Mar-2018,Rent
16.02,5000,44661,35527,Jan-2018,Rent
6.72,13000,45782,91776,Feb-2018,Rent
10.42,7200,26991,38450,Jan-2018,Rent
21.45,12800,99615,112343,Jan-2018,Rent
16.02,20000,38553,56450,Jan-2018,Rent
7.96,17000,113642,275458,Mar-2018,Mortgage
12.61,6025,12594,17973,Mar-2018,Rent
12.61,21000,111239,779847,Mar-2018,Mortgage
9.43,32000,119150,233003,Mar-2018,Own
14.07,10000,17209,48358,Mar-2018,Mortgage
13.59,6200,72049,55128,Jan-2018,Rent
17.47,30000,61210,330937,Mar-2018,Mortgage
12.61,2200,46803,317711,Mar-2018,Mortgage
16.02,10000,6106,9600,Jan-2018,Rent
18.45,30000,40310,203734,Mar-2018,Mortgage
10.91,10000,11734,163465,Mar-2018,Mortgage
7.97,27000,75961,244929,Jan-2018,Rent
15.04,20000,50585,341648,Mar-2018,Mortgage
21.45,12000,54131,64566,Jan-2018,Rent
16.01,5000,27277,52297,Mar-2018,Own
11.98,6000,56980,546050,Mar-2018,Mortgage
13.59,15000,24927,35803,Feb-2018,Rent
6.71,3500,155184,150119,Mar-2018,Rent
10.91,7325,31315,52727,Jan-2018,Rent
7.96,12000,11449,39000,Mar-2018,Rent
10.42,12000,33254,57147,Jan-2018,Own
7.35,5000,32981,167700,Jan-2018,Mortgage
16.02,5000,59455,86063,Jan-2018,Mortgage
16.01,18000,35985,72964,Mar-2018,Mortgage
13.58,3000,2799,3500,Mar-2018,Rent
10.42,5000,1668,4200,Feb-2018,Own
14.07,40000,56065,90205,Mar-2018,Own
7.97,3500,79563,113069,Jan-2018,Rent
11.99,40000,12757,35850,Jan-2018,Rent
13.59,32000,32950,56790,Feb-2018,Mortgage
7.34,6000,2944,192647,Feb-2018,Mortgage
15.04,12000,63220,546981,Feb-2018,Mortgage
12.62,25000,77225,291309,Jan-2018,Mortgage
19.42,25000,31897,43332,Feb-2018,Rent
9.43,5500,16007,40529,Mar-2018,Rent
16.02,10400,66115,353600,Jan-2018,Mortgage
7.34,9000,67615,67237,Mar-2018,Rent
14.07,19800,52079,336340,Mar-2018,Mortgage
5.31,25000,68514,717920,Mar-2018,Mortgage
6.71,10000,1160,33000,Mar-2018,Rent
7.35,25000,29884,101934,Jan-2018,Own
6.08,25000,11458,30884,Jan-2018,Rent
6.71,19000,54929,125441,Feb-2018,Own
5.32,40000,78746,489407,Feb-2018,Mortgage
6.08,14400,17596,60200,Jan-2018,Rent
5.32,27000,55725,281933,Jan-2018,Mortgage
16.02,4800,76079,73186,Jan-2018,Rent
21.45,20400,53137,86837,Feb-2018,Rent
19.03,19200,129664,185484,Jan-2018,Own
16.02,5000,29530,46540,Jan-2018,Rent
21.45,12000,37848,47857,Jan-2018,Rent
12.62,30000,1200,7000,Jan-2018,Rent
10.41,30000,89232,155779,Mar-2018,Own
28.72,28000,55878,70767,Mar-2018,Mortgage
9.43,12800,7176,8600,Mar-2018,Rent
10.42,24000,17819,25300,Jan-2018,Mortgage
10.9,12000,11435,36400,Feb-2018,Rent
9.43,13000,17776,473454,Mar-2018,Mortgage
11.98,10000,8685,16787,Mar-2018,Mortgage
20,21600,32861,37685,Feb-2018,Rent
9.43,14000,25358,42884,Feb-2018,Rent
10.41,9600,11267,34805,Mar-2018,Own
9.43,40000,28261,286500,Mar-2018,Rent
9.44,20000,12569,21300,Feb-2018,Rent
16.01,12075,156086,222830,Mar-2018,Rent
9.93,25000,110708,169367,Feb-2018,Mortgage
12.62,10000,14683,43700,Jan-2018,Rent
16.01,32000,55997,168827,Mar-2018,Rent
21.45,4500,49657,68921,Feb-2018,Rent
7.96,10000,18060,439574,Mar-2018,Mortgage
13.59,23000,18507,44200,Jan-2018,Rent
13.59,30800,107363,144667,Jan-2018,Mortgage
7.34,20000,23448,51461,Mar-2018,Rent
18.45,8000,14440,127961,Feb-2018,Mortgage
14.07,7000,25667,69327,Mar-2018,Own
12.61,6000,41945,70225,Mar-2018,Rent
19.03,28000,44911,53170,Mar-2018,Rent
11.98,16000,18533,285357,Mar-2018,Mortgage
21.85,7325,40586,47200,Mar-2018,Rent
12.62,15000,16832,48400,Feb-2018,Own
5.32,25000,104822,440797,Feb-2018,Mortgage
19.42,25825,25381,98500,Mar-2018,Own
16.01,15600,6199,32300,Mar-2018,Mortgage
11.99,10000,129176,416561,Feb-2018,Mortgage
20,5000,4664,8313,Feb-2018,Own
11.98,13000,32311,186129,Mar-2018,Mortgage
19.03,15000,54779,75002,Feb-2018,Rent
6.08,6000,14490,97362,Jan-2018,Rent
7.35,1500,74738,449244,Jan-2018,Mortgage
7.35,8000,26952,57979,Feb-2018,Rent
12.62,30000,30228,61778,Jan-2018,Mortgage
13.59,8500,97741,144902,Jan-2018,Own
7.34,7500,44980,335929,Mar-2018,Own
7.35,3500,99945,520265,Jan-2018,Mortgage
12.61,6500,17136,55396,Mar-2018,Rent
7.35,23200,80746,333021,Jan-2018,Mortgage
15.05,10000,4478,8300,Feb-2018,Own
18.45,11200,30675,366439,Feb-2018,Mortgage
18.45,10000,2979,4400,Mar-2018,Rent
7.96,30000,54567,127976,Mar-2018,Rent
11.99,8400,68211,75406,Jan-2018,Rent
20,7750,30012,68615,Feb-2018,Rent
25.82,9100,22913,31208,Feb-2018,Rent
11.98,30000,29075,182726,Mar-2018,Mortgage
13.59,20675,20118,55257,Jan-2018,Rent
10.91,16000,52724,106294,Jan-2018,Rent
9.44,25000,55667,185498,Feb-2018,Mortgage
16.02,12000,22278,40819,Jan-2018,Rent
7.97,5000,574,27445,Jan-2018,Mortgage
5.32,12000,61663,323045,Feb-2018,Mortgage
10.41,30000,10545,119700,Feb-2018,Mortgage
12.62,30000,190039,489483,Feb-2018,Mortgage
10.9,15000,32934,186700,Mar-2018,Mortgage
15.05,17325,101088,364017,Feb-2018,Mortgage
9.93,20000,27826,44172,Jan-2018,Rent
10.91,7000,27119,38258,Feb-2018,Mortgage
13.58,35000,84244,113706,Mar-2018,Rent
15.05,16500,9274,49100,Feb-2018,Rent
22.91,14800,29569,149969,Jan-2018,Mortgage
7.35,6000,25029,43720,Feb-2018,Mortgage
10.9,40000,74450,490397,Mar-2018,Mortgage
17.47,6000,42383,203043,Mar-2018,Own
5.31,15000,30135,96800,Feb-2018,Rent
9.43,30000,41640,470486,Mar-2018,Mortgage
14.07,19000,60686,289762,Mar-2018,Mortgage
10.41,30000,35404,56010,Mar-2018,Rent
22.9,1000,29404,41378,Feb-2018,Rent
6.72,15000,15219,139500,Feb-2018,Own
13.58,10000,11494,21645,Mar-2018,Rent
12.62,40000,55332,316133,Jan-2018,Mortgage
15.05,28000,38166,372713,Jan-2018,Own
19.03,10000,3946,6800,Feb-2018,Mortgage
11.99,20000,44822,367900,Feb-2018,Mortgage
19.03,3000,26434,37461,Jan-2018,Rent
16.01,35000,185697,270087,Mar-2018,Rent
9.43,14000,35212,339425,Mar-2018,Mortgage
6.08,35000,36906,73842,Feb-2018,Own
16.01,35000,17466,104297,Feb-2018,Mortgage
14.07,4000,6088,10000,Feb-2018,Rent
6.71,12800,36220,93054,Mar-2018,Mortgage
15.04,7200,85538,375888,Mar-2018,Mortgage
7.35,12000,122335,226456,Jan-2018,Mortgage
12.62,35000,53206,143041,Jan-2018,Mortgage
7.34,10000,16841,42532,Mar-2018,Rent
18.45,14900,60804,245755,Mar-2018,Mortgage
11.98,12600,80180,85175,Mar-2018,Rent
12.62,20000,24544,187950,Feb-2018,Mortgage
16.02,15000,14499,110350,Jan-2018,Mortgage
7.34,6000,7334,29693,Mar-2018,Own
21.45,35000,73719,122217,Jan-2018,Rent
10.9,24000,103354,688138,Mar-2018,Mortgage
10.41,10000,116407,135374,Mar-2018,Rent
15.05,10000,29930,55612,Feb-2018,Mortgage
9.93,6600,57831,354858,Feb-2018,Mortgage
6.08,6500,23081,45594,Jan-2018,Rent
19.42,5000,121587,110394,Mar-2018,Rent
18.06,1500,54853,61370,Jan-2018,Rent
10.91,15000,23152,214835,Feb-2018,Mortgage
16.02,20000,18594,31678,Feb-2018,Rent
7.35,40000,92736,224676,Jan-2018,Rent
6.07,25000,23763,327440,Mar-2018,Mortgage
14.08,7200,5588,12400,Jan-2018,Rent
6.72,8300,19435,71575,Jan-2018,Rent
10.42,4000,800,9100,Feb-2018,Rent
7.34,35000,49769,508144,Feb-2018,Mortgage
14.08,8000,12540,25277,Jan-2018,Rent
9.92,33000,51180,240404,Mar-2018,Mortgage
20.39,20000,31415,58008,Mar-2018,Own
17.47,1800,4038,7100,Mar-2018,Own
18.45,20000,95093,139148,Mar-2018,Own
9.43,5000,42969,57200,Mar-2018,Mortgage
7.96,40000,1866,617000,Mar-2018,Mortgage
14.08,18000,48436,61203,Jan-2018,Mortgage
5.32,10000,0,30700,Jan-2018,Mortgage
7.97,10000,6323,55768,Jan-2018,Rent
9.43,5000,15975,37930,Mar-2018,Own
17.09,16000,24433,157919,Jan-2018,Mortgage
20.39,10000,92441,363624,Mar-2018,Mortgage
5.31,21800,83002,464137,Mar-2018,Mortgage
6.72,10000,29844,56580,Jan-2018,Rent
10.41,25000,74235,92878,Feb-2018,Own
9.44,12800,16572,43100,Jan-2018,Rent
12.62,20050,38434,439180,Jan-2018,Mortgage
11.98,32000,140548,185231,Mar-2018,Rent
7.96,6500,11588,32845,Feb-2018,Mortgage
6.72,40000,468948,1794551,Feb-2018,Mortgage
14.07,15000,107456,436561,Mar-2018,Rent
9.92,12000,11775,134688,Mar-2018,Mortgage
9.44,37200,33552,117190,Jan-2018,Mortgage
10.91,5000,75092,85765,Jan-2018,Rent
14.08,12000,18356,51700,Jan-2018,Own
16.01,21000,86788,163212,Mar-2018,Mortgage
18.45,8500,46482,72742,Mar-2018,Rent
15.05,25000,85255,374625,Jan-2018,Mortgage
16.02,16000,30329,169592,Jan-2018,Mortgage
13.59,26525,24665,62100,Feb-2018,Mortgage
10.91,2000,10607,17289,Jan-2018,Rent
16.02,10000,60502,393452,Jan-2018,Own
15.05,15000,138123,366905,Jan-2018,Mortgage
10.41,30000,36901,247114,Mar-2018,Mortgage
9.93,13000,59541,80365,Feb-2018,Mortgage
18.06,25000,22139,44569,Feb-2018,Rent
26.3,25000,61861,78438,Mar-2018,Mortgage
20.39,21000,41494,248469,Mar-2018,Mortgage
16.02,32000,43497,191985,Jan-2018,Mortgage
9.93,26600,70929,263129,Feb-2018,Mortgage
7.96,20000,14231,34825,Mar-2018,Mortgage
26.77,10000,20915,27926,Feb-2018,Rent
6.08,12000,80401,450264,Jan-2018,Own
12.62,25000,84585,225413,Feb-2018,Mortgage
14.07,20000,56362,387095,Feb-2018,Mortgage
10.42,2400,24259,155745,Jan-2018,Mortgage
25.81,25000,53503,339822,Mar-2018,Mortgage
6.08,25000,8675,25300,Jan-2018,Rent
9.92,2000,20406,23789,Mar-2018,Own
20.39,18000,39857,171120,Mar-2018,Mortgage
7.34,5000,29373,59987,Mar-2018,Rent
10.9,8400,41886,74595,Mar-2018,Rent
10.91,11000,14725,16700,Jan-2018,Rent
6.08,34950,44738,112637,Jan-2018,Rent
7.97,25000,163732,696408,Feb-2018,Mortgage
7.35,5000,1840,139382,Jan-2018,Mortgage
10.41,29100,49796,93687,Mar-2018,Mortgage
17.09,24000,91017,454091,Jan-2018,Mortgage
15.05,20000,51896,62210,Jan-2018,Rent
21.45,35000,33152,484800,Feb-2018,Mortgage
7.34,18500,45914,361800,Mar-2018,Mortgage
9.43,7000,3731,7800,Feb-2018,Mortgage
18.45,14000,54494,63637,Mar-2018,Mortgage
6.71,5000,55520,95040,Mar-2018,Own
12.61,6400,33365,44466,Mar-2018,Rent
7.34,16000,31725,239059,Mar-2018,Mortgage
19.42,6000,24912,33400,Mar-2018,Rent
9.44,10000,6713,11899,Jan-2018,Rent
12.62,12000,25434,206326,Jan-2018,Mortgage
11.99,11500,39265,67963,Jan-2018,Own
15.05,7500,11265,21700,Feb-2018,Own
16.01,6000,6036,13950,Mar-2018,Rent
7.35,16000,55320,210915,Jan-2018,Mortgage
7.35,10000,18237,366262,Jan-2018,Mortgage
7.96,30000,90089,618905,Mar-2018,Mortgage
17.09,40000,72129,240985,Jan-2018,Rent
22.91,40000,73336,320446,Jan-2018,Mortgage
9.43,16000,100156,228684,Mar-2018,Mortgage
6.08,25000,53237,357583,Jan-2018,Mortgage
6.07,1500,135351,149463,Mar-2018,Rent
11.98,4000,10903,85050,Mar-2018,Mortgage
9.93,20000,28890,319953,Feb-2018,Rent
20,7500,60585,85489,Feb-2018,Own
14.07,30000,54441,260500,Feb-2018,Mortgage
6.07,26000,830,410700,Mar-2018,Mortgage
12.62,20000,9701,20182,Jan-2018,Rent
12.62,4000,47000,271045,Jan-2018,Mortgage
9.44,5000,43722,413371,Feb-2018,Mortgage
6.08,20000,14966,47800,Feb-2018,Rent
9.44,8000,23935,51024,Feb-2018,Rent
12.62,25000,38800,255451,Jan-2018,Rent
18.06,5000,15021,237898,Jan-2018,Own
7.35,30000,50692,314237,Jan-2018,Mortgage
15.04,21000,38453,137315,Mar-2018,Mortgage
10.42,40000,4000,100476,Jan-2018,Rent
17.09,15000,24925,143990,Feb-2018,Mortgage
12.62,24000,24009,147875,Feb-2018,Mortgage
11.98,20000,2917,9800,Mar-2018,Own
11.98,22000,143462,466113,Mar-2018,Mortgage
10.9,35000,187288,506818,Mar-2018,Mortgage
10.9,8000,41458,244423,Mar-2018,Rent
17.09,10000,25046,38779,Feb-2018,Rent
16.01,4600,12791,102543,Mar-2018,Mortgage
7.35,15000,91989,119814,Jan-2018,Rent
5.31,12000,95869,452712,Mar-2018,Mortgage
6.72,4000,27794,230184,Jan-2018,Mortgage
14.07,30000,50274,340257,Mar-2018,Mortgage
6.71,30000,150898,434204,Mar-2018,Own
9.43,40000,52398,111921,Feb-2018,Mortgage
6.72,3500,28724,52246,Jan-2018,Rent
14.08,6050,32457,44797,Jan-2018,Rent
7.35,40000,77113,219423,Feb-2018,Mortgage
15.05,10000,129470,297108,Feb-2018,Mortgage
16.02,10500,13530,22589,Jan-2018,Rent
13.58,37000,94752,151358,Mar-2018,Mortgage
11.99,10000,22484,44050,Jan-2018,Rent
16.02,30925,28318,78128,Jan-2018,Rent
11.99,17500,43978,406693,Feb-2018,Mortgage
17.47,15000,243125,274606,Feb-2018,Rent
9.92,20000,15550,263690,Mar-2018,Mortgage
5.32,8000,7192,13600,Jan-2018,Rent
13.59,6300,43543,62094,Mar-2018,Rent
9.93,15000,184542,429741,Feb-2018,Mortgage
21.45,7000,30159,54594,Jan-2018,Rent
16.02,8000,4961,10700,Jan-2018,Own
6.72,10000,31779,323739,Jan-2018,Mortgage
21.45,32000,15026,333592,Feb-2018,Mortgage
11.98,36000,185095,655025,Mar-2018,Own
7.96,9600,36733,208427,Mar-2018,Mortgage
19.03,15000,54679,83264,Feb-2018,Rent
9.93,40000,71240,462077,Jan-2018,Mortgage
14.07,10500,37904,55704,Mar-2018,Rent
15.04,12000,24797,165569,Mar-2018,Mortgage
9.44,10200,96545,339067,Jan-2018,Mortgage
20,22000,34198,42314,Feb-2018,Rent
11.99,4500,84971,92071,Feb-2018,Rent
6.07,5600,6296,49100,Mar-2018,Rent
9.43,17000,14466,54700,Mar-2018,Rent
11.99,6000,123970,116633,Jan-2018,Rent
19.03,15000,31552,46198,Jan-2018,Mortgage
12.62,9500,25216,169649,Feb-2018,Mortgage
7.34,21000,6880,36000,Mar-2018,Rent
7.96,15000,37532,53591,Mar-2018,Mortgage
10.41,12000,26788,79082,Mar-2018,Rent
14.08,11200,7709,91500,Jan-2018,Own
19.42,30000,131464,424516,Mar-2018,Mortgage
17.09,6600,18936,68558,Jan-2018,Rent
9.93,4000,3100,250200,Jan-2018,Mortgage
15.04,25000,30466,102504,Mar-2018,Rent
6.71,19000,8701,421180,Mar-2018,Own
20.39,17575,146543,197224,Mar-2018,Rent
23.88,20000,50703,230513,Jan-2018,Mortgage
9.44,1200,6563,196450,Feb-2018,Mortgage
19.03,2100,23082,29500,Jan-2018,Rent
9.44,29000,91455,493987,Jan-2018,Rent
9.92,25000,26730,44351,Mar-2018,Rent
16.01,16000,70658,114232,Mar-2018,Rent
9.93,3000,4030,27600,Jan-2018,Rent
5.32,25000,12545,71512,Feb-2018,Rent
17.09,13500,22620,52430,Feb-2018,Rent
7.96,25000,69062,248690,Mar-2018,Mortgage
7.34,5400,16043,155650,Feb-2018,Mortgage
9.43,6000,23085,46942,Mar-2018,Rent
10.91,40000,39704,79572,Feb-2018,Own
16.02,35000,70232,101995,Jan-2018,Mortgage
11.99,5000,15389,52650,Jan-2018,Rent
7.35,30000,32015,312180,Jan-2018,Mortgage
23.87,15000,41002,102700,Mar-2018,Own
7.97,14400,73583,94676,Jan-2018,Rent
14.08,20000,37114,85394,Jan-2018,Own
10.9,30000,198478,198131,Mar-2018,Rent
14.07,2500,60373,89093,Mar-2018,Own
9.44,32000,145919,882682,Feb-2018,Mortgage
9.92,4000,486,7500,Feb-2018,Mortgage
10.91,8400,33379,38583,Jan-2018,Rent
11.99,12000,29143,51782,Jan-2018,Own
23.88,21000,47326,130810,Jan-2018,Rent
16.02,10000,36865,300915,Jan-2018,Mortgage
7.35,25000,109685,393114,Feb-2018,Mortgage
21.85,19000,29253,44942,Feb-2018,Rent
21.45,19450,161203,581424,Feb-2018,Mortgage
16.02,16000,14711,31504,Feb-2018,Rent
10.91,25200,3425,286830,Jan-2018,Mortgage
12.61,20000,121921,424443,Mar-2018,Mortgage
10.91,1300,13314,29746,Jan-2018,Rent
17.47,14000,542,4500,Mar-2018,Own
9.44,8400,27593,91700,Jan-2018,Own
12.62,22000,105028,363396,Jan-2018,Mortgage
14.08,6400,78706,436250,Jan-2018,Own
6.08,6000,57467,110060,Jan-2018,Rent
13.58,9000,35532,67025,Mar-2018,Rent
9.93,20000,15427,30100,Jan-2018,Own
11.98,25200,67047,108873,Mar-2018,Mortgage
7.35,9900,22347,62051,Jan-2018,Own
7.35,12000,20946,194739,Jan-2018,Own
12.62,35000,92708,281584,Jan-2018,Mortgage
11.99,24000,72136,268984,Feb-2018,Rent
17.09,20000,29029,198911,Jan-2018,Mortgage
7.34,7000,10316,229100,Mar-2018,Mortgage
21.45,35000,52616,73356,Feb-2018,Own
9.43,40000,113729,591983,Mar-2018,Mortgage
10.91,4800,69413,250241,Feb-2018,Own
12.61,10000,15607,408562,Mar-2018,Mortgage
9.43,12000,3458,17000,Mar-2018,Rent
9.92,16000,91098,342875,Mar-2018,Mortgage
10.9,30000,65572,267054,Mar-2018,Mortgage
11.98,6000,13655,18800,Mar-2018,Own
17.09,12800,16252,31944,Jan-2018,Own
25.82,16000,24495,55525,Feb-2018,Rent
16.01,5000,4341,6200,Mar-2018,Rent
19.42,15000,39051,53437,Feb-2018,Own
13.59,34800,48247,56437,Feb-2018,Rent
9.44,4500,264340,465132,Jan-2018,Mortgage
9.92,40000,15911,27098,Mar-2018,Own
10.9,6025,21365,215327,Mar-2018,Mortgage
9.44,24000,4350,110927,Jan-2018,Mortgage
13.58,14000,17763,215100,Mar-2018,Mortgage
13.59,12000,48914,160162,Feb-2018,Mortgage
9.43,36000,25047,71100,Mar-2018,Rent
10.9,16000,23623,56900,Mar-2018,Mortgage
20,15000,99037,115637,Feb-2018,Own
13.59,10000,21416,28270,Feb-2018,Own
15.05,7500,20539,30300,Jan-2018,Rent
6.08,6000,13055,21709,Feb-2018,Own
15.05,25600,40223,77217,Jan-2018,Rent
16.01,25025,32790,115830,Mar-2018,Mortgage
10.9,30000,29147,319546,Mar-2018,Mortgage
23.88,13000,21439,219303,Jan-2018,Mortgage
9.43,40000,77287,845772,Mar-2018,Mortgage
5.32,30000,56071,478503,Jan-2018,Mortgage
10.91,8500,9075,15625,Jan-2018,Rent
7.96,15000,37160,259486,Feb-2018,Mortgage
9.44,10000,86846,133685,Feb-2018,Rent
15.05,24000,64400,210769,Feb-2018,Own
15.04,15000,109879,379991,Mar-2018,Mortgage
10.42,3200,18013,26708,Jan-2018,Rent
5.32,7000,26329,83627,Feb-2018,Rent
10.42,10000,13027,68600,Feb-2018,Own
7.35,10000,34750,71427,Jan-2018,Rent
14.08,15000,59611,518468,Feb-2018,Mortgage
5.31,10000,17575,205944,Feb-2018,Mortgage
10.9,26100,79336,274750,Mar-2018,Mortgage
16.02,20000,68804,92800,Feb-2018,Rent
10.42,10000,50759,59571,Feb-2018,Rent
11.99,25000,24722,222200,Jan-2018,Mortgage
20,35000,49497,224858,Jan-2018,Mortgage
13.59,14000,188739,191812,Jan-2018,Mortgage
17.47,30000,91377,104106,Mar-2018,Own
19.42,15000,236500,358253,Mar-2018,Mortgage
6.72,4000,6605,17357,Feb-2018,Rent
14.08,10000,38531,54161,Feb-2018,Rent
12.61,24000,79020,203513,Mar-2018,Own
5.32,30000,113772,963320,Jan-2018,Mortgage
11.99,3600,9753,85253,Jan-2018,Mortgage
6.71,16000,42046,103500,Feb-2018,Rent
10.91,10000,9768,21300,Feb-2018,Rent
15.05,10000,15751,132763,Jan-2018,Own
6.07,14500,34866,86270,Feb-2018,Rent
11.98,22400,298774,470933,Mar-2018,Mortgage
9.44,25000,38493,76496,Feb-2018,Own
6.71,10000,96231,358028,Mar-2018,Mortgage
16.01,14000,15541,44512,Mar-2018,Rent
7.97,32000,103750,456938,Feb-2018,Own
13.58,14300,36193,58566,Mar-2018,Own
24.84,1400,752,2500,Mar-2018,Own
7.35,38000,29457,211439,Feb-2018,Mortgage
10.42,40000,72409,295050,Jan-2018,Mortgage
20.39,25000,27073,225023,Mar-2018,Mortgage
10.91,14800,48371,249221,Jan-2018,Mortgage
25.82,12000,18935,425809,Feb-2018,Mortgage
18.45,16000,136828,149128,Mar-2018,Mortgage
11.98,24000,41537,58351,Mar-2018,Rent
7.97,4500,48810,156212,Feb-2018,Rent
13.59,6000,34318,231738,Feb-2018,Own
10.42,20000,33419,53094,Jan-2018,Rent
9.44,10600,33055,49200,Jan-2018,Rent
6.08,10000,12477,190829,Jan-2018,Mortgage
14.07,7000,16147,18269,Mar-2018,Own
13.58,3000,24857,40893,Mar-2018,Rent
7.97,18000,32562,70685,Jan-2018,Rent
21.85,10000,7540,16468,Mar-2018,Mortgage
29.69,35000,84911,407664,Jan-2018,Own
7.34,25000,176029,591015,Mar-2018,Mortgage
7.97,12000,111351,414424,Jan-2018,Mortgage
7.35,30000,17045,351941,Jan-2018,Mortgage
5.32,15000,44724,643718,Jan-2018,Mortgage
17.47,30000,56488,104547,Mar-2018,Own
7.34,10000,25109,67239,Mar-2018,Own
12.61,20000,39966,91317,Mar-2018,Rent
26.3,28200,160756,257186,Jan-2018,Rent
9.92,25000,126970,412469,Feb-2018,Mortgage
7.96,7000,1208,154909,Mar-2018,Mortgage
16.01,18000,29216,198325,Mar-2018,Own
16.01,19500,62901,79288,Mar-2018,Mortgage
16.01,35000,32768,191883,Mar-2018,Mortgage
12.62,15000,12112,361146,Jan-2018,Mortgage
26.3,15000,13423,22900,Jan-2018,Rent
6.72,3000,35844,174569,Jan-2018,Rent
11.99,5000,75526,225181,Jan-2018,Mortgage
18.45,21600,17861,39350,Mar-2018,Own
7.97,3000,14687,95184,Jan-2018,Mortgage
12.61,10000,8904,30700,Mar-2018,Rent
7.97,20000,44208,102619,Jan-2018,Mortgage
7.34,20000,58174,258116,Mar-2018,Mortgage
11.99,18000,1488,29800,Jan-2018,Own
13.59,7500,63440,60921,Jan-2018,Rent
16.01,20000,83064,608772,Mar-2018,Mortgage
5.32,6500,38680,47908,Jan-2018,Rent
5.32,16000,58906,307572,Jan-2018,Mortgage
5.31,7000,23947,60904,Mar-2018,Mortgage
13.59,31275,42986,69601,Jan-2018,Rent
6.07,17800,37389,355224,Mar-2018,Own
5.32,12000,42762,156968,Feb-2018,Mortgage
25.82,15000,11082,19547,Jan-2018,Rent
12.62,32000,36135,50454,Jan-2018,Rent
12.62,25000,12709,36300,Feb-2018,Rent
6.08,14000,108768,165300,Jan-2018,Own
15.05,8500,82939,374282,Feb-2018,Mortgage
19.42,13000,9894,22350,Feb-2018,Rent
18.06,25000,38054,47783,Jan-2018,Mortgage
9.92,7000,13730,25883,Mar-2018,Rent
12.62,16000,99875,83675,Jan-2018,Rent
7.35,3000,118633,473535,Jan-2018,Mortgage
10.9,9600,52593,142513,Feb-2018,Mortgage
6.71,12000,38418,88616,Mar-2018,Rent
19.03,20000,17964,222303,Jan-2018,Rent
11.99,12000,12185,137200,Feb-2018,Mortgage
7.96,14500,51233,52441,Mar-2018,Rent
16.01,5000,58669,223299,Mar-2018,Own
7.34,6025,3340,15225,Mar-2018,Rent
10.41,24000,38218,65145,Mar-2018,Rent
21.85,25000,79073,188938,Mar-2018,Mortgage
7.35,9600,50622,87959,Feb-2018,Rent
10.9,25500,19715,700855,Mar-2018,Mortgage
10.41,15000,32656,131500,Feb-2018,Mortgage
11.98,10000,15316,30500,Mar-2018,Rent
11.98,40000,120421,396375,Mar-2018,Mortgage
6.72,6500,4905,34855,Mar-2018,Mortgage
5.31,12000,38897,96600,Feb-2018,Rent
12.61,20000,3659,46464,Mar-2018,Rent
7.35,18000,4321,87549,Feb-2018,Mortgage
7.96,21000,46986,69934,Mar-2018,Own
14.08,30000,29342,442958,Jan-2018,Rent
9.93,10000,0,164068,Jan-2018,Mortgage
9.44,18500,39201,183901,Feb-2018,Mortgage
16.02,20000,93992,137725,Jan-2018,Rent
9.93,12000,52354,75637,Jan-2018,Rent
9.92,12000,15907,31484,Feb-2018,Rent
19.03,3500,30155,42052,Feb-2018,Rent
9.93,8000,17736,177753,Jan-2018,Own
16.02,25000,35389,65382,Feb-2018,Rent
9.93,13500,78906,98776,Jan-2018,Rent
10.42,15000,19719,25300,Feb-2018,Rent
10.91,8400,30582,50855,Jan-2018,Rent
9.92,11000,63045,233627,Mar-2018,Mortgage
9.93,20000,17073,43179,Feb-2018,Own
9.44,8400,35880,55501,Feb-2018,Rent
15.05,10000,12299,68273,Feb-2018,Mortgage
17.09,21000,50893,88144,Jan-2018,Own
6.72,4000,25617,85825,Jan-2018,Mortgage
6.72,12000,64719,211174,Jan-2018,Mortgage
21.85,27025,34954,206749,Mar-2018,Mortgage
16.01,5000,33088,182682,Mar-2018,Mortgage
7.96,10000,10034,30259,Feb-2018,Own
12.62,2400,23005,32430,Feb-2018,Rent
19.03,30000,253533,411649,Feb-2018,Own
12.61,15000,30167,295400,Mar-2018,Mortgage
10.9,2400,46192,143750,Feb-2018,Mortgage
15.04,25475,24013,41022,Mar-2018,Rent
15.05,10000,7342,26700,Feb-2018,Rent
14.08,32000,116104,506207,Jan-2018,Mortgage
9.93,20000,7097,213310,Jan-2018,Mortgage
6.71,40000,38889,244360,Feb-2018,Mortgage
13.59,11000,46677,85649,Jan-2018,Rent
13.59,12000,28829,248457,Jan-2018,Mortgage
12.61,20000,29219,54991,Mar-2018,Rent
16.02,10000,16623,116400,Jan-2018,Mortgage
17.09,35000,20388,20500,Feb-2018,Rent
10.9,5600,34725,61867,Mar-2018,Rent
6.71,19175,42948,176697,Mar-2018,Rent
15.05,40000,103543,327097,Feb-2018,Mortgage
21.45,14000,20960,241438,Feb-2018,Mortgage
7.35,40000,37951,609847,Feb-2018,Mortgage
6.71,32000,83008,121034,Feb-2018,Rent
12.61,15000,10665,12800,Feb-2018,Rent
6.72,6000,58674,101156,Jan-2018,Rent
16.02,40000,71367,277358,Feb-2018,Mortgage
11.99,20000,46189,315917,Feb-2018,Rent
7.96,14000,25684,46578,Mar-2018,Rent
10.42,1500,6735,10782,Jan-2018,Mortgage
9.43,5600,11150,154069,Mar-2018,Mortgage
7.35,9500,11714,38600,Feb-2018,Rent
7.97,9600,22092,32733,Jan-2018,Rent
6.07,25000,42649,440000,Mar-2018,Mortgage
13.59,16000,30715,48467,Jan-2018,Rent
10.42,10000,14746,109500,Jan-2018,Mortgage
6.72,8000,39458,226730,Feb-2018,Mortgage
17.09,8000,26435,49815,Feb-2018,Rent
14.08,16000,13700,36783,Feb-2018,Mortgage
6.71,6000,118338,313889,Mar-2018,Mortgage
7.34,20000,209376,494393,Feb-2018,Mortgage
6.07,4300,48716,247367,Mar-2018,Mortgage
24.85,12000,74381,515101,Jan-2018,Mortgage
16.01,40000,69579,106610,Mar-2018,Mortgage
14.08,16000,40906,305338,Jan-2018,Mortgage
9.43,12000,68823,92008,Mar-2018,Rent
29.69,35000,134873,521786,Jan-2018,Mortgage
21.45,8275,187709,551304,Jan-2018,Mortgage
6.72,10000,35823,46617,Jan-2018,Rent
11.99,25000,70804,344633,Jan-2018,Mortgage
13.59,15000,26843,190300,Feb-2018,Mortgage
6.72,12000,74023,461736,Jan-2018,Mortgage
16.02,10000,10666,145446,Jan-2018,Own
15.05,15000,16102,23100,Feb-2018,Rent
15.05,4000,21924,27400,Feb-2018,Own
11.99,8000,102145,148723,Jan-2018,Own
7.96,20575,104187,151681,Mar-2018,Rent
15.04,11000,39352,80775,Mar-2018,Mortgage
9.93,36000,301518,720131,Jan-2018,Mortgage
16.02,19300,159220,431537,Jan-2018,Mortgage
5.31,10000,5986,34000,Mar-2018,Rent
10.91,20000,34077,65676,Jan-2018,Rent
9.93,20000,30786,76759,Jan-2018,Mortgage
10.91,8000,29820,480384,Feb-2018,Mortgage
9.92,8900,11077,17200,Mar-2018,Rent
5.31,10000,28351,365058,Feb-2018,Mortgage
19.42,10000,13307,26489,Mar-2018,Rent
19.03,19200,44882,293380,Feb-2018,Mortgage
5.31,18000,28069,293895,Mar-2018,Mortgage
11.99,1600,8644,22000,Jan-2018,Own
9.92,5000,29647,230873,Mar-2018,Mortgage
16.02,4000,9136,199500,Jan-2018,Mortgage
11.99,25000,26734,63300,Feb-2018,Rent
21.85,16000,35547,51124,Mar-2018,Rent
20.39,10000,41598,202300,Mar-2018,Mortgage
10.41,1800,31116,48660,Mar-2018,Rent
10.91,15000,35385,59676,Jan-2018,Rent
20,35000,2023,251690,Feb-2018,Mortgage
10.91,18000,40775,70671,Jan-2018,Rent
14.08,10000,65816,742634,Feb-2018,Mortgage
10.42,2500,32394,42014,Jan-2018,Rent
7.97,35000,14834,56788,Jan-2018,Mortgage
5.31,30000,19348,189253,Mar-2018,Mortgage
23.87,40000,79560,132340,Mar-2018,Rent
7.97,3150,103139,272413,Feb-2018,Mortgage
9.44,7650,29939,281467,Feb-2018,Mortgage
15.05,12000,82664,274294,Feb-2018,Mortgage
18.45,31500,104784,135263,Feb-2018,Mortgage
10.91,6600,28389,152772,Jan-2018,Mortgage
6.07,20000,17428,205329,Mar-2018,Mortgage
9.93,8000,34533,172542,Feb-2018,Mortgage
10.9,16000,34590,167746,Mar-2018,Mortgage
16.01,12000,9896,18092,Feb-2018,Rent
13.59,10000,25342,61477,Jan-2018,Rent
6.71,18000,95923,270786,Mar-2018,Mortgage
9.93,15000,52086,111632,Feb-2018,Rent
12.62,1800,25586,262801,Feb-2018,Rent
9.43,4500,5435,10300,Mar-2018,Rent
9.93,12000,54543,61158,Jan-2018,Rent
12.61,11000,64328,68265,Feb-2018,Mortgage
11.98,20000,22466,32627,Mar-2018,Mortgage
7.34,2100,368,129000,Mar-2018,Mortgage
9.43,27200,15229,382190,Mar-2018,Mortgage
16.02,35000,159878,193469,Jan-2018,Rent
13.59,5600,36675,50833,Jan-2018,Rent
16.02,15000,33326,71532,Jan-2018,Rent
10.42,30000,33897,62800,Jan-2018,Rent
6.07,10000,68319,186785,Mar-2018,Own
15.04,14400,13806,21700,Feb-2018,Rent
12.62,15000,52524,74394,Jan-2018,Rent
13.58,5000,17519,36320,Mar-2018,Rent
10.41,12000,45679,306802,Mar-2018,Mortgage
10.9,12000,30402,53640,Feb-2018,Mortgage
11.99,2500,324,500,Jan-2018,Rent
21.45,30000,2568,8600,Jan-2018,Own
11.99,24000,251337,291671,Feb-2018,Rent
12.62,7500,97996,130171,Feb-2018,Own
10.41,6025,74215,94090,Mar-2018,Rent
10.91,6000,6282,44600,Feb-2018,Own
12.62,6000,20537,34138,Mar-2018,Rent
9.93,8000,48363,70600,Jan-2018,Rent
19.03,4700,9387,19174,Jan-2018,Rent
6.72,36000,34998,331617,Jan-2018,Mortgage
7.35,3100,30439,284549,Jan-2018,Mortgage
6.72,20000,70405,185675,Jan-2018,Mortgage
5.31,20000,29540,60934,Mar-2018,Rent
10.42,12000,37245,213393,Jan-2018,Mortgage
9.44,10000,5307,218500,Jan-2018,Mortgage
20,24000,42891,67907,Jan-2018,Rent
7.35,8000,52082,130793,Jan-2018,Rent
5.31,5600,27957,128419,Feb-2018,Mortgage
6.71,15000,32435,64648,Mar-2018,Rent
13.59,13000,20468,32531,Feb-2018,Mortgage
11.98,16000,58846,300377,Mar-2018,Mortgage
13.59,24000,154082,437791,Feb-2018,Mortgage
17.47,15000,49814,195823,Feb-2018,Mortgage
6.71,40000,50846,95978,Mar-2018,Rent
9.43,1500,50846,383920,Mar-2018,Mortgage
14.08,6000,34708,177193,Feb-2018,Rent
6.07,6500,62800,412031,Mar-2018,Own
17.47,35000,26651,44191,Mar-2018,Rent
6.72,5000,125381,339348,Jan-2018,Mortgage
12.62,16300,23178,49496,Feb-2018,Mortgage
9.93,35000,118048,425003,Feb-2018,Own
16.01,20000,0,1000,Mar-2018,Rent
9.93,9600,47174,58092,Feb-2018,Rent
15.04,4000,40219,58589,Feb-2018,Rent
6.72,10000,23226,253219,Feb-2018,Mortgage
11.99,35000,95287,150792,Jan-2018,Rent
9.93,40000,39912,271895,Jan-2018,Mortgage
13.58,4000,14353,24900,Mar-2018,Mortgage
11.99,7925,156411,604879,Jan-2018,Mortgage
18.45,8000,7977,16432,Mar-2018,Rent
6.72,9000,30208,426006,Jan-2018,Mortgage
16.02,12000,36085,55419,Feb-2018,Rent
5.31,6000,44138,118466,Mar-2018,Rent
7.34,11000,31712,60949,Mar-2018,Rent
6.72,3600,34059,54159,Feb-2018,Rent
15.05,25000,51279,320788,Feb-2018,Mortgage
25.82,12000,140118,173547,Jan-2018,Rent
26.3,10000,8400,20754,Feb-2018,Rent
7.35,15000,28418,51895,Feb-2018,Mortgage
9.93,24000,158201,770922,Jan-2018,Mortgage
5.32,24000,44487,282300,Jan-2018,Mortgage
7.34,26000,110874,467710,Mar-2018,Mortgage
13.59,18000,67919,118862,Jan-2018,Rent
7.96,40000,74764,149818,Mar-2018,Mortgage
16.01,12000,32308,201612,Mar-2018,Mortgage
14.08,10000,97737,125789,Jan-2018,Rent
11.99,18000,27846,240500,Jan-2018,Mortgage
15.05,30000,110542,253672,Feb-2018,Mortgage
9.93,12000,32474,66782,Feb-2018,Rent
9.93,32000,216560,238069,Feb-2018,Rent
12.61,40000,15548,514902,Feb-2018,Own
15.05,3000,21457,25138,Jan-2018,Own
11.99,6000,14102,26784,Feb-2018,Rent
11.98,15000,274405,487412,Mar-2018,Mortgage
13.59,15000,88536,145904,Feb-2018,Own
17.47,15000,14983,24800,Mar-2018,Rent
20,10300,2339,78750,Feb-2018,Own
13.59,30000,33313,91692,Jan-2018,Rent
10.91,21925,58562,321662,Feb-2018,Rent
10.91,40000,33950,54543,Feb-2018,Rent
7.35,10000,33209,180433,Jan-2018,Mortgage
13.58,10000,97092,102131,Feb-2018,Rent
19.03,8000,24889,53202,Jan-2018,Rent
6.71,18000,57436,87986,Mar-2018,Rent
9.93,21000,149424,470638,Jan-2018,Mortgage
14.07,18000,68930,84153,Mar-2018,Rent
17.09,10000,231673,565377,Feb-2018,Mortgage
10.91,15000,48820,203258,Feb-2018,Mortgage
17.09,22400,15328,31799,Feb-2018,Own
6.08,20000,30569,93000,Jan-2018,Rent
10.91,5000,12488,266417,Jan-2018,Mortgage
24.85,10000,29442,29227,Jan-2018,Rent
15.05,5000,10126,15100,Feb-2018,Rent
6.08,3000,76428,154465,Jan-2018,Mortgage
12.61,12000,75476,79459,Mar-2018,Rent
6.72,20800,34481,64350,Jan-2018,Rent
9.44,10000,32621,96313,Jan-2018,Mortgage
6.71,20000,42877,171805,Mar-2018,Rent
10.42,37000,47467,323589,Jan-2018,Mortgage
6.72,6000,15684,62132,Feb-2018,Rent
9.93,10000,31896,60883,Jan-2018,Own
6.72,20000,256949,920884,Feb-2018,Mortgage
9.44,18000,60513,367911,Jan-2018,Mortgage
13.59,10000,38767,75176,Jan-2018,Mortgage
12.61,25000,31110,93306,Mar-2018,Mortgage
21.45,5000,778,1000,Feb-2018,Rent
9.43,6000,13327,214600,Feb-2018,Mortgage
6.71,8400,0,5600,Mar-2018,Rent
9.92,23000,25336,53943,Mar-2018,Mortgage
19.42,3025,10692,107432,Mar-2018,Mortgage
14.08,25000,73884,76995,Feb-2018,Rent
20,25000,12346,17000,Jan-2018,Rent
9.93,5000,24730,30741,Jan-2018,Rent
7.35,20000,43346,55685,Jan-2018,Own
18.06,35000,49118,642952,Jan-2018,Mortgage
14.08,15000,45651,55201,Jan-2018,Own
13.59,6000,53045,78554,Feb-2018,Mortgage
7.96,19000,160922,864396,Mar-2018,Mortgage
5.31,40000,75851,363123,Mar-2018,Mortgage
10.41,10000,13415,23200,Mar-2018,Rent
9.44,40000,37067,483332,Jan-2018,Mortgage
13.58,18000,135938,239710,Mar-2018,Mortgage
23.88,6500,7389,11266,Mar-2018,Own
13.59,6000,6054,15500,Jan-2018,Rent
6.71,12000,36562,78289,Mar-2018,Rent
12.62,13000,13397,53900,Feb-2018,Mortgage
9.44,10000,37169,336575,Feb-2018,Mortgage
15.05,35000,100778,121021,Jan-2018,Own
9.93,8000,7749,10000,Jan-2018,Rent
18.06,20000,15359,56600,Jan-2018,Own
16.01,30000,233230,251721,Mar-2018,Mortgage
11.99,5000,3907,168337,Feb-2018,Mortgage
9.43,5000,14255,243107,Mar-2018,Mortgage
11.99,21000,28831,73117,Jan-2018,Rent
5.32,2500,1933,127609,Jan-2018,Mortgage
12.62,25000,28942,47100,Feb-2018,Own
15.05,3600,56682,382076,Jan-2018,Mortgage
15.05,10000,22578,33189,Jan-2018,Rent
10.42,6500,10091,17359,Jan-2018,Rent
6.72,10000,6202,534372,Feb-2018,Mortgage
7.35,8000,2716,4300,Jan-2018,Mortgage
20.39,3500,3323,4300,Feb-2018,Rent
6.08,32000,49084,88084,Feb-2018,Rent
9.93,30000,24189,74900,Mar-2018,Rent
11.98,16000,35326,206602,Mar-2018,Mortgage
20.39,8400,12400,17400,Mar-2018,Mortgage
13.58,6000,45893,358161,Mar-2018,Mortgage
5.31,10000,7064,20600,Feb-2018,Rent
16.02,10000,29258,47923,Feb-2018,Mortgage
18.06,16000,32952,230889,Feb-2018,Mortgage
19.03,22000,48611,73031,Feb-2018,Rent
16.02,10000,49555,86930,Jan-2018,Own
9.93,10000,10800,20924,Feb-2018,Rent
13.59,35000,57505,277533,Jan-2018,Mortgage
15.05,23000,34750,71850,Jan-2018,Rent
23.87,7200,14436,132026,Mar-2018,Mortgage
9.93,14000,41134,226673,Jan-2018,Mortgage
20,19525,62759,280934,Jan-2018,Mortgage
5.32,7800,9263,29725,Jan-2018,Rent
26.77,28600,14555,50999,Mar-2018,Rent
7.34,2500,11744,62000,Mar-2018,Own
15.05,30000,17221,276617,Feb-2018,Rent
10.9,10400,12199,240758,Mar-2018,Mortgage
9.93,7000,36980,70100,Feb-2018,Rent
7.35,7000,109674,435583,Jan-2018,Mortgage
13.58,8000,48506,242009,Mar-2018,Mortgage
14.07,7200,5167,10652,Mar-2018,Rent
7.35,40000,127446,884610,Jan-2018,Mortgage
11.99,40000,10293,257270,Jan-2018,Mortgage
12.61,34000,116079,341340,Mar-2018,Mortgage
11.98,12000,41682,52603,Mar-2018,Mortgage
9.92,4625,11810,81700,Mar-2018,Mortgage
10.91,10000,16802,32745,Jan-2018,Rent
14.07,14000,33590,84324,Mar-2018,Mortgage
7.35,1800,41101,65847,Feb-2018,Rent
9.92,5000,41188,82173,Mar-2018,Mortgage
13.58,1500,11816,25582,Feb-2018,Rent
6.71,22000,22582,32200,Mar-2018,Rent
7.34,1625,15284,350836,Mar-2018,Mortgage
5.32,8000,9044,87606,Jan-2018,Rent
18.45,5000,29920,404737,Mar-2018,Mortgage
19.42,40000,109816,444344,Mar-2018,Mortgage
10.42,30000,34499,120304,Feb-2018,Own
6.71,15000,127470,92840,Mar-2018,Rent
6.08,20000,34568,117173,Feb-2018,Rent
9.92,13000,108092,116736,Mar-2018,Rent
15.05,20000,73904,622144,Jan-2018,Mortgage
25.82,8000,48301,75837,Feb-2018,Rent
24.84,15000,9712,11300,Mar-2018,Rent
9.93,12700,86200,396163,Feb-2018,Own
7.97,36000,346,6900,Jan-2018,Rent
9.44,40000,2409,237356,Feb-2018,Own
17.47,15500,49168,81698,Mar-2018,Mortgage
7.34,25000,37578,298491,Feb-2018,Own
13.59,32000,390719,382472,Jan-2018,Rent
18.06,35000,96419,134320,Feb-2018,Mortgage
19.03,12000,59373,215224,Feb-2018,Mortgage
14.08,23400,68115,59864,Jan-2018,Rent
12.62,6000,53771,82483,Jan-2018,Own
14.08,3000,23579,67496,Jan-2018,Rent
16.02,21000,41060,48898,Jan-2018,Rent
10.9,28800,34162,147686,Mar-2018,Mortgage
7.35,28000,34799,132266,Jan-2018,Mortgage
6.72,12000,24680,74500,Jan-2018,Rent
24.85,13800,59187,102413,Jan-2018,Rent
10.91,9000,13069,25200,Feb-2018,Rent
18.45,4000,22762,33640,Feb-2018,Rent
14.08,18000,50124,95295,Jan-2018,Rent
11.99,10000,33670,118155,Jan-2018,Rent
12.62,32000,235425,258930,Jan-2018,Own
14.07,36000,66950,74061,Mar-2018,Rent
7.35,10000,30871,160060,Jan-2018,Mortgage
7.97,20000,43574,82609,Feb-2018,Rent
5.31,12000,28393,215306,Feb-2018,Mortgage
19.03,35000,95208,120626,Jan-2018,Mortgage
14.08,25000,91078,143807,Jan-2018,Mortgage
16.02,10000,8536,11000,Jan-2018,Rent
13.59,25000,133138,322311,Jan-2018,Own
11.98,10000,212441,330513,Mar-2018,Rent
10.41,13000,39895,52018,Mar-2018,Own
13.58,13000,77371,116568,Feb-2018,Rent
9.92,15000,21433,216344,Mar-2018,Mortgage
15.05,8550,76442,158814,Jan-2018,Rent
11.99,20000,4766,192018,Jan-2018,Own
28.72,30000,16235,255868,Mar-2018,Mortgage
11.99,25000,272922,443437,Jan-2018,Mortgage
24.85,12500,74821,253415,Feb-2018,Mortgage
7.35,12000,2663,168600,Jan-2018,Mortgage
15.05,3200,2909,5900,Jan-2018,Rent
12.62,15100,30709,294298,Jan-2018,Mortgage
9.44,15000,17943,74700,Feb-2018,Mortgage
14.07,32200,68901,266557,Mar-2018,Mortgage
11.99,6000,47889,127709,Feb-2018,Mortgage
9.43,7000,7373,26900,Mar-2018,Mortgage
17.47,18000,68640,114916,Mar-2018,Own
5.31,12000,4264,321250,Mar-2018,Mortgage
12.62,10000,1637,4600,Feb-2018,Rent
7.35,2500,39795,487175,Feb-2018,Mortgage
15.04,28000,65986,86373,Mar-2018,Rent
11.98,7000,131726,132817,Mar-2018,Mortgage
14.07,4200,60991,71746,Mar-2018,Rent
5.32,20000,55831,372555,Jan-2018,Mortgage
10.91,14400,127441,149881,Jan-2018,Mortgage
12.62,4800,40446,297050,Feb-2018,Mortgage
7.35,2500,25933,121474,Jan-2018,Rent
13.59,27000,33176,350863,Jan-2018,Mortgage
10.91,11200,43274,54448,Feb-2018,Rent
10.42,10000,37248,370949,Feb-2018,Mortgage
15.05,30000,33465,57125,Jan-2018,Rent
10.42,40000,96747,136526,Jan-2018,Mortgage
10.91,5500,24939,179394,Feb-2018,Mortgage
5.32,22000,61454,415186,Feb-2018,Mortgage
13.58,10050,0,302664,Mar-2018,Mortgage
10.9,11000,13569,101800,Mar-2018,Mortgage
9.44,6000,9510,53200,Jan-2018,Rent
10.91,24000,120476,320017,Feb-2018,Mortgage
10.41,25000,13023,239411,Mar-2018,Mortgage
7.97,12500,108015,350073,Jan-2018,Mortgage
20.39,4000,19378,23200,Mar-2018,Rent
10.9,14000,78912,368610,Mar-2018,Mortgage
7.97,35000,61599,323213,Feb-2018,Mortgage
5.32,20000,84799,150047,Feb-2018,Mortgage
5.31,20000,84817,861686,Mar-2018,Mortgage
15.05,10000,119006,115137,Jan-2018,Rent
13.59,18000,34369,58799,Feb-2018,Mortgage
17.47,15000,49077,80125,Mar-2018,Mortgage
9.92,9600,2517,68863,Mar-2018,Own
15.05,6000,101478,500064,Jan-2018,Mortgage
7.35,20000,56595,405641,Jan-2018,Mortgage
9.93,27000,76496,92873,Feb-2018,Mortgage
9.92,25000,99487,228170,Mar-2018,Mortgage
13.59,4800,8940,38400,Jan-2018,Rent
19.03,4200,75599,101327,Feb-2018,Rent
20,7200,4220,38600,Feb-2018,Rent
9.93,1000,6216,67555,Jan-2018,Mortgage
6.08,5600,20800,108237,Jan-2018,Rent
7.96,10000,10900,47142,Mar-2018,Mortgage
9.44,24000,25657,104611,Feb-2018,Mortgage
28.72,15000,39713,44247,Mar-2018,Rent
26.3,25000,53786,66271,Jan-2018,Mortgage
13.59,5000,10480,23098,Jan-2018,Rent
6.72,5000,14871,187458,Jan-2018,Mortgage
11.99,11000,42869,266379,Feb-2018,Mortgage
19.42,10000,58139,84065,Mar-2018,Rent
11.99,35000,19003,41600,Jan-2018,Rent
25.82,12000,20901,30484,Jan-2018,Rent
15.04,13000,29787,226555,Mar-2018,Mortgage
28.72,10000,94243,314462,Jan-2018,Mortgage
16.01,40000,6499,93100,Mar-2018,Mortgage
12.62,15000,23748,240826,Jan-2018,Mortgage
17.09,20000,29323,39500,Jan-2018,Rent
6.08,7200,21796,125014,Jan-2018,Mortgage
7.34,25000,85647,569999,Mar-2018,Mortgage
6.72,17000,78673,111470,Jan-2018,Rent
19.03,22325,108791,182878,Jan-2018,Own
11.99,30000,10368,219724,Jan-2018,Mortgage
7.96,20000,78205,117251,Mar-2018,Rent
9.92,14400,25030,58223,Mar-2018,Rent
6.72,14400,96829,321514,Jan-2018,Mortgage
20,20000,28613,61269,Feb-2018,Own
10.9,12000,20215,29907,Mar-2018,Mortgage
6.72,14400,5044,16500,Feb-2018,Rent
12.62,20000,10658,22000,Jan-2018,Own
6.07,10000,43325,94624,Mar-2018,Rent
14.07,35000,60904,88410,Mar-2018,Rent
18.06,8000,107767,309014,Feb-2018,Mortgage
10.42,7200,51092,67333,Jan-2018,Rent
12.61,20000,34131,407385,Mar-2018,Rent
7.97,5000,45711,61631,Jan-2018,Rent
11.99,40000,21520,67700,Jan-2018,Rent
19.03,14000,73040,46333,Jan-2018,Rent
26.3,30000,27103,54469,Feb-2018,Rent
9.93,17000,59466,407123,Jan-2018,Mortgage
21.85,35000,49232,266588,Mar-2018,Mortgage
12.61,10000,6051,17300,Mar-2018,Mortgage
14.08,30000,36920,69294,Feb-2018,Mortgage
6.07,6400,989,20300,Feb-2018,Own
12.61,28000,16039,191195,Mar-2018,Mortgage
10.91,7225,7800,11811,Jan-2018,Rent
13.58,21100,142325,485164,Mar-2018,Mortgage
10.9,6175,21864,510674,Mar-2018,Mortgage
12.61,6000,44399,270239,Mar-2018,Mortgage
7.34,35000,50786,218743,Mar-2018,Mortgage
7.34,5000,25019,54125,Mar-2018,Rent
6.72,10000,25348,62995,Jan-2018,Rent
18.45,20000,193589,3386034,Mar-2018,Own
6.07,6500,35089,239457,Mar-2018,Mortgage
5.32,12000,56660,454185,Jan-2018,Mortgage
9.43,13500,28899,243136,Feb-2018,Mortgage
15.04,15000,27204,43716,Mar-2018,Rent
6.08,36000,81264,611747,Jan-2018,Mortgage
10.91,14000,33212,69706,Jan-2018,Rent
10.41,11200,85393,238895,Mar-2018,Mortgage
5.32,24000,42917,544745,Jan-2018,Mortgage
7.96,12000,67507,167669,Mar-2018,Mortgage
10.9,7225,72596,66145,Mar-2018,Rent
10.42,6500,75514,350989,Feb-2018,Mortgage
26.77,11200,74281,306556,Mar-2018,Mortgage
17.09,35000,127566,165071,Feb-2018,Own
17.47,4000,14638,106869,Mar-2018,Mortgage
15.05,10000,22928,30292,Jan-2018,Rent
14.07,40000,26068,237432,Mar-2018,Mortgage
11.98,12000,12577,22300,Mar-2018,Rent
11.98,6000,8485,15600,Feb-2018,Rent
16.02,13000,41796,218938,Feb-2018,Mortgage
10.9,14400,24931,194350,Mar-2018,Mortgage
6.72,7000,6659,32900,Jan-2018,Own
16.02,10000,9624,260300,Feb-2018,Mortgage
10.41,20000,15079,42500,Feb-2018,Rent
13.59,2000,53762,177925,Jan-2018,Mortgage
15.05,8425,18436,32000,Jan-2018,Rent
11.99,7000,35850,169567,Jan-2018,Mortgage
9.92,25000,6737,193700,Mar-2018,Mortgage
11.98,23100,3724,8000,Mar-2018,Rent
7.97,10000,9767,90300,Jan-2018,Rent
11.99,15000,48966,80738,Feb-2018,Mortgage
7.34,15000,125057,162736,Mar-2018,Own
19.42,4200,2428,5905,Mar-2018,Rent
12.62,18000,12434,191877,Jan-2018,Mortgage
7.96,6000,48473,251926,Feb-2018,Mortgage
11.99,27000,26717,97000,Feb-2018,Rent
10.42,12000,14514,42900,Feb-2018,Rent
11.99,8000,20505,57800,Feb-2018,Rent
19.42,10000,25223,50030,Mar-2018,Rent
11.98,30000,20958,127887,Mar-2018,Mortgage
6.07,7000,39020,208314,Mar-2018,Mortgage
6.72,20000,42156,138200,Feb-2018,Rent
6.72,15000,49287,317125,Feb-2018,Mortgage
7.35,15000,65570,368171,Jan-2018,Mortgage
13.59,30850,50023,243855,Feb-2018,Mortgage
15.05,15000,97746,113345,Feb-2018,Mortgage
5.31,40000,37392,308182,Mar-2018,Rent
9.43,6000,59631,80000,Mar-2018,Mortgage
9.43,2600,25493,32725,Mar-2018,Own
9.44,10000,6265,42600,Feb-2018,Rent
20,3600,56206,375184,Jan-2018,Mortgage
10.42,27000,10435,54300,Jan-2018,Mortgage
11.98,3000,28040,62866,Mar-2018,Rent
20.39,10000,63632,94161,Mar-2018,Rent
9.93,4000,5189,64200,Jan-2018,Rent
12.61,10000,63205,323510,Mar-2018,Mortgage
7.97,3600,3830,319800,Feb-2018,Mortgage
9.44,20500,60597,330416,Jan-2018,Own
14.07,35000,85116,287891,Mar-2018,Mortgage
10.41,6000,40361,273490,Mar-2018,Mortgage
13.59,13000,27228,54570,Feb-2018,Rent
14.07,25000,39413,475160,Mar-2018,Mortgage
7.97,3500,24313,51991,Feb-2018,Rent
19.42,25000,40883,123509,Feb-2018,Mortgage
9.44,30000,64771,79665,Jan-2018,Rent
11.98,13000,20346,47065,Mar-2018,Own
7.96,25000,126300,257886,Feb-2018,Mortgage
15.04,5000,121935,336592,Feb-2018,Mortgage
9.92,4800,22164,27600,Mar-2018,Mortgage
12.62,3000,46402,86587,Jan-2018,Rent
18.45,15000,113317,172231,Mar-2018,Mortgage
9.43,20000,7402,34277,Mar-2018,Mortgage
21.85,15000,14522,45700,Mar-2018,Rent
7.97,14500,28938,102200,Jan-2018,Rent
18.06,12000,2242,127987,Jan-2018,Mortgage
14.08,20000,37545,76531,Jan-2018,Rent
18.06,30000,20657,56000,Feb-2018,Rent
17.09,10000,34003,66467,Feb-2018,Mortgage
9.93,6000,24888,63276,Jan-2018,Rent
11.99,12000,14091,38400,Mar-2018,Own
13.58,16000,300725,277598,Mar-2018,Rent
10.9,15000,53214,86200,Mar-2018,Rent
7.97,15000,35373,80602,Jan-2018,Rent
7.35,9000,2160,114200,Jan-2018,Mortgage
10.91,1000,13999,33881,Jan-2018,Rent
13.59,25000,19668,48890,Jan-2018,Own
7.34,40000,64490,128452,Mar-2018,Rent
6.72,12500,6858,293575,Jan-2018,Mortgage
10.91,20000,3640,64800,Feb-2018,Mortgage
16.02,16500,29148,50368,Feb-2018,Rent
10.91,40000,41413,288047,Jan-2018,Mortgage
6.72,1500,25122,117025,Feb-2018,Mortgage
16.01,10000,90744,306389,Mar-2018,Mortgage
10.42,5000,9303,109869,Feb-2018,Mortgage
21.45,3000,64995,82482,Feb-2018,Rent
9.93,16000,24028,113900,Feb-2018,Rent
5.32,20000,40346,444785,Jan-2018,Mortgage
14.08,35000,73616,91853,Jan-2018,Own
12.61,10000,24045,179343,Feb-2018,Mortgage
14.08,10000,19187,59283,Feb-2018,Rent
10.91,20000,85748,328200,Jan-2018,Mortgage
14.08,10000,65965,280249,Feb-2018,Mortgage
24.85,10800,18369,37680,Jan-2018,Rent
14.07,35000,101446,204202,Mar-2018,Own
7.34,21600,5294,59500,Mar-2018,Rent
12.61,15000,30183,299585,Mar-2018,Mortgage
9.93,30000,65254,155644,Feb-2018,Mortgage
13.59,10000,56476,62659,Feb-2018,Rent
10.41,6000,3105,110300,Feb-2018,Mortgage
19.03,13000,41266,70386,Feb-2018,Mortgage
9.44,22000,53149,402377,Feb-2018,Mortgage
10.9,15000,20142,50123,Mar-2018,Rent
9.92,20000,92511,110206,Mar-2018,Rent
10.9,24000,6503,162152,Mar-2018,Own
13.59,35000,43891,57595,Feb-2018,Mortgage
9.92,6000,25307,52160,Feb-2018,Rent
11.99,14000,133520,249602,Feb-2018,Mortgage
7.34,20000,70404,168497,Mar-2018,Own
21.45,16000,31735,54900,Feb-2018,Rent
9.93,4800,201,1700,Jan-2018,Rent
9.44,15000,197380,756528,Feb-2018,Mortgage
18.06,20000,20126,289937,Jan-2018,Mortgage
10.9,8000,89294,327629,Mar-2018,Mortgage
13.59,18125,2400,18100,Jan-2018,Rent
6.71,8000,30214,58817,Mar-2018,Mortgage
24.85,30000,21659,39865,Feb-2018,Rent
6.71,19500,17823,64412,Mar-2018,Rent
5.31,10000,18792,299598,Mar-2018,Mortgage
6.71,21000,2242,381500,Mar-2018,Mortgage
11.98,9000,31546,48364,Feb-2018,Rent
7.35,35000,247486,244412,Jan-2018,Own
6.71,10000,12475,344550,Feb-2018,Own
14.08,15000,45847,84702,Feb-2018,Own
12.62,13000,63235,240934,Jan-2018,Mortgage
23.87,35000,90551,447873,Mar-2018,Mortgage
6.71,10000,6583,33500,Mar-2018,Rent
16.02,20000,10437,18623,Feb-2018,Own
9.93,20000,58973,305263,Jan-2018,Mortgage
7.96,16000,752,12200,Mar-2018,Rent
10.42,3500,45953,82255,Feb-2018,Own
17.09,4800,18424,38075,Feb-2018,Rent
5.32,7000,87346,330461,Feb-2018,Mortgage
10.9,14700,31527,48734,Feb-2018,Rent
7.35,3600,9419,62786,Jan-2018,Own
5.31,8000,172621,530925,Mar-2018,Mortgage
19.42,5000,45364,50274,Mar-2018,Rent
17.47,1500,45915,47769,Mar-2018,Rent
7.96,11000,26005,165376,Feb-2018,Mortgage
15.04,8500,29739,218288,Mar-2018,Mortgage
12.62,7500,8780,10096,Jan-2018,Rent
5.31,17975,77792,839094,Mar-2018,Mortgage
10.42,8000,29317,110400,Jan-2018,Mortgage
7.97,12000,17934,62427,Jan-2018,Rent
10.91,18000,241595,310420,Jan-2018,Own
20.39,4000,39528,48247,Mar-2018,Own
5.32,40000,29877,141379,Jan-2018,Rent
10.91,6000,19233,270485,Jan-2018,Mortgage
12.62,10000,113041,128044,Jan-2018,Rent
21.45,30000,13526,21616,Feb-2018,Rent
14.08,4000,37238,238756,Feb-2018,Mortgage
6.72,5500,11926,81962,Jan-2018,Rent
16.01,16000,14336,25100,Mar-2018,Rent
7.96,3800,40617,120865,Mar-2018,Mortgage
7.97,2500,17500,30307,Feb-2018,Rent
18.45,11000,24238,39450,Mar-2018,Rent
9.93,11875,48709,118596,Jan-2018,Mortgage
9.93,18000,53310,432092,Feb-2018,Mortgage
7.35,11500,61481,441832,Jan-2018,Mortgage
10.42,5000,57967,296440,Jan-2018,Mortgage
5.31,25000,44879,275303,Feb-2018,Mortgage
12.62,20000,117318,271797,Feb-2018,Mortgage
18.45,9000,29599,198063,Mar-2018,Mortgage
14.07,6000,29821,67000,Mar-2018,Rent
15.05,10000,4549,83505,Jan-2018,Mortgage
17.09,30000,35285,415461,Feb-2018,Own
7.97,6000,59342,406204,Jan-2018,Mortgage
10.42,4200,2512,16400,Feb-2018,Rent
9.93,4000,9411,36900,Jan-2018,Rent
5.31,10000,34982,77181,Mar-2018,Rent
6.07,16000,45517,332065,Mar-2018,Mortgage
11.99,5000,6605,9000,Jan-2018,Rent
7.35,18000,30284,329489,Feb-2018,Mortgage
5.31,40000,30456,267628,Feb-2018,Mortgage
6.08,25000,122743,777554,Jan-2018,Mortgage
9.92,12000,5155,15400,Mar-2018,Rent
25.81,10000,6065,10500,Mar-2018,Rent
5.31,14400,76108,101957,Mar-2018,Rent
10.91,40000,70167,497540,Jan-2018,Mortgage
20,30000,22126,50835,Jan-2018,Rent
9.43,11850,31131,42891,Mar-2018,Own
9.44,4800,46794,59677,Jan-2018,Own
12.61,10000,10875,24000,Mar-2018,Rent
15.05,12000,38784,43453,Jan-2018,Rent
6.08,40000,44600,79888,Feb-2018,Mortgage
9.93,6000,87883,112327,Feb-2018,Rent
6.08,35000,33449,1041100,Feb-2018,Mortgage
6.08,15000,15338,275688,Jan-2018,Own
13.59,14000,39667,57583,Jan-2018,Own
17.09,3000,2872,15980,Jan-2018,Rent
24.85,14400,63684,204926,Feb-2018,Mortgage
9.93,13000,26999,187743,Feb-2018,Mortgage
18.06,10000,18753,27776,Jan-2018,Rent
9.44,25000,52200,111538,Jan-2018,Rent
12.61,35000,59792,82795,Mar-2018,Rent
9.93,9600,16870,45964,Jan-2018,Rent
15.04,12000,21136,52032,Mar-2018,Mortgage
13.58,20000,39312,42485,Mar-2018,Rent
17.47,10000,1559,2400,Mar-2018,Rent
13.59,4000,54940,100975,Feb-2018,Own
19.42,24000,141644,156658,Mar-2018,Rent
5.32,9100,23257,246834,Mar-2018,Mortgage
7.34,12000,16604,28441,Mar-2018,Mortgage
6.07,12500,21071,88200,Mar-2018,Own
10.9,30000,27348,46300,Mar-2018,Rent
26.77,30000,88611,106451,Mar-2018,Mortgage
9.93,10000,77321,154342,Jan-2018,Mortgage
6.72,12000,34523,392918,Feb-2018,Mortgage
10.91,15000,27090,153448,Jan-2018,Mortgage
7.96,12000,36594,60307,Mar-2018,Rent
10.91,35000,76035,99961,Feb-2018,Rent
18.06,13000,6489,17000,Jan-2018,Rent
16.02,8000,70451,80385,Jan-2018,Own
9.44,8000,33260,91570,Jan-2018,Mortgage
19.03,26000,43144,59212,Feb-2018,Own
6.71,21000,19889,75300,Mar-2018,Rent
19.03,18400,135949,152280,Jan-2018,Mortgage
10.91,4550,40107,49215,Jan-2018,Rent
19.03,25000,57191,78514,Jan-2018,Own
11.99,20000,2840,7500,Jan-2018,Rent
10.91,4000,17366,271238,Jan-2018,Mortgage
9.92,24000,5005,42400,Mar-2018,Rent
9.92,24000,0,833600,Mar-2018,Mortgage
14.07,10000,7519,23200,Feb-2018,Rent
10.42,21000,87468,369078,Jan-2018,Mortgage
11.99,12000,37558,232793,Jan-2018,Mortgage
12.62,3000,1797,4900,Jan-2018,Rent
6.08,15000,90966,520306,Feb-2018,Own
5.32,15000,23755,538300,Feb-2018,Own
11.99,16000,50351,79307,Jan-2018,Rent
10.9,30000,45801,67251,Mar-2018,Rent
10.42,16000,23661,67803,Jan-2018,Own
11.98,30000,8538,155200,Mar-2018,Mortgage
10.91,6000,37547,59968,Feb-2018,Own
6.71,25000,21256,29500,Mar-2018,Rent
15.05,25000,54606,353394,Feb-2018,Mortgage
12.61,25000,174368,606625,Mar-2018,Mortgage
10.91,12000,58164,73657,Jan-2018,Rent
14.07,7500,16151,22000,Feb-2018,Rent
7.35,8900,30174,69676,Feb-2018,Mortgage
7.97,25000,49211,364944,Jan-2018,Mortgage
10.91,28800,23614,69500,Feb-2018,Rent
26.77,14500,93035,133042,Mar-2018,Mortgage
6.71,10000,27912,51617,Mar-2018,Rent
10.41,30000,57511,118305,Mar-2018,Own
7.96,39825,129799,434389,Mar-2018,Mortgage
10.91,16000,10650,336000,Feb-2018,Mortgage
19.03,12000,65050,115962,Feb-2018,Rent
6.07,8500,73664,290681,Mar-2018,Mortgage
14.08,12000,22421,28859,Mar-2018,Rent
16.01,11000,56059,65856,Mar-2018,Rent
10.91,18000,57047,444019,Jan-2018,Mortgage
11.99,2000,8222,24600,Feb-2018,Rent
17.47,28000,96518,475830,Mar-2018,Mortgage
6.08,5000,15400,194279,Jan-2018,Mortgage
20.39,35000,40722,446876,Mar-2018,Mortgage
11.99,13000,7271,74295,Jan-2018,Own
26.77,24000,62910,346581,Mar-2018,Mortgage
9.92,35000,184164,642700,Feb-2018,Mortgage
11.99,17000,98035,544965,Jan-2018,Mortgage
18.45,35000,62383,230027,Mar-2018,Mortgage
19.03,24000,39452,40500,Mar-2018,Rent
21.45,10000,6939,323200,Feb-2018,Own
9.43,37800,5842,39700,Mar-2018,Own
10.41,5500,2863,4700,Mar-2018,Mortgage
12.61,15000,135966,153113,Feb-2018,Rent
12.62,30000,40459,182752,Feb-2018,Rent
13.58,10000,14629,19000,Mar-2018,Rent
9.43,24000,33119,742800,Feb-2018,Mortgage
19.03,30000,111790,135618,Jan-2018,Rent
10.91,24000,46465,221244,Feb-2018,Mortgage
9.44,10000,53889,306429,Jan-2018,Mortgage
18.06,11200,14002,26200,Feb-2018,Rent
7.34,4000,5112,13500,Mar-2018,Rent
17.47,29000,28506,51200,Mar-2018,Mortgage
12.62,32000,36556,71666,Feb-2018,Mortgage
9.92,7500,28670,46874,Mar-2018,Rent
7.97,30000,120099,362866,Feb-2018,Mortgage
14.08,30000,85567,109517,Feb-2018,Rent
19.03,15000,24898,41331,Jan-2018,Rent
11.99,25000,101918,756153,Jan-2018,Own
10.41,13500,105939,224616,Feb-2018,Mortgage
14.08,20000,35773,254805,Jan-2018,Mortgage
21.45,1500,30594,166383,Jan-2018,Mortgage
14.08,10000,11721,24505,Jan-2018,Mortgage
13.59,3000,24961,30831,Jan-2018,Rent
6.72,15000,25323,77278,Jan-2018,Own
10.42,10000,40228,47156,Jan-2018,Own
6.72,19000,56226,108900,Feb-2018,Rent
5.32,18000,38393,185570,Feb-2018,Mortgage
12.62,30000,48546,81167,Feb-2018,Rent
14.08,12000,5699,186062,Feb-2018,Mortgage
21.45,15000,12513,161500,Jan-2018,Mortgage
16.02,2000,7669,18300,Jan-2018,Mortgage
21.85,25000,27013,48467,Mar-2018,Mortgage
11.99,10000,18863,31000,Feb-2018,Rent
28.72,30000,56090,188403,Mar-2018,Mortgage
9.44,28000,170040,620906,Feb-2018,Mortgage
18.06,15000,50793,131670,Feb-2018,Mortgage
21.45,1600,56881,94392,Jan-2018,Own
11.98,19200,39944,110847,Mar-2018,Rent
19.03,21275,638471,514486,Jan-2018,Rent
10.91,15000,18002,47800,Feb-2018,Rent
14.08,12000,72837,309341,Jan-2018,Mortgage
6.72,8400,3429,300000,Jan-2018,Mortgage
7.34,15000,23623,1023751,Mar-2018,Mortgage
6.08,5200,24740,107269,Jan-2018,Rent
6.72,7000,303858,392076,Feb-2018,Mortgage
10.91,20000,25133,348549,Jan-2018,Mortgage
14.08,40000,110918,425985,Jan-2018,Mortgage
11.99,10300,24608,49871,Feb-2018,Rent
14.07,5000,5605,31000,Mar-2018,Own
13.59,14000,17893,28252,Feb-2018,Rent
12.62,18000,26926,50100,Jan-2018,Rent
14.07,4000,24485,295506,Mar-2018,Mortgage
7.35,16000,27298,80121,Feb-2018,Own
14.08,8000,24417,46273,Feb-2018,Rent
10.9,10000,21242,38500,Mar-2018,Rent
16.01,12000,23238,263945,Feb-2018,Mortgage
12.62,12000,27557,55180,Feb-2018,Own
26.77,30000,172266,504510,Mar-2018,Mortgage
17.09,12000,83976,268803,Feb-2018,Mortgage
13.59,14400,43923,215127,Feb-2018,Mortgage
12.61,36350,38793,75613,Mar-2018,Rent
6.08,15000,58412,302533,Feb-2018,Own
26.3,21000,34529,70854,Feb-2018,Mortgage
12.62,10000,2432,26915,Feb-2018,Own
7.96,27000,33396,59846,Mar-2018,Rent
14.08,4000,27755,185600,Feb-2018,Mortgage
15.04,12000,78094,106352,Feb-2018,Rent
14.08,10000,64734,88863,Jan-2018,Mortgage
25.82,30000,174678,441784,Mar-2018,Mortgage
9.93,16000,87154,159841,Feb-2018,Own
13.58,18000,18995,24179,Mar-2018,Rent
16.01,3000,279,2500,Mar-2018,Rent
13.59,12000,116274,144973,Mar-2018,Rent
13.58,4200,27259,50081,Mar-2018,Rent
5.32,25000,19684,279198,Jan-2018,Own
10.9,8800,19338,34341,Mar-2018,Own
10.42,5000,44234,231052,Jan-2018,Mortgage
9.93,6000,27652,98308,Jan-2018,Mortgage
6.72,11500,38063,52412,Feb-2018,Rent
12.61,37000,0,19100,Mar-2018,Rent
12.62,16000,79917,112472,Jan-2018,Rent
9.43,18000,52031,99374,Mar-2018,Mortgage
12.61,15600,37885,176666,Mar-2018,Mortgage
6.07,7000,113477,778480,Feb-2018,Mortgage
9.93,18000,107697,140070,Jan-2018,Rent
16.02,6000,9158,42000,Jan-2018,Rent
13.58,35000,40547,352598,Mar-2018,Mortgage
7.35,5000,11963,20629,Feb-2018,Rent
7.35,40000,2715,307230,Jan-2018,Rent
13.59,23500,70675,91547,Jan-2018,Mortgage
11.99,2200,10498,23100,Feb-2018,Rent
5.32,40000,94160,439313,Feb-2018,Mortgage
6.07,40000,66781,107162,Mar-2018,Rent
11.98,3000,2951,15800,Feb-2018,Own
11.98,40000,130079,631405,Mar-2018,Mortgage
11.99,20000,109928,269751,Jan-2018,Mortgage
11.99,12000,1961,5700,Jan-2018,Rent
7.97,10000,84063,354540,Jan-2018,Own
6.08,20400,147555,357216,Jan-2018,Mortgage
16.02,16000,9393,247892,Jan-2018,Mortgage
16.01,35000,29473,45671,Mar-2018,Rent
17.09,28000,58091,282801,Feb-2018,Mortgage
13.59,35000,25895,48900,Feb-2018,Own
10.91,5000,5105,8500,Feb-2018,Rent
17.09,1000,1050,13900,Jan-2018,Rent
9.43,35000,287290,602835,Feb-2018,Mortgage
14.07,15000,9076,25900,Mar-2018,Rent
9.93,20000,41111,130151,Feb-2018,Mortgage
16.01,7000,14943,22341,Mar-2018,Rent
5.32,15000,85080,173610,Feb-2018,Rent
5.32,10000,6145,58200,Jan-2018,Mortgage
12.62,2000,25932,46668,Jan-2018,Own
24.85,14925,74306,89475,Feb-2018,Mortgage
9.44,11000,38721,134251,Jan-2018,Mortgage
15.04,12000,4820,9400,Feb-2018,Rent
16.02,32000,212358,186786,Feb-2018,Rent
17.47,30000,29272,44396,Mar-2018,Rent
6.08,25000,86788,437356,Feb-2018,Mortgage
9.93,24500,31078,259407,Jan-2018,Mortgage
14.08,20000,133106,354360,Jan-2018,Mortgage
11.99,9600,15676,28818,Jan-2018,Rent
5.31,10625,82180,232584,Mar-2018,Mortgage
16.01,40000,71914,571202,Mar-2018,Mortgage
13.58,24000,33085,110539,Mar-2018,Mortgage
14.07,30000,139788,169235,Mar-2018,Rent
7.35,21000,66206,342853,Feb-2018,Mortgage
10.42,18000,42465,209459,Jan-2018,Own
10.42,12000,12429,25500,Feb-2018,Rent
7.35,40000,63592,331553,Feb-2018,Mortgage
11.99,6000,42827,65208,Jan-2018,Own
7.34,20000,56804,119703,Feb-2018,Mortgage
9.93,24000,40303,149426,Feb-2018,Mortgage
13.58,35000,101004,149308,Mar-2018,Mortgage
7.35,2500,71234,256054,Jan-2018,Mortgage
14.07,10000,21958,100493,Mar-2018,Rent
11.99,30000,70027,420071,Feb-2018,Mortgage
9.44,12500,44549,74257,Jan-2018,Own
5.31,15000,20929,80746,Mar-2018,Rent
14.08,20000,31801,306314,Feb-2018,Mortgage
19.03,11500,38227,193706,Jan-2018,Mortgage
14.07,25000,20007,42200,Mar-2018,Mortgage
6.72,13150,20611,297216,Feb-2018,Mortgage
5.31,4000,13745,189933,Mar-2018,Mortgage
9.44,40000,136811,389325,Feb-2018,Mortgage
6.08,9000,30500,79977,Feb-2018,Rent
18.45,20000,26114,179085,Feb-2018,Own
10.9,4200,49424,263545,Mar-2018,Mortgage
14.08,20000,84388,88600,Feb-2018,Own
9.93,25000,51362,799236,Jan-2018,Mortgage
10.9,23000,124062,194509,Mar-2018,Rent
15.05,24000,77744,122475,Jan-2018,Rent
7.35,24000,29591,88247,Jan-2018,Rent
26.3,30150,106532,167378,Jan-2018,Rent
5.31,40000,34189,97191,Feb-2018,Rent
9.93,20000,33852,241361,Feb-2018,Mortgage
18.06,24000,81832,478322,Jan-2018,Mortgage
10.9,8000,27885,210600,Mar-2018,Mortgage
7.97,10000,39950,179918,Jan-2018,Mortgage
9.93,15000,21041,144803,Jan-2018,Rent
7.35,6300,68598,256728,Feb-2018,Mortgage
14.08,35000,212773,886199,Jan-2018,Mortgage
10.91,38000,66199,368927,Mar-2018,Mortgage
19.03,5300,25598,173006,Jan-2018,Mortgage
7.35,10000,1517,16800,Mar-2018,Own
10.42,20000,57802,112087,Feb-2018,Own
16.02,14000,24535,34162,Jan-2018,Rent
21.45,28000,37442,58138,Jan-2018,Mortgage
13.58,8000,37410,541153,Mar-2018,Mortgage
14.08,6700,58841,70720,Jan-2018,Mortgage
7.34,8000,113537,211264,Mar-2018,Rent
16.02,25000,29725,106107,Feb-2018,Mortgage
9.44,15000,93209,228085,Jan-2018,Own
12.62,27200,43692,323720,Feb-2018,Rent
7.35,6600,81307,106866,Feb-2018,Rent
6.07,16600,62316,270351,Mar-2018,Mortgage
9.93,9000,11776,28385,Jan-2018,Rent
9.43,10000,22495,206205,Feb-2018,Mortgage
5.31,9000,11164,129691,Mar-2018,Own
17.09,16000,41181,51288,Jan-2018,Rent
9.93,16000,15698,308752,Feb-2018,Mortgage
19.03,30000,75187,85231,Jan-2018,Rent
17.47,35000,40552,534441,Mar-2018,Mortgage
7.34,9000,57432,140892,Mar-2018,Rent
6.72,11000,45672,180948,Jan-2018,Mortgage
6.72,16000,65633,412453,Feb-2018,Own
10.91,14000,20414,362235,Jan-2018,Mortgage
16.02,21000,43894,61367,Jan-2018,Rent
6.72,25000,45653,351005,Feb-2018,Mortgage
9.93,3000,10964,42467,Jan-2018,Own
21.45,35000,31708,147430,Jan-2018,Mortgage
12.61,35000,34577,90012,Feb-2018,Rent
21.45,35000,285408,712144,Mar-2018,Mortgage
11.99,10000,14402,15800,Feb-2018,Rent
6.08,18000,30834,81050,Jan-2018,Own
18.45,17000,33267,38622,Mar-2018,Rent
24.85,1200,30340,51112,Jan-2018,Rent
14.08,20000,16340,166105,Feb-2018,Mortgage
15.05,20000,11286,166701,Feb-2018,Mortgage
9.43,40000,132031,888508,Mar-2018,Mortgage
6.72,15600,137867,356877,Jan-2018,Mortgage
6.71,8000,36135,171656,Feb-2018,Mortgage
9.44,20000,46932,59570,Feb-2018,Rent
9.44,3000,14527,22200,Jan-2018,Rent
10.42,32000,67093,246297,Feb-2018,Mortgage
30.65,2200,127958,198920,Feb-2018,Rent
9.93,5000,25493,254695,Feb-2018,Mortgage
9.43,10000,44304,178963,Mar-2018,Own
9.44,13000,14532,33900,Jan-2018,Rent
11.99,16000,96626,629928,Jan-2018,Mortgage
21.85,24000,260668,312635,Feb-2018,Mortgage
13.58,30000,42936,91631,Mar-2018,Rent
7.35,6600,36933,56083,Mar-2018,Rent
7.97,10500,10575,219868,Jan-2018,Mortgage
25.82,20000,75446,132245,Feb-2018,Mortgage
9.43,3800,6812,31800,Mar-2018,Mortgage
14.07,20000,0,11800,Mar-2018,Rent
20,18000,49464,218108,Jan-2018,Mortgage
9.43,40000,11601,31381,Mar-2018,Own
14.08,1200,33200,132509,Jan-2018,Mortgage
15.05,30000,83873,458659,Jan-2018,Mortgage
9.92,15000,19237,184677,Mar-2018,Mortgage
14.08,23525,153246,641601,Jan-2018,Mortgage
13.58,20000,35079,44729,Mar-2018,Own
18.06,17000,271113,147723,Jan-2018,Rent
10.42,30000,46306,75065,Feb-2018,Own
16.02,2800,21835,110537,Jan-2018,Mortgage
20,10000,16474,19197,Jan-2018,Rent
12.62,12000,32627,173824,Feb-2018,Mortgage
9.93,25000,51296,388312,Mar-2018,Mortgage
18.45,10000,38841,54954,Mar-2018,Mortgage
6.08,3600,27041,63895,Jan-2018,Own
9.43,1675,8655,109726,Mar-2018,Own
10.42,16000,21739,51900,Feb-2018,Own
16.02,8500,86975,572700,Jan-2018,Mortgage
11.98,20000,157364,233873,Mar-2018,Mortgage
19.42,8000,7620,240201,Mar-2018,Mortgage
10.91,30000,41888,83274,Jan-2018,Rent
21.45,20000,3501,5300,Feb-2018,Rent
25.81,2500,79910,374752,Mar-2018,Mortgage
7.96,40000,107199,153779,Mar-2018,Own
30.17,19950,42667,288670,Jan-2018,Mortgage
12.62,26250,87175,419201,Jan-2018,Mortgage
10.91,20000,233804,816950,Feb-2018,Mortgage
11.99,40000,23352,72136,Feb-2018,Own
7.97,18000,40133,363816,Jan-2018,Mortgage
7.34,3000,10346,20905,Feb-2018,Own
12.62,10000,13605,240354,Feb-2018,Own
6.72,5000,37098,71122,Jan-2018,Mortgage
15.04,15000,109277,313208,Mar-2018,Mortgage
6.08,9600,13529,54920,Feb-2018,Own
11.98,16000,91609,110458,Mar-2018,Rent
12.61,5000,100166,117313,Mar-2018,Rent
21.45,13850,285109,1065656,Jan-2018,Mortgage
10.42,2000,4450,11100,Feb-2018,Rent
14.08,12000,48779,66093,Mar-2018,Own
9.44,11200,12873,26730,Jan-2018,Rent
10.41,7200,102344,110721,Mar-2018,Rent
12.62,7500,24688,55845,Jan-2018,Mortgage
19.03,10000,4049,7736,Feb-2018,Rent
9.44,25000,90228,402320,Jan-2018,Mortgage
10.9,5000,3432,7100,Feb-2018,Rent
24.85,25000,64461,263453,Feb-2018,Mortgage
9.44,13200,9872,32000,Jan-2018,Rent
10.42,1600,57558,83126,Jan-2018,Rent
14.07,20000,97682,940441,Mar-2018,Mortgage
9.44,40000,16576,283131,Feb-2018,Mortgage
12.61,3200,33588,67269,Mar-2018,Rent
6.08,15000,52986,283866,Jan-2018,Mortgage
6.08,18000,95641,437168,Feb-2018,Mortgage
16.02,10000,93923,112700,Jan-2018,Rent
15.04,10000,45861,105730,Mar-2018,Rent
5.31,10000,21536,312892,Mar-2018,Mortgage
20,8400,39905,61255,Feb-2018,Rent
20.39,19000,32899,154753,Mar-2018,Own
9.43,9000,5741,104110,Mar-2018,Mortgage
9.93,15000,50324,118646,Jan-2018,Mortgage
12.62,24450,34932,351374,Feb-2018,Mortgage
13.59,18000,32955,50021,Jan-2018,Rent
7.35,11000,60042,186569,Jan-2018,Own
10.9,12000,55995,327155,Mar-2018,Mortgage
9.93,21000,52005,109547,Jan-2018,Mortgage
10.91,2000,3690,15900,Feb-2018,Rent
10.9,8000,18392,22300,Mar-2018,Rent
16.02,21000,11453,25700,Feb-2018,Rent
20,3000,7941,14500,Jan-2018,Mortgage
24.85,20000,324609,355807,Jan-2018,Rent
28.72,20000,22181,43780,Feb-2018,Rent
6.72,18000,198931,745484,Jan-2018,Mortgage
14.08,10000,39842,145676,Jan-2018,Mortgage
9.93,5000,20017,24058,Jan-2018,Rent
12.62,20000,41644,112755,Jan-2018,Own
6.72,40000,34293,198155,Feb-2018,Mortgage
7.35,29000,108340,258078,Feb-2018,Mortgage
10.91,3000,12103,67900,Jan-2018,Own
16.02,24000,33651,52308,Feb-2018,Rent
9.93,20000,37671,953050,Jan-2018,Mortgage
18.06,1500,31216,235507,Jan-2018,Mortgage
9.93,30000,37907,434034,Feb-2018,Mortgage
17.09,5000,75042,269216,Jan-2018,Mortgage
7.35,9550,31713,70800,Jan-2018,Rent
12.62,10000,10517,17200,Jan-2018,Rent
9.93,15000,49802,269837,Jan-2018,Mortgage
21.85,14400,37145,61910,Mar-2018,Own
9.44,15000,48402,72590,Jan-2018,Rent
10.9,30000,96649,135936,Mar-2018,Rent
20,20000,16254,507150,Feb-2018,Mortgage
13.59,8000,41599,61143,Mar-2018,Rent
9.93,14400,40452,243544,Feb-2018,Mortgage
9.93,24000,34912,71846,Jan-2018,Rent
7.96,8500,43081,172405,Mar-2018,Mortgage
21.45,28000,41311,56853,Feb-2018,Mortgage
24.85,16000,56343,191946,Mar-2018,Mortgage
17.09,9000,207235,373259,Feb-2018,Mortgage
21.45,12000,35640,42950,Feb-2018,Own
11.99,24000,25213,56300,Feb-2018,Rent
13.58,28000,110169,401800,Mar-2018,Mortgage
19.03,8000,172058,168581,Jan-2018,Rent
7.97,28000,74643,84600,Jan-2018,Mortgage
7.35,13000,62112,154848,Jan-2018,Own
22.91,5575,45050,212766,Mar-2018,Mortgage
9.93,8000,80108,270200,Jan-2018,Mortgage
6.71,27000,230994,270213,Mar-2018,Own
6.07,15000,49760,59703,Mar-2018,Mortgage
10.42,40000,34625,152942,Feb-2018,Mortgage
12.61,6000,40270,138114,Mar-2018,Mortgage
16.01,11000,51727,92175,Mar-2018,Rent
6.07,12000,74978,520250,Feb-2018,Mortgage
6.08,6500,31550,103396,Jan-2018,Mortgage
15.05,20000,61485,220191,Jan-2018,Rent
7.96,2500,18420,22984,Mar-2018,Rent
15.04,24000,23498,359721,Mar-2018,Mortgage
6.08,10000,68794,210250,Jan-2018,Mortgage
14.08,20000,71701,100262,Jan-2018,Rent
11.99,11000,168596,179812,Jan-2018,Rent
10.9,8000,9784,17201,Mar-2018,Rent
13.58,7800,75228,116870,Mar-2018,Rent
10.91,9000,360,3900,Feb-2018,Rent
9.93,30000,28673,77903,Jan-2018,Own
19.03,8000,27393,41702,Feb-2018,Own
10.41,10000,8045,25878,Mar-2018,Rent
9.43,12000,13525,154807,Mar-2018,Mortgage
18.06,7000,17176,33225,Jan-2018,Rent
12.62,20000,71172,108967,Jan-2018,Rent
12.62,25000,52331,80786,Jan-2018,Rent
14.08,9000,53428,221397,Jan-2018,Mortgage
6.71,6000,19702,60600,Mar-2018,Own
14.08,25600,49725,86185,Jan-2018,Rent
11.99,11000,27492,44209,Mar-2018,Rent
21.45,30000,15128,19800,Jan-2018,Rent
16.01,3500,196112,405577,Mar-2018,Mortgage
6.71,12000,384,8300,Mar-2018,Rent
12.61,25000,25690,42935,Mar-2018,Own
13.58,10000,9095,168553,Feb-2018,Mortgage
7.35,16000,31950,286900,Mar-2018,Own
17.47,3000,82723,110147,Mar-2018,Own
21.45,30000,42630,65083,Jan-2018,Rent
11.98,7200,7297,27200,Mar-2018,Own
15.05,12000,20357,39120,Jan-2018,Rent
11.98,1000,3378,26600,Mar-2018,Rent
6.72,7200,5135,127450,Jan-2018,Mortgage
15.05,32000,61825,733339,Feb-2018,Mortgage
20.39,16000,48701,263009,Feb-2018,Mortgage
16.02,5000,40161,52873,Jan-2018,Rent
5.32,40000,44270,418265,Feb-2018,Mortgage
7.35,40000,117098,560440,Feb-2018,Rent
10.42,35000,68410,106107,Jan-2018,Mortgage
16.02,5000,35380,48685,Mar-2018,Rent
6.07,1800,18817,31507,Feb-2018,Rent
19.03,5000,5194,6825,Jan-2018,Rent
6.71,35000,59646,90033,Mar-2018,Rent
6.72,8000,32166,82774,Feb-2018,Mortgage
18.45,6025,37097,444543,Mar-2018,Own
16.02,38375,70013,431916,Jan-2018,Mortgage
9.44,5000,41861,159302,Jan-2018,Mortgage
22.91,4000,32330,43991,Feb-2018,Rent
6.08,6500,16231,28872,Jan-2018,Rent
9.92,5000,23818,55439,Feb-2018,Mortgage
12.62,30000,176384,561945,Jan-2018,Mortgage
12.62,20800,87322,580342,Jan-2018,Mortgage
21.45,9000,43908,53512,Jan-2018,Mortgage
6.08,1500,23888,402498,Feb-2018,Own
17.47,20000,37936,140435,Mar-2018,Mortgage
11.98,28000,59865,557584,Mar-2018,Own
15.05,15000,70297,75450,Jan-2018,Rent
16.02,6000,29152,48540,Jan-2018,Rent
10.91,3600,20820,209434,Feb-2018,Mortgage
7.97,12000,14252,33600,Jan-2018,Rent
14.07,4000,34138,45280,Mar-2018,Rent
24.85,24000,11055,646137,Feb-2018,Mortgage
13.58,18000,67189,492583,Feb-2018,Mortgage
9.93,32000,25574,44239,Jan-2018,Rent
6.08,10000,44351,76541,Jan-2018,Rent
7.35,24000,22407,124101,Feb-2018,Mortgage
15.04,1925,1659,11800,Mar-2018,Rent
9.44,9000,7498,79869,Jan-2018,Mortgage
12.61,10000,33521,56594,Mar-2018,Own
11.98,20000,50116,203922,Feb-2018,Mortgage
12.61,10000,51862,57722,Feb-2018,Rent
6.71,7300,24970,35300,Mar-2018,Rent
20.39,24000,23651,31959,Mar-2018,Own
9.43,19000,52830,341609,Mar-2018,Mortgage
22.91,9600,7362,11400,Jan-2018,Own
16.02,21000,15283,39509,Feb-2018,Own
10.42,28000,98559,543308,Feb-2018,Mortgage
20.39,20000,89625,94151,Mar-2018,Rent
12.61,10000,26825,44684,Mar-2018,Rent
15.04,12000,26907,52406,Mar-2018,Rent
6.08,15000,39801,120062,Jan-2018,Rent
18.06,20000,65483,227670,Feb-2018,Mortgage
10.91,12000,37846,249753,Feb-2018,Mortgage
7.34,16000,38226,65300,Mar-2018,Rent
6.72,40000,30825,97111,Feb-2018,Mortgage
15.05,2000,23636,37604,Jan-2018,Rent
5.32,40000,10638,372500,Jan-2018,Mortgage
6.72,20000,20575,37500,Feb-2018,Rent
19.03,7500,11773,39861,Feb-2018,Rent
7.97,7000,85074,126947,Feb-2018,Mortgage
17.09,24000,108455,189979,Feb-2018,Rent
14.08,6000,35794,38328,Jan-2018,Rent
15.04,4800,26178,395750,Feb-2018,Mortgage
21.45,5000,149388,188527,Feb-2018,Rent
9.44,5600,71721,168011,Jan-2018,Mortgage
9.93,21000,83207,361789,Jan-2018,Mortgage
14.08,21275,18283,36266,Jan-2018,Own
15.05,35000,72651,132365,Jan-2018,Mortgage
15.05,24000,44532,78394,Feb-2018,Rent
9.44,5000,12384,30879,Jan-2018,Rent
5.31,20000,28746,180695,Mar-2018,Mortgage
10.42,18000,142699,118475,Jan-2018,Mortgage
6.72,3500,16981,157850,Jan-2018,Mortgage
17.09,18000,55164,103200,Jan-2018,Rent
14.07,10000,23680,46558,Feb-2018,Rent
13.59,24000,24827,80100,Feb-2018,Rent
15.04,35000,159546,182242,Mar-2018,Own
11.98,10000,2780,17800,Mar-2018,Mortgage
9.92,24000,46475,96511,Feb-2018,Mortgage
15.04,25000,19261,251649,Mar-2018,Own
17.47,30000,93957,134856,Mar-2018,Rent
6.07,20800,17427,72100,Mar-2018,Rent
11.99,20000,34111,48667,Feb-2018,Rent
14.07,4000,64974,516200,Mar-2018,Mortgage
6.08,30000,44020,389361,Jan-2018,Mortgage
13.58,1200,3392,11100,Feb-2018,Rent
5.32,30000,124783,234764,Feb-2018,Rent
15.04,13600,8161,84455,Feb-2018,Mortgage
10.42,27000,112350,134248,Jan-2018,Rent
7.35,8000,31797,107100,Feb-2018,Rent
13.58,20000,83517,507129,Mar-2018,Mortgage
7.35,9600,87728,114840,Jan-2018,Own
7.34,10000,70790,121695,Mar-2018,Rent
10.42,30000,38926,391032,Jan-2018,Own
11.98,35000,41004,495163,Mar-2018,Mortgage
16.02,8000,37858,221980,Jan-2018,Mortgage
12.61,4000,11979,169160,Feb-2018,Mortgage
9.44,23100,82775,148869,Feb-2018,Rent
19.03,24000,12786,419340,Feb-2018,Mortgage
14.08,33100,26654,199545,Feb-2018,Mortgage
9.44,15000,54462,85747,Jan-2018,Rent
9.93,8000,21819,153693,Feb-2018,Mortgage
30.79,15000,42572,55855,Feb-2018,Rent
18.45,30000,60728,343888,Mar-2018,Mortgage
9.93,5000,25035,30500,Feb-2018,Rent
16.02,10000,32259,43434,Jan-2018,Mortgage
9.44,6500,20674,29238,Feb-2018,Mortgage
16.02,10000,69482,98049,Jan-2018,Mortgage
14.07,28000,52511,77014,Feb-2018,Rent
17.09,30000,5040,41000,Jan-2018,Own
12.62,6000,117084,159402,Feb-2018,Own
16.01,30000,559372,542210,Mar-2018,Rent
10.91,10000,80865,78055,Jan-2018,Rent
16.02,30000,73595,110138,Jan-2018,Own
11.98,7000,19242,291500,Feb-2018,Own
7.35,40000,1783,19900,Feb-2018,Own
15.04,5000,18074,25561,Feb-2018,Rent
13.58,12000,43906,150284,Mar-2018,Mortgage
7.97,10000,23421,76313,Feb-2018,Mortgage
20.39,16000,253219,300926,Feb-2018,Mortgage
10.42,2000,74328,104753,Feb-2018,Mortgage
7.97,13000,78563,167965,Feb-2018,Mortgage
9.93,25000,119482,510848,Feb-2018,Mortgage
19.03,10000,21363,176970,Feb-2018,Mortgage
10.42,5000,4019,7013,Feb-2018,Rent
7.35,16000,62262,194210,Jan-2018,Rent
15.05,12000,479,127300,Jan-2018,Own
13.59,8500,7724,23600,Jan-2018,Mortgage
5.31,40000,10393,620222,Mar-2018,Mortgage
21.45,20000,21352,97418,Jan-2018,Mortgage
26.3,32000,149649,154675,Feb-2018,Rent
6.08,29825,82425,470893,Jan-2018,Mortgage
18.06,2500,20065,156000,Jan-2018,Mortgage
7.96,12000,53484,104243,Mar-2018,Rent
20,8000,32817,46069,Jan-2018,Rent
12.61,20000,5988,37695,Mar-2018,Rent
6.08,6000,7547,29900,Feb-2018,Own
13.58,6000,13042,35854,Mar-2018,Own
15.05,20000,20485,27200,Feb-2018,Rent
5.31,16000,29973,336709,Mar-2018,Mortgage
7.35,24000,38575,338012,Jan-2018,Mortgage
7.34,6000,266695,611997,Mar-2018,Mortgage
7.97,12000,42990,90501,Feb-2018,Rent
19.03,35000,79443,105963,Feb-2018,Own
16.02,22000,84130,358633,Feb-2018,Mortgage
11.98,2000,24234,47294,Mar-2018,Mortgage
6.08,10000,5245,349329,Feb-2018,Mortgage
7.96,10000,111819,111371,Mar-2018,Rent
13.59,10000,20164,186841,Jan-2018,Mortgage
30.79,25000,75117,90604,Jan-2018,Rent
13.58,10000,51889,61297,Feb-2018,Rent
14.08,8000,108496,140287,Feb-2018,Rent
6.08,20000,110312,332989,Jan-2018,Mortgage
7.35,20000,61644,123700,Jan-2018,Rent
12.61,6000,17347,28100,Mar-2018,Own
10.42,9000,26805,36326,Feb-2018,Rent
14.08,15000,55144,205368,Feb-2018,Mortgage
9.93,15000,37341,250731,Feb-2018,Mortgage
5.32,4000,33541,250444,Jan-2018,Mortgage
11.99,24000,160223,176803,Feb-2018,Rent
11.99,28000,55468,304994,Jan-2018,Mortgage
10.9,4000,24620,24433,Mar-2018,Rent
19.03,14000,12773,23200,Jan-2018,Rent
26.3,5000,46835,70038,Feb-2018,Rent
6.72,20000,177431,432309,Jan-2018,Mortgage
14.08,40000,39524,197172,Feb-2018,Own
15.05,7000,38326,43545,Jan-2018,Rent
16.02,26475,77415,655597,Jan-2018,Mortgage
9.93,35000,93452,514504,Feb-2018,Mortgage
16.02,21000,103891,109105,Feb-2018,Rent
10.42,12000,7076,20907,Feb-2018,Rent
15.05,5000,30242,35850,Jan-2018,Rent
7.97,4850,13571,158522,Feb-2018,Mortgage
9.43,24000,24052,52099,Mar-2018,Rent
13.58,20000,4659,29650,Mar-2018,Rent
15.05,35000,227973,335329,Jan-2018,Own
13.58,16000,97437,130311,Mar-2018,Rent
7.34,12000,191615,375728,Mar-2018,Mortgage
13.59,14000,23037,134036,Jan-2018,Mortgage
11.99,20000,50750,75820,Feb-2018,Rent
21.85,22000,19026,24297,Mar-2018,Rent
7.35,12000,93651,130126,Feb-2018,Rent
20,18125,38496,63562,Feb-2018,Rent
21.45,32000,49164,214663,Jan-2018,Mortgage
12.61,30000,92495,315667,Mar-2018,Mortgage
12.62,15000,30241,176928,Jan-2018,Mortgage
20.39,10000,94989,93390,Mar-2018,Rent
5.32,22000,87190,193578,Jan-2018,Mortgage
12.61,25000,67815,108555,Mar-2018,Rent
5.31,16000,56831,348515,Mar-2018,Mortgage
10.91,10000,105626,576110,Jan-2018,Own
15.05,7200,43066,75519,Jan-2018,Mortgage
10.91,25000,38759,71963,Feb-2018,Mortgage
17.47,12000,11854,17800,Mar-2018,Rent
7.97,3600,10537,29200,Feb-2018,Rent
7.35,4800,21853,82373,Jan-2018,Rent
9.44,5600,28705,106800,Jan-2018,Rent
14.07,12000,8352,16140,Mar-2018,Own
18.06,14000,76353,343991,Feb-2018,Mortgage
26.77,23000,60196,327442,Mar-2018,Mortgage
12.62,13000,26833,241764,Jan-2018,Mortgage
7.35,10000,69083,187332,Jan-2018,Mortgage
12.61,25000,26242,75000,Mar-2018,Rent
5.32,10000,34644,310206,Feb-2018,Mortgage
12.62,4200,3343,9300,Jan-2018,Rent
9.93,12000,52051,71985,Jan-2018,Mortgage
19.42,20000,28004,53800,Mar-2018,Own
9.92,15000,150884,842970,Mar-2018,Mortgage
5.31,15000,40654,53101,Mar-2018,Rent
10.41,10200,43095,83896,Mar-2018,Rent
17.47,8000,17592,30651,Mar-2018,Rent
21.45,16000,103137,119214,Jan-2018,Rent
5.32,6000,9239,54300,Jan-2018,Own
7.35,28000,124795,194829,Feb-2018,Mortgage
9.43,24200,77209,384998,Mar-2018,Mortgage
12.62,9600,28779,39861,Jan-2018,Rent
10.41,11200,50398,78279,Mar-2018,Rent
10.42,12000,44492,108547,Jan-2018,Mortgage
10.41,18000,106249,519176,Feb-2018,Mortgage
16.01,12000,78406,428828,Feb-2018,Mortgage
13.59,12800,49546,511656,Feb-2018,Mortgage
14.08,8000,143970,128307,Feb-2018,Mortgage
6.72,4200,5853,68417,Feb-2018,Own
25.82,28000,39457,47214,Feb-2018,Own
24.85,20000,72331,276556,Feb-2018,Mortgage
7.96,4500,17743,206178,Mar-2018,Mortgage
10.9,23025,1400,56800,Mar-2018,Own
7.34,13000,13172,41350,Mar-2018,Mortgage
16.02,3500,19431,37000,Jan-2018,Own
10.91,2500,7243,16000,Feb-2018,Own
11.98,30000,31269,58850,Mar-2018,Own
11.99,24000,65416,435039,Jan-2018,Mortgage
6.07,24000,17575,337043,Mar-2018,Own
15.05,32000,84029,272533,Jan-2018,Mortgage
21.45,16000,10931,26100,Jan-2018,Rent
6.08,22000,33803,454981,Feb-2018,Own
12.61,2000,89444,104397,Mar-2018,Rent
10.42,26000,58974,145588,Jan-2018,Rent
6.72,15000,56963,461657,Feb-2018,Mortgage
14.08,35000,17356,21500,Feb-2018,Rent
6.08,5000,35266,570673,Jan-2018,Mortgage
7.96,12000,56295,82096,Mar-2018,Rent
16.02,3500,150505,291757,Feb-2018,Mortgage
19.03,1600,13118,17100,Jan-2018,Rent
7.34,32000,145677,217548,Mar-2018,Own
7.97,5000,29081,266300,Jan-2018,Mortgage
17.09,16000,7176,25007,Feb-2018,Rent
9.93,32000,184302,376749,Jan-2018,Mortgage
11.98,26000,65335,157340,Feb-2018,Rent
9.44,10000,40963,87821,Feb-2018,Mortgage
11.98,23000,277663,261577,Mar-2018,Mortgage
9.93,7000,22064,32563,Jan-2018,Rent
12.62,6500,25633,49557,Jan-2018,Mortgage
15.04,20000,120518,385671,Mar-2018,Mortgage
19.03,13300,81969,456134,Feb-2018,Mortgage
19.03,11525,11120,267040,Jan-2018,Mortgage
11.98,18000,13156,35300,Mar-2018,Rent
10.41,3000,13437,45512,Feb-2018,Rent
7.34,20000,28911,324250,Mar-2018,Mortgage
17.09,35000,9039,25200,Feb-2018,Rent
5.31,15000,94036,203663,Mar-2018,Own
6.07,15000,17832,457884,Mar-2018,Mortgage
16.02,15000,21344,161550,Feb-2018,Mortgage
7.34,7000,28970,48500,Mar-2018,Rent
15.04,3000,51081,280987,Mar-2018,Mortgage
11.99,36000,27034,80200,Jan-2018,Mortgage
11.99,4000,26064,33800,Jan-2018,Rent
26.3,12000,21904,155166,Feb-2018,Own
6.71,22000,37401,313825,Mar-2018,Mortgage
13.59,20000,43288,71326,Feb-2018,Rent
20.39,35000,165352,380619,Mar-2018,Mortgage
5.31,15000,28637,67075,Mar-2018,Rent
6.72,6000,7701,17200,Jan-2018,Own
19.03,25000,9255,13476,Jan-2018,Rent
12.61,40000,70385,399030,Mar-2018,Mortgage
16.02,32000,56853,638396,Feb-2018,Mortgage
17.09,30000,121246,206189,Jan-2018,Mortgage
20,21000,32580,53168,Feb-2018,Rent
12.62,20000,37616,51688,Feb-2018,Own
15.05,27000,56272,119566,Feb-2018,Mortgage
6.71,10000,18085,46391,Mar-2018,Rent
16.02,20000,62890,456425,Feb-2018,Mortgage
10.91,6000,4589,13800,Jan-2018,Rent
7.34,12000,17273,73579,Mar-2018,Own
14.08,30000,13665,37100,Feb-2018,Rent
6.72,17500,71794,140698,Jan-2018,Rent
15.05,40000,46924,64991,Feb-2018,Rent
7.35,5000,45678,97602,Feb-2018,Own
7.97,7000,6460,22473,Jan-2018,Rent
9.43,2000,689,129407,Feb-2018,Mortgage
10.9,20000,43462,237326,Mar-2018,Mortgage
6.72,7000,1328,61061,Jan-2018,Mortgage
9.93,35000,107623,161988,Feb-2018,Mortgage
7.34,5000,19586,220658,Mar-2018,Own
14.08,12800,66239,441379,Feb-2018,Mortgage
19.42,10000,21883,38789,Mar-2018,Rent
7.97,5000,4878,86140,Feb-2018,Mortgage
10.9,5000,24643,261021,Mar-2018,Own
9.44,4500,8350,29494,Jan-2018,Rent
10.91,15000,20591,228329,Feb-2018,Mortgage
9.43,7500,146324,461107,Mar-2018,Mortgage
19.42,10000,10128,15600,Mar-2018,Own
24.85,19000,16016,37840,Jan-2018,Rent
12.61,20000,72792,107921,Feb-2018,Own
13.58,5000,33410,45600,Mar-2018,Rent
21.45,11000,63202,88594,Feb-2018,Rent
12.61,3600,22260,149243,Mar-2018,Mortgage
13.59,16000,97862,478440,Jan-2018,Mortgage
21.45,10000,16348,109044,Feb-2018,Own
16.02,6000,3166,15000,Jan-2018,Own
15.04,15000,50473,81600,Feb-2018,Mortgage
10.9,5000,12201,25300,Feb-2018,Rent
13.59,9000,15409,20347,Feb-2018,Rent
12.62,3500,124663,365454,Jan-2018,Mortgage
7.97,3000,5517,31200,Feb-2018,Own
12.62,12000,40933,202626,Mar-2018,Mortgage
17.09,18000,26720,176280,Jan-2018,Mortgage
20,31200,148101,317853,Jan-2018,Mortgage
19.42,14500,19490,28800,Feb-2018,Rent
9.44,4000,44014,97734,Jan-2018,Mortgage
20.39,5000,0,16200,Feb-2018,Rent
17.09,24000,20234,47330,Jan-2018,Mortgage
10.9,30000,117636,158704,Mar-2018,Rent
16.01,10000,15033,27700,Mar-2018,Mortgage
17.09,22000,51979,69464,Jan-2018,Mortgage
9.93,25000,72617,94094,Mar-2018,Own
9.43,10000,29920,44500,Mar-2018,Rent
6.72,10000,17379,184625,Jan-2018,Mortgage
17.09,19600,19712,51010,Feb-2018,Own
15.05,15000,66779,288077,Feb-2018,Mortgage
10.9,30000,139277,578878,Mar-2018,Own
9.93,15000,22979,52700,Jan-2018,Rent
12.61,18825,241232,312237,Mar-2018,Rent
9.93,5300,5153,10200,Feb-2018,Own
15.05,7000,19177,32353,Jan-2018,Rent
6.72,3600,84235,183098,Feb-2018,Mortgage
9.44,4000,37976,217056,Jan-2018,Mortgage
25.81,21000,36270,221029,Mar-2018,Rent
10.42,25000,117574,445786,Jan-2018,Mortgage
13.59,20000,45170,293548,Jan-2018,Rent
6.72,14000,16048,50900,Jan-2018,Mortgage
10.9,24000,254054,857825,Mar-2018,Own
9.93,40000,52392,636904,Feb-2018,Mortgage
7.96,35000,68354,372243,Mar-2018,Mortgage
13.59,15000,29080,39900,Feb-2018,Rent
10.41,10000,8748,20300,Mar-2018,Rent
9.93,36000,34961,264370,Feb-2018,Rent
7.97,25000,40365,60651,Jan-2018,Mortgage
10.91,6000,62712,239741,Jan-2018,Mortgage
9.92,9000,286689,336169,Mar-2018,Mortgage
15.04,6000,17663,25783,Mar-2018,Rent
13.58,5000,115059,544552,Mar-2018,Mortgage
15.04,7500,149598,199348,Feb-2018,Mortgage
7.35,34725,61675,149061,Jan-2018,Mortgage
9.93,12000,29670,37208,Feb-2018,Rent
25.82,3000,9708,18200,Jan-2018,Rent
6.07,15000,21097,41953,Mar-2018,Rent
14.08,30000,19958,48370,Jan-2018,Rent
7.97,9000,1,4000,Jan-2018,Rent
10.91,20000,65560,100610,Feb-2018,Mortgage
11.99,10000,44449,56012,Jan-2018,Mortgage
6.72,30000,119593,555548,Jan-2018,Mortgage
10.41,6500,56735,163304,Mar-2018,Mortgage
6.71,6000,2850,14500,Mar-2018,Rent
5.31,20000,116927,170254,Mar-2018,Rent
10.9,25000,106965,622913,Mar-2018,Mortgage
6.71,8000,22045,174163,Mar-2018,Mortgage
13.59,6025,68245,1172176,Jan-2018,Mortgage
10.91,20000,32825,55139,Feb-2018,Rent
13.59,35000,25853,48800,Feb-2018,Rent
14.07,6500,60716,94391,Mar-2018,Own
10.42,5000,2686,307500,Jan-2018,Mortgage
19.42,12000,104493,141096,Mar-2018,Rent
16.01,18000,21562,64465,Mar-2018,Mortgage
9.43,25000,33058,82393,Mar-2018,Own
14.07,20000,25115,48000,Mar-2018,Own
5.32,12000,45724,276981,Feb-2018,Mortgage
6.72,2700,26864,223726,Jan-2018,Mortgage
12.61,14000,48309,313410,Feb-2018,Mortgage
17.09,15000,82142,256972,Jan-2018,Mortgage
12.61,40000,75596,108431,Mar-2018,Rent
14.08,18000,9274,12900,Feb-2018,Rent
17.09,20000,162866,479837,Jan-2018,Mortgage
6.72,9500,16522,203855,Jan-2018,Mortgage
9.93,32400,170200,552216,Jan-2018,Mortgage
10.42,12000,47862,86214,Jan-2018,Mortgage
9.44,36000,47811,314133,Feb-2018,Mortgage
5.32,35925,110766,336147,Feb-2018,Mortgage
13.58,12000,32978,189118,Mar-2018,Mortgage
6.08,40000,54514,235200,Feb-2018,Mortgage
10.91,10000,13736,66200,Feb-2018,Rent
12.61,28000,72522,268859,Mar-2018,Mortgage
20.39,30000,142130,213171,Mar-2018,Rent
12.62,14000,21581,40838,Jan-2018,Rent
19.03,12000,110232,262290,Feb-2018,Mortgage
7.35,20000,1575,12050,Feb-2018,Rent
12.62,40000,19005,55101,Jan-2018,Rent
6.71,25000,88174,306466,Feb-2018,Mortgage
10.42,40000,65739,430548,Jan-2018,Mortgage
6.07,11000,46193,76065,Mar-2018,Rent
19.42,16000,143665,251592,Mar-2018,Mortgage
7.34,5000,50117,200510,Mar-2018,Own
17.09,5000,12285,314309,Feb-2018,Mortgage
16.01,1500,46213,65037,Mar-2018,Mortgage
6.08,9000,58354,240627,Jan-2018,Mortgage
7.34,5000,5575,17757,Mar-2018,Own
9.43,1800,27933,48251,Mar-2018,Rent
9.93,27900,95241,1016080,Feb-2018,Own
18.45,24000,51583,134194,Feb-2018,Mortgage
10.42,5000,25599,68408,Jan-2018,Rent
15.05,28000,95800,449015,Feb-2018,Own
6.08,12000,14983,211700,Jan-2018,Mortgage
10.42,5000,7043,14700,Jan-2018,Rent
21.85,12200,180096,526761,Mar-2018,Mortgage
15.05,23800,68178,114177,Feb-2018,Own
13.59,40000,49806,93715,Feb-2018,Mortgage
5.31,25000,45237,780075,Mar-2018,Mortgage
10.41,6000,3164,10600,Mar-2018,Own
9.44,12000,10030,47700,Jan-2018,Rent
26.77,35000,46315,280562,Mar-2018,Mortgage
10.91,6000,69197,122869,Jan-2018,Mortgage
23.87,20000,51547,394408,Mar-2018,Mortgage
11.99,4200,7244,300553,Jan-2018,Mortgage
6.07,15000,122571,834299,Mar-2018,Mortgage
14.08,20000,3742,27900,Jan-2018,Mortgage
9.43,15000,44979,337526,Mar-2018,Mortgage
18.45,4500,53603,197250,Mar-2018,Mortgage
10.91,10000,41738,60847,Jan-2018,Rent
16.02,5000,35408,191018,Jan-2018,Mortgage
9.43,25000,60490,422619,Mar-2018,Mortgage
10.9,35000,150720,533299,Mar-2018,Mortgage
17.09,5500,8720,124936,Feb-2018,Mortgage
19.03,12000,7743,9300,Feb-2018,Rent
10.91,15000,32120,186841,Feb-2018,Rent
6.72,3600,58714,236171,Jan-2018,Mortgage
5.32,10000,90621,120931,Feb-2018,Rent
6.72,6000,37154,85352,Feb-2018,Own
12.62,20000,29488,261899,Feb-2018,Mortgage
11.99,10000,18576,29017,Feb-2018,Rent
24.85,15000,4588,145326,Mar-2018,Own
10.42,13000,28467,64497,Feb-2018,Rent
10.91,6000,34466,64405,Feb-2018,Rent
9.93,8500,43191,72910,Jan-2018,Rent
19.03,24000,103062,125637,Jan-2018,Rent
6.08,5000,95669,242060,Jan-2018,Mortgage
14.08,12800,4260,7729,Jan-2018,Mortgage
12.61,12600,31140,66197,Mar-2018,Rent
6.08,35000,0,16100,Feb-2018,Own
17.09,22400,44430,68444,Jan-2018,Own
16.01,16000,40566,171724,Mar-2018,Mortgage
10.91,31500,9699,60122,Feb-2018,Rent
14.08,4000,55058,82542,Jan-2018,Rent
18.06,16000,27759,403183,Jan-2018,Mortgage
15.04,8500,7813,9300,Mar-2018,Rent
15.04,11000,10979,271943,Mar-2018,Mortgage
10.91,6500,45831,70168,Feb-2018,Rent
10.91,8000,3205,7100,Feb-2018,Own
19.03,20000,50896,239529,Feb-2018,Mortgage
17.09,35000,130723,480716,Feb-2018,Own
9.93,36000,123003,191516,Jan-2018,Mortgage
10.9,25000,51474,86794,Mar-2018,Mortgage
10.9,2500,248712,534697,Mar-2018,Rent
6.72,26000,45716,89650,Jan-2018,Rent
17.09,15000,21067,37700,Jan-2018,Rent
16.02,23000,40037,264492,Feb-2018,Mortgage
13.58,19200,42232,339994,Mar-2018,Mortgage
11.99,15000,31106,162371,Feb-2018,Own
9.92,3400,52541,75470,Mar-2018,Rent
6.72,34100,11691,221207,Feb-2018,Mortgage
12.62,35000,28400,446000,Jan-2018,Mortgage
11.98,30000,150247,287054,Mar-2018,Mortgage
5.32,3625,7604,81300,Jan-2018,Mortgage
10.9,15000,33918,53959,Mar-2018,Rent
21.45,28525,27472,31300,Jan-2018,Own
16.02,3500,28397,33225,Feb-2018,Own
6.07,40000,40880,290100,Mar-2018,Mortgage
7.35,20000,5111,37498,Jan-2018,Rent
10.91,14000,212725,280765,Feb-2018,Own
6.72,20000,100109,524179,Jan-2018,Mortgage
7.97,10000,10533,178300,Feb-2018,Mortgage
10.41,10000,43397,75300,Mar-2018,Own
17.47,16000,12004,14009,Mar-2018,Rent
16.02,16350,107940,126500,Jan-2018,Rent
9.93,15000,26516,47900,Feb-2018,Rent
16.01,10000,11892,24150,Mar-2018,Rent
16.02,16000,43841,151782,Jan-2018,Mortgage
12.61,15000,7623,22218,Mar-2018,Rent
7.35,12000,44029,98620,Feb-2018,Rent
25.81,21150,39179,279560,Mar-2018,Mortgage
5.31,22500,126555,156707,Mar-2018,Rent
14.08,14000,66471,78825,Jan-2018,Rent
7.35,23000,194434,221252,Jan-2018,Rent
19.03,30000,4463,13500,Feb-2018,Rent
13.58,15000,52975,70175,Mar-2018,Rent
16.02,7200,43241,53210,Jan-2018,Rent
13.59,10000,23533,35400,Feb-2018,Rent
6.08,12000,40065,106094,Jan-2018,Mortgage
14.08,20000,7144,23100,Jan-2018,Mortgage
12.61,25000,120729,447509,Mar-2018,Mortgage
5.32,9500,67407,81024,Feb-2018,Own
10.91,5000,52074,275522,Feb-2018,Mortgage
14.08,12000,84373,185632,Jan-2018,Mortgage
12.62,18000,118160,608902,Jan-2018,Mortgage
15.05,21000,37253,74706,Jan-2018,Mortgage
11.99,16000,23804,269716,Jan-2018,Mortgage
19.03,5600,11970,202300,Jan-2018,Mortgage
10.91,14775,25396,299375,Jan-2018,Rent
13.59,15000,101567,154109,Jan-2018,Rent
19.03,10000,15115,29400,Jan-2018,Rent
16.01,25000,3834,4800,Mar-2018,Own
11.99,20000,43546,368376,Jan-2018,Own
7.35,15000,118341,305936,Jan-2018,Mortgage
10.42,10000,8920,12000,Feb-2018,Rent
16.02,10000,8499,12723,Feb-2018,Own
9.43,8000,20390,41012,Mar-2018,Own
9.93,11200,16947,195105,Feb-2018,Mortgage
9.43,20000,36494,283667,Mar-2018,Mortgage
11.99,10000,13319,36188,Feb-2018,Rent
12.61,1500,3075,6550,Mar-2018,Rent
5.31,15000,72068,88228,Feb-2018,Rent
18.06,14400,25103,97119,Feb-2018,Mortgage
24.85,17000,31156,43489,Jan-2018,Mortgage
14.08,35000,65,4500,Jan-2018,Rent
21.45,20000,28455,48669,Jan-2018,Own
15.05,27850,80542,421240,Jan-2018,Mortgage
16.01,20000,87862,107147,Mar-2018,Mortgage
6.07,32000,5032,43686,Mar-2018,Mortgage
19.42,32200,25620,61238,Mar-2018,Rent
7.34,7200,85835,299193,Mar-2018,Mortgage
6.08,15000,13037,267900,Feb-2018,Mortgage
16.01,20000,34229,236103,Feb-2018,Mortgage
10.9,12000,57438,64103,Mar-2018,Rent
16.01,8000,76403,88079,Feb-2018,Own
9.44,15000,12858,44414,Jan-2018,Rent
19.03,10000,40697,55131,Jan-2018,Rent
13.59,12050,284722,341677,Feb-2018,Mortgage
17.47,30000,33778,60187,Mar-2018,Rent
19.03,30000,33205,49440,Jan-2018,Rent
14.07,10000,37605,283785,Mar-2018,Rent
16.01,11000,169039,341932,Mar-2018,Mortgage
10.9,10000,13613,20300,Mar-2018,Rent
15.05,7200,57013,115045,Jan-2018,Mortgage
13.59,2000,42328,286950,Jan-2018,Mortgage
9.44,40000,23999,515751,Jan-2018,Mortgage
9.44,15000,273,155901,Feb-2018,Mortgage
5.32,28000,33317,137325,Feb-2018,Mortgage
5.31,6000,53781,249725,Mar-2018,Own
9.92,11200,46386,471269,Mar-2018,Mortgage
12.62,15000,18261,200858,Feb-2018,Mortgage
12.61,7200,25100,38936,Mar-2018,Rent
6.08,35000,24014,75707,Feb-2018,Own
15.05,40000,49447,58200,Jan-2018,Mortgage
6.71,17000,19200,146759,Mar-2018,Own
19.03,2000,41644,66281,Jan-2018,Mortgage
10.42,10000,21695,26400,Jan-2018,Rent
11.99,30000,51966,561236,Jan-2018,Mortgage
18.06,30600,228270,328310,Jan-2018,Mortgage
7.34,6000,98868,158833,Mar-2018,Own
7.34,40000,25811,297893,Mar-2018,Mortgage
10.91,4000,241044,384999,Feb-2018,Mortgage
6.71,9200,38440,201358,Feb-2018,Mortgage
15.05,8675,13840,25372,Feb-2018,Rent
6.71,20000,15129,29844,Mar-2018,Own
6.07,4000,25553,310403,Mar-2018,Mortgage
9.92,10000,105388,138552,Mar-2018,Mortgage
18.45,12000,21832,74700,Mar-2018,Own
7.35,4000,26334,235031,Feb-2018,Mortgage
7.97,5000,20075,42966,Feb-2018,Rent
9.44,25000,46460,61168,Feb-2018,Mortgage
13.59,10200,23408,58100,Feb-2018,Rent
18.45,21600,75877,85567,Mar-2018,Own
12.62,12000,30562,149422,Jan-2018,Mortgage
15.04,12000,10225,17400,Mar-2018,Own
10.91,27225,29165,132109,Feb-2018,Mortgage
17.09,35000,133579,566764,Jan-2018,Mortgage
6.72,6500,7707,20100,Feb-2018,Rent
21.85,10000,21560,26603,Mar-2018,Rent
15.05,30000,61173,92719,Jan-2018,Rent
19.03,6000,42888,343926,Jan-2018,Mortgage
6.08,3000,4812,45000,Feb-2018,Rent
18.06,23000,69582,439624,Feb-2018,Mortgage
9.92,12000,43426,180440,Mar-2018,Own
6.07,7000,6272,49700,Mar-2018,Own
18.45,6000,19118,23725,Mar-2018,Rent
12.62,25600,20800,317197,Feb-2018,Mortgage
7.35,33500,41962,341600,Jan-2018,Mortgage
6.07,12000,29439,80294,Mar-2018,Rent
14.08,20400,13083,192923,Jan-2018,Mortgage
13.58,35000,80595,533896,Mar-2018,Mortgage
12.62,29000,63234,103366,Jan-2018,Own
10.42,6400,17247,33489,Feb-2018,Rent
10.91,10000,68358,110678,Jan-2018,Own
7.35,15000,61943,262282,Jan-2018,Mortgage
11.99,12000,89247,122235,Jan-2018,Rent
9.43,16000,14696,252376,Mar-2018,Mortgage
16.02,34000,125417,574851,Mar-2018,Mortgage
12.62,14000,22925,248949,Jan-2018,Mortgage
16.02,10000,16610,36760,Jan-2018,Rent
16.01,12000,21259,268124,Mar-2018,Mortgage
5.31,17000,36703,405790,Mar-2018,Mortgage
7.35,17500,77944,296496,Jan-2018,Mortgage
9.93,12000,118114,534326,Jan-2018,Mortgage
14.08,19000,117755,592023,Jan-2018,Mortgage
12.61,12000,66850,115324,Mar-2018,Rent
15.05,18000,67495,112051,Jan-2018,Mortgage
12.62,18000,78433,276186,Jan-2018,Mortgage
14.08,16000,13522,19553,Jan-2018,Rent
6.71,11000,15197,95299,Feb-2018,Mortgage
6.72,6000,2362,205195,Mar-2018,Mortgage
12.61,7000,27018,32881,Mar-2018,Rent
9.43,9600,39858,199751,Mar-2018,Own
15.05,30000,162736,174091,Feb-2018,Rent
9.92,20000,49579,120141,Mar-2018,Mortgage
16.02,8000,10138,40300,Feb-2018,Mortgage
13.59,23000,14554,195494,Feb-2018,Mortgage
10.91,15675,32353,53220,Feb-2018,Rent
9.43,30000,25953,92333,Mar-2018,Rent
18.45,8400,96480,239875,Feb-2018,Mortgage
9.44,2400,3633,11124,Jan-2018,Rent
6.08,10000,64183,107464,Jan-2018,Rent
15.05,10500,30581,48700,Feb-2018,Rent
9.93,28000,134160,168030,Jan-2018,Mortgage
19.03,30000,23064,47070,Jan-2018,Rent
14.08,6400,13018,23600,Feb-2018,Rent
18.06,22000,171884,203941,Feb-2018,Rent
5.32,17000,30098,303578,Feb-2018,Mortgage
6.08,35000,304327,836277,Jan-2018,Mortgage
5.32,10000,51673,108144,Jan-2018,Rent
7.97,5000,27485,56436,Jan-2018,Mortgage
7.35,21000,35348,194329,Jan-2018,Own
7.34,3000,7341,21542,Mar-2018,Rent
11.99,15000,23142,66515,Jan-2018,Mortgage
7.97,40000,240328,283766,Feb-2018,Rent
14.08,5000,16449,23900,Jan-2018,Rent
10.42,20000,103688,131338,Jan-2018,Rent
7.35,6500,16674,203900,Jan-2018,Mortgage
14.08,3600,25289,224060,Feb-2018,Mortgage
26.3,10000,64359,74234,Jan-2018,Rent
6.71,12000,11112,38100,Mar-2018,Mortgage
9.43,11000,29270,152999,Mar-2018,Mortgage
11.98,20000,63140,320730,Mar-2018,Mortgage
9.43,40000,44056,111701,Mar-2018,Rent
10.9,25000,72979,135209,Mar-2018,Rent
12.62,12000,108279,135046,Feb-2018,Mortgage
5.32,23650,33657,267870,Mar-2018,Mortgage
21.85,28000,77224,429460,Mar-2018,Mortgage
9.43,16000,18946,44183,Mar-2018,Own
9.44,18000,24219,91848,Jan-2018,Rent
6.72,34750,292332,661139,Jan-2018,Mortgage
9.44,13000,57777,94694,Jan-2018,Rent
16.02,5000,30988,37872,Jan-2018,Rent
6.71,21000,25348,139901,Mar-2018,Own
13.59,12000,56362,364464,Feb-2018,Mortgage
12.61,5000,35667,68469,Mar-2018,Rent
19.03,15000,12548,31400,Feb-2018,Rent
13.59,28000,38301,139075,Jan-2018,Mortgage
16.02,4000,80288,103129,Feb-2018,Rent
26.3,16000,97928,121897,Feb-2018,Mortgage
10.91,5000,52437,88864,Feb-2018,Rent
6.08,6000,6117,33400,Jan-2018,Mortgage
12.61,12000,29439,227606,Mar-2018,Mortgage
9.44,16000,101244,523150,Feb-2018,Mortgage
7.97,16000,22875,49731,Feb-2018,Rent
10.91,24000,1630,36100,Jan-2018,Own
21.45,16000,21471,295309,Feb-2018,Mortgage
11.98,40000,164269,650351,Mar-2018,Mortgage
30.79,20300,55279,105400,Jan-2018,Own
6.07,7500,46755,306167,Mar-2018,Mortgage
7.97,8400,36803,72705,Jan-2018,Rent
7.35,40000,4078,789400,Feb-2018,Mortgage
10.42,17000,28323,234105,Jan-2018,Mortgage
18.45,28250,126193,213981,Mar-2018,Own
7.97,8400,76204,573732,Jan-2018,Mortgage
12.61,15000,68503,255116,Mar-2018,Mortgage
10.91,20000,54855,74981,Jan-2018,Own
9.92,20000,44306,76192,Mar-2018,Rent
9.93,40000,172705,525460,Feb-2018,Mortgage
11.98,22725,2129,210442,Mar-2018,Mortgage
9.43,10000,20623,39716,Mar-2018,Rent
10.9,5000,72232,87221,Mar-2018,Rent
14.08,15000,29088,44900,Jan-2018,Rent
10.41,10500,24522,67084,Mar-2018,Rent
15.05,4000,4409,8500,Feb-2018,Rent
9.93,2000,19524,47138,Jan-2018,Rent
15.05,10000,15273,24400,Feb-2018,Own
7.34,20000,4560,28100,Mar-2018,Mortgage
15.04,10000,99193,326391,Mar-2018,Rent
14.08,12000,5202,435881,Jan-2018,Mortgage
20,18000,23537,54100,Feb-2018,Rent
14.08,10000,57326,151742,Feb-2018,Mortgage
12.61,16525,75750,481307,Mar-2018,Mortgage
11.99,18000,25961,99972,Feb-2018,Mortgage
16.01,11000,167617,181225,Mar-2018,Rent
16.01,14000,111862,479629,Mar-2018,Own
11.98,1500,27022,41533,Mar-2018,Rent
10.41,14000,9344,25900,Mar-2018,Rent
18.06,13100,52434,66761,Feb-2018,Own
11.99,20000,19272,27000,Feb-2018,Rent
10.9,5000,9508,116500,Mar-2018,Mortgage
11.99,16000,13474,30977,Jan-2018,Mortgage
22.91,6000,15727,26300,Jan-2018,Rent
17.09,18000,57434,271371,Jan-2018,Mortgage
14.08,7000,214234,561767,Jan-2018,Mortgage
10.41,35000,22621,441900,Feb-2018,Mortgage
6.07,19000,37959,101640,Mar-2018,Own
15.05,16000,11879,162000,Jan-2018,Mortgage
18.06,15000,23612,53075,Jan-2018,Rent
10.42,6500,52278,334672,Feb-2018,Mortgage
13.59,24000,34963,311100,Feb-2018,Mortgage
5.32,40000,67030,138727,Feb-2018,Rent
6.72,4000,27955,59897,Jan-2018,Rent
10.42,4500,14267,38796,Jan-2018,Rent
19.03,30000,45461,66641,Feb-2018,Own
9.43,10000,24489,44900,Mar-2018,Rent
7.34,5000,11990,48918,Mar-2018,Rent
21.85,10000,22087,152340,Feb-2018,Rent
14.08,5000,84804,89176,Jan-2018,Rent
20.39,8200,21228,45829,Mar-2018,Own
14.08,30000,32768,231279,Feb-2018,Mortgage
7.96,20000,7131,46000,Mar-2018,Rent
15.04,10400,13283,25800,Mar-2018,Own
15.04,12150,77133,282138,Mar-2018,Mortgage
6.72,5000,52779,565013,Feb-2018,Mortgage
10.42,24000,46472,49288,Feb-2018,Mortgage
12.62,31000,20642,325149,Feb-2018,Mortgage
18.06,10000,9269,17647,Jan-2018,Mortgage
7.34,2400,8690,26470,Mar-2018,Rent
21.45,24000,51015,78733,Feb-2018,Mortgage
12.61,40000,25254,26600,Mar-2018,Rent
9.92,10000,44893,101344,Mar-2018,Rent
5.32,12600,31461,255304,Jan-2018,Mortgage
19.03,20000,25201,37311,Jan-2018,Own
10.42,10000,7651,233229,Jan-2018,Mortgage
9.93,15000,55846,252881,Jan-2018,Mortgage
16.02,28000,53235,69826,Feb-2018,Rent
16.02,21275,17660,1047519,Jan-2018,Mortgage
18.06,6800,6537,13200,Feb-2018,Rent
5.32,40000,300222,967800,Jan-2018,Mortgage
7.97,5000,8390,48942,Feb-2018,Own
21.45,20000,58007,221875,Jan-2018,Mortgage
6.71,7500,8191,41200,Mar-2018,Rent
16.01,5000,3967,5600,Mar-2018,Rent
13.59,3000,89544,114662,Feb-2018,Own
6.08,3200,41268,62394,Feb-2018,Own
10.9,25000,27088,52908,Mar-2018,Rent
13.59,1500,5627,20700,Jan-2018,Rent
11.98,10000,53085,81928,Mar-2018,Rent
11.98,30000,29347,267372,Mar-2018,Mortgage
10.9,21000,53230,588312,Mar-2018,Mortgage
5.32,10000,39201,162525,Jan-2018,Own
18.45,32000,8310,10300,Mar-2018,Rent
16.02,16000,35136,205134,Feb-2018,Mortgage
19.03,18000,42463,85131,Feb-2018,Own
13.59,12000,14706,66000,Jan-2018,Rent
5.31,3500,6084,95500,Mar-2018,Rent
11.98,3000,1026,2534,Mar-2018,Rent
18.45,5000,11423,31725,Mar-2018,Rent
16.02,10000,16535,194465,Jan-2018,Mortgage
12.62,32000,45325,47772,Feb-2018,Rent
9.93,20000,31273,674708,Jan-2018,Mortgage
10.91,12000,82432,137675,Jan-2018,Rent
10.91,6000,141401,345588,Jan-2018,Rent
7.35,9500,9006,37200,Jan-2018,Rent
11.99,15000,10513,18900,Jan-2018,Rent
25.82,20000,13278,130892,Jan-2018,Mortgage
7.97,9600,60740,366595,Feb-2018,Own
14.08,10000,18515,194925,Jan-2018,Mortgage
9.44,20000,209838,247132,Feb-2018,Rent
15.05,6000,6396,20400,Jan-2018,Rent
13.59,18000,30023,64675,Jan-2018,Rent
11.98,40000,85097,625020,Mar-2018,Mortgage
13.58,35000,72670,126903,Feb-2018,Rent
6.72,12000,15471,55100,Jan-2018,Rent
13.59,15000,796,30300,Jan-2018,Rent
7.34,35000,110936,353401,Mar-2018,Own
9.93,24000,33258,309195,Jan-2018,Mortgage
10.9,16000,28926,54993,Feb-2018,Rent
10.41,6000,78250,112066,Mar-2018,Rent
6.08,20000,15351,297600,Feb-2018,Mortgage
14.07,7200,50175,75321,Mar-2018,Rent
6.72,20000,101212,364781,Feb-2018,Mortgage
10.42,25000,79729,471316,Jan-2018,Own
10.42,3200,23886,34497,Feb-2018,Rent
14.08,16000,99680,753199,Jan-2018,Mortgage
6.71,15000,5990,289520,Mar-2018,Mortgage
21.45,10000,19669,268749,Jan-2018,Mortgage
20,20000,108228,224124,Feb-2018,Mortgage
17.47,5000,33056,41044,Mar-2018,Rent
6.08,7000,44270,91972,Feb-2018,Rent
5.32,7200,26249,95646,Feb-2018,Rent
19.03,7000,40932,56800,Feb-2018,Rent
17.09,30000,99047,157247,Jan-2018,Mortgage
10.42,11000,50848,328143,Feb-2018,Mortgage
9.93,15000,44783,349945,Mar-2018,Mortgage
18.06,18000,27422,72525,Jan-2018,Rent
10.91,40000,13,316981,Feb-2018,Mortgage
6.71,35000,100019,793009,Mar-2018,Mortgage
11.98,40000,44157,70375,Mar-2018,Rent
11.99,12000,12653,219900,Feb-2018,Mortgage
18.06,25700,54718,824084,Jan-2018,Own
21.85,19000,83110,130716,Mar-2018,Own
25.81,30000,31082,38342,Mar-2018,Own
9.93,20000,66983,267524,Jan-2018,Mortgage
10.9,5000,26923,29785,Mar-2018,Own
5.32,14000,40609,105964,Jan-2018,Rent
24.85,35000,96255,392251,Jan-2018,Mortgage
20.39,10000,57692,188660,Mar-2018,Mortgage
9.44,10000,30643,51218,Jan-2018,Rent
7.34,10000,10662,293060,Mar-2018,Mortgage
7.96,16000,31975,92719,Mar-2018,Own
19.42,35000,34060,58900,Mar-2018,Rent
13.58,20000,361964,671278,Mar-2018,Mortgage
6.07,13000,74999,361832,Mar-2018,Mortgage
6.08,25000,182904,478340,Jan-2018,Mortgage
9.44,16800,94029,553729,Jan-2018,Mortgage
6.08,10000,1741,240827,Jan-2018,Mortgage
6.72,17000,52771,333278,Jan-2018,Mortgage
7.35,25000,70199,166350,Feb-2018,Rent
6.71,15000,64214,230729,Mar-2018,Mortgage
19.42,35000,10394,19300,Mar-2018,Own
24.84,30000,130457,194215,Mar-2018,Own
18.06,3000,20428,299050,Jan-2018,Mortgage
12.61,6500,70626,81595,Mar-2018,Rent
14.08,19000,48112,233587,Feb-2018,Mortgage
10.42,20000,19838,33900,Mar-2018,Rent
9.92,3000,80066,111664,Feb-2018,Rent
16.02,5000,48902,90151,Mar-2018,Rent
6.07,20000,98337,610218,Mar-2018,Mortgage
18.06,21700,114988,155574,Jan-2018,Mortgage
24.84,19675,28252,56670,Mar-2018,Mortgage
7.34,10000,58757,390506,Feb-2018,Mortgage
19.03,25000,40287,183221,Feb-2018,Mortgage
13.59,5000,1607,9200,Jan-2018,Rent
11.99,15000,88269,108565,Feb-2018,Rent
12.62,12000,35901,172803,Jan-2018,Rent
6.07,10000,69820,115900,Mar-2018,Mortgage
9.92,2000,98,5700,Mar-2018,Mortgage
9.43,25000,142365,376883,Feb-2018,Mortgage
10.91,2800,87309,96441,Jan-2018,Rent
9.93,17600,56091,101484,Feb-2018,Rent
11.99,6000,8425,25700,Jan-2018,Rent
9.93,5000,14469,28921,Jan-2018,Rent
15.05,32000,112820,144608,Feb-2018,Rent
6.08,6000,7395,96700,Jan-2018,Mortgage
14.07,5000,25936,37046,Mar-2018,Mortgage
14.08,5600,35230,57461,Jan-2018,Mortgage
7.35,10000,15291,43467,Jan-2018,Rent
6.08,19200,4141,66900,Jan-2018,Rent
16.02,7000,73620,243676,Jan-2018,Own
9.43,21700,32760,74742,Mar-2018,Own
10.9,1200,18633,20577,Mar-2018,Rent
10.91,3200,5217,16800,Jan-2018,Own
9.93,35000,94690,602937,Jan-2018,Mortgage
7.96,6500,2103,12800,Mar-2018,Rent
10.9,15000,49393,230366,Mar-2018,Mortgage
12.62,3000,28786,105179,Jan-2018,Rent
12.62,11000,49053,77525,Jan-2018,Rent
17.47,20000,26423,41312,Mar-2018,Mortgage
19.03,6600,30935,188027,Feb-2018,Mortgage
14.08,18000,18872,32300,Feb-2018,Rent
6.72,40000,3059,34200,Feb-2018,Rent
9.93,11200,17189,40944,Jan-2018,Rent
6.08,10000,5662,166100,Feb-2018,Mortgage
5.32,30675,119392,233712,Jan-2018,Mortgage
9.43,30000,32813,91850,Mar-2018,Rent
11.99,18000,87133,180063,Feb-2018,Own
13.58,10000,79454,321476,Mar-2018,Mortgage
11.99,5600,19915,63047,Jan-2018,Mortgage
6.72,3500,26661,105944,Mar-2018,Rent
11.99,24000,82404,109700,Jan-2018,Mortgage
9.43,3000,23422,53994,Feb-2018,Rent
5.31,14000,76949,424687,Mar-2018,Mortgage
13.59,10000,9664,13931,Jan-2018,Rent
10.42,16200,98408,260116,Jan-2018,Mortgage
18.45,5000,16542,40375,Mar-2018,Rent
6.72,32000,56102,231949,Jan-2018,Mortgage
15.04,40000,59098,225951,Mar-2018,Mortgage
14.07,12000,99660,446748,Mar-2018,Mortgage
22.91,10000,12110,24200,Jan-2018,Rent
16.02,10000,102500,394039,Feb-2018,Mortgage
16.01,35000,183352,381206,Mar-2018,Mortgage
6.72,18000,18591,114600,Feb-2018,Mortgage
10.9,12000,51956,352923,Feb-2018,Own
10.42,14000,25345,38818,Feb-2018,Rent
11.99,11000,17202,81533,Jan-2018,Rent
14.08,40000,118907,521715,Jan-2018,Mortgage
12.62,24000,114633,235882,Jan-2018,Mortgage
13.59,35000,146318,346476,Feb-2018,Mortgage
17.09,24000,75185,103057,Feb-2018,Rent
11.99,30000,33368,86985,Feb-2018,Own
18.45,7000,39079,53185,Mar-2018,Mortgage
9.92,6000,39156,72100,Mar-2018,Rent
26.77,12800,60838,119382,Feb-2018,Rent
6.72,40000,161803,581926,Jan-2018,Mortgage
16.01,12400,36091,216727,Mar-2018,Mortgage
5.31,20000,34431,359137,Mar-2018,Mortgage
19.42,36250,197102,252001,Mar-2018,Mortgage
17.47,9600,26030,46153,Mar-2018,Own
11.99,5000,46372,379558,Jan-2018,Mortgage
13.59,2200,21137,38532,Jan-2018,Rent
6.71,25000,40522,326649,Mar-2018,Mortgage
16.02,28000,40017,56900,Feb-2018,Rent
6.07,40000,177958,842451,Mar-2018,Mortgage
17.47,15000,9185,340590,Mar-2018,Mortgage
23.88,15000,19998,482168,Feb-2018,Mortgage
15.04,5000,11720,26700,Mar-2018,Rent
11.98,32000,37303,259835,Mar-2018,Mortgage
16.01,24000,15544,147834,Mar-2018,Mortgage
7.35,24000,16546,76300,Feb-2018,Own
7.96,11000,42049,115798,Mar-2018,Mortgage
13.58,35000,105156,178249,Mar-2018,Mortgage
11.99,15000,33583,58246,Jan-2018,Rent
20,16000,7985,14487,Feb-2018,Rent
13.58,4925,2462,4700,Feb-2018,Rent
7.35,10000,5635,17519,Jan-2018,Rent
7.97,16000,73309,95855,Jan-2018,Rent
16.02,30000,50095,462906,Jan-2018,Mortgage
19.42,20000,90728,98277,Mar-2018,Own
9.93,30000,57581,200934,Feb-2018,Mortgage
12.61,5500,13020,21554,Mar-2018,Rent
7.35,9000,30987,52284,Feb-2018,Rent
6.71,18000,13156,77000,Mar-2018,Mortgage
14.08,10000,37087,56696,Jan-2018,Rent
10.41,18000,59224,120552,Mar-2018,Mortgage
19.42,10000,24500,37900,Mar-2018,Rent
5.31,2000,27587,216323,Mar-2018,Mortgage
18.06,19225,22175,482769,Jan-2018,Mortgage
11.99,30000,46479,293091,Feb-2018,Mortgage
14.08,4000,63932,144447,Feb-2018,Rent
15.05,20000,16229,229737,Jan-2018,Mortgage
14.07,9600,11678,17200,Feb-2018,Rent
7.35,40000,35362,141000,Jan-2018,Rent
17.47,12000,19342,337700,Mar-2018,Mortgage
21.85,34975,103057,517736,Mar-2018,Mortgage
16.01,15000,229,9500,Mar-2018,Mortgage
13.59,8000,13802,22124,Jan-2018,Mortgage
11.99,40000,89497,99242,Jan-2018,Rent
12.62,13000,46323,184300,Jan-2018,Mortgage
10.9,10000,44120,129883,Feb-2018,Mortgage
9.44,40000,84991,115778,Jan-2018,Rent
10.41,4000,118767,336740,Mar-2018,Own
6.72,10000,16635,103400,Feb-2018,Rent
17.09,10000,13012,30653,Feb-2018,Rent
14.08,4000,9963,20800,Jan-2018,Rent
16.01,30000,36328,388138,Mar-2018,Mortgage
5.32,28800,12519,243700,Feb-2018,Mortgage
6.72,12000,115711,155991,Feb-2018,Rent
7.34,11000,47557,76924,Mar-2018,Rent
7.34,6000,46834,558553,Mar-2018,Mortgage
20.39,14000,22100,28901,Mar-2018,Rent
14.07,20000,12958,160118,Mar-2018,Mortgage
15.04,11200,58883,90276,Mar-2018,Mortgage
6.07,20000,45969,229942,Feb-2018,Mortgage
13.59,15000,1746,4500,Jan-2018,Mortgage
14.08,26000,25927,66317,Feb-2018,Rent
11.99,7800,17672,23639,Jan-2018,Rent
13.58,30000,4239,5700,Mar-2018,Rent
9.93,10000,20143,41700,Jan-2018,Rent
6.08,7500,157471,179445,Feb-2018,Mortgage
13.59,24400,55141,74749,Jan-2018,Rent
10.42,10000,100506,100535,Feb-2018,Rent
6.72,10000,47113,66353,Jan-2018,Rent
12.61,18000,52753,66439,Feb-2018,Rent
14.08,15000,30377,47950,Feb-2018,Own
18.06,15000,78613,92656,Jan-2018,Mortgage
9.44,14000,37123,38500,Jan-2018,Rent
11.99,1500,3747,8000,Jan-2018,Own
7.35,13000,13452,228900,Mar-2018,Mortgage
7.34,10000,40255,64167,Mar-2018,Rent
16.01,40000,76119,198400,Mar-2018,Mortgage
19.03,6000,159525,120721,Feb-2018,Own
9.44,24000,50704,275050,Feb-2018,Own
15.05,9600,67384,92570,Mar-2018,Rent
18.45,26500,71243,91092,Mar-2018,Rent
9.93,4500,19724,40444,Jan-2018,Own
6.07,16000,61469,165555,Mar-2018,Mortgage
9.44,6000,141312,142141,Feb-2018,Rent
6.71,21600,28404,221241,Mar-2018,Own
13.58,28000,92670,116570,Mar-2018,Mortgage
20,18000,21676,62527,Feb-2018,Rent
15.05,17000,71751,286115,Feb-2018,Mortgage
17.09,6650,12299,18520,Jan-2018,Rent
17.09,12000,8855,98100,Jan-2018,Mortgage
9.44,4500,4536,151230,Jan-2018,Mortgage
10.42,36000,188518,502577,Jan-2018,Own
11.99,30000,43432,192970,Jan-2018,Rent
13.58,15000,18267,48100,Mar-2018,Own
15.05,5000,11718,19100,Feb-2018,Mortgage
7.35,40000,5037,625700,Jan-2018,Mortgage
9.44,4000,3264,10100,Jan-2018,Mortgage
10.9,14000,10977,121585,Mar-2018,Mortgage
14.08,20000,10715,20000,Jan-2018,Own
10.91,20000,40329,246865,Jan-2018,Mortgage
17.09,18000,33631,47092,Jan-2018,Rent
9.44,40000,3850,300580,Jan-2018,Mortgage
15.05,24000,158158,669055,Feb-2018,Mortgage
7.34,8000,26401,80432,Mar-2018,Rent
11.99,15000,28611,43555,Jan-2018,Mortgage
15.04,7000,6018,16414,Mar-2018,Rent
23.88,5000,34091,233706,Jan-2018,Mortgage
24.84,16100,13867,38020,Mar-2018,Rent
18.45,15000,53191,44500,Feb-2018,Own
21.45,35000,17365,31988,Jan-2018,Mortgage
10.41,8300,48069,275294,Mar-2018,Mortgage
6.07,3500,38672,331835,Feb-2018,Mortgage
14.08,10400,2885,25500,Feb-2018,Rent
11.99,6000,12569,21377,Jan-2018,Rent
9.43,32000,105380,365056,Mar-2018,Mortgage
10.41,20000,15083,53769,Mar-2018,Rent
16.02,20000,40227,73791,Jan-2018,Own
12.61,36000,139989,343998,Feb-2018,Mortgage
10.91,7200,26761,128630,Jan-2018,Mortgage
6.07,2000,3517,170502,Mar-2018,Mortgage
10.41,20000,76067,141665,Mar-2018,Mortgage
6.08,8000,26213,101714,Feb-2018,Rent
9.44,15000,3328,21000,Jan-2018,Rent
13.59,8400,13088,25700,Jan-2018,Rent
7.97,24000,23153,60510,Feb-2018,Rent
7.35,7700,6772,20950,Jan-2018,Rent
10.91,1500,1619,18800,Jan-2018,Rent
18.06,2000,18996,22887,Jan-2018,Rent
13.59,13000,63119,116935,Feb-2018,Rent
10.41,35000,282203,478203,Feb-2018,Mortgage
14.07,10000,70020,91988,Mar-2018,Rent
12.62,16000,1251,31500,Feb-2018,Own
10.9,10000,7090,22300,Mar-2018,Own
16.02,12000,17465,24698,Jan-2018,Mortgage
12.62,23000,70590,334327,Jan-2018,Mortgage
12.61,8000,53675,184766,Feb-2018,Rent
10.91,8400,29901,51575,Jan-2018,Mortgage
12.62,35000,22686,69804,Jan-2018,Own
6.72,25000,9381,197600,Feb-2018,Mortgage
14.08,25000,32893,252121,Feb-2018,Mortgage
18.06,16000,30329,68200,Feb-2018,Rent
10.42,15000,4682,9900,Jan-2018,Rent
13.59,17000,5854,9500,Feb-2018,Rent
7.97,11200,96556,509582,Feb-2018,Mortgage
16.02,2000,55230,159128,Jan-2018,Mortgage
18.06,10000,97604,189792,Jan-2018,Rent
16.01,9500,20660,35475,Feb-2018,Rent
9.93,20000,31967,139768,Feb-2018,Mortgage
7.97,10000,30342,81878,Jan-2018,Mortgage
12.61,35000,42203,68347,Mar-2018,Rent
7.34,8000,27375,200362,Feb-2018,Mortgage
10.42,6000,21664,24311,Jan-2018,Rent
10.91,40000,18901,253203,Feb-2018,Mortgage
6.07,1500,4019,20100,Mar-2018,Rent
9.44,20000,25425,33212,Jan-2018,Mortgage
18.06,16800,75690,451728,Jan-2018,Rent
30.79,35500,75529,86105,Mar-2018,Mortgage
9.93,38825,50242,133146,Jan-2018,Rent
16.02,14500,53588,82679,Jan-2018,Own
10.41,30000,173655,254705,Mar-2018,Mortgage
19.03,32000,41977,231470,Feb-2018,Mortgage
12.62,20000,41678,221278,Feb-2018,Mortgage
7.97,20000,54917,279763,Feb-2018,Mortgage
9.93,20000,73130,98834,Jan-2018,Mortgage
12.62,10000,18657,235559,Jan-2018,Mortgage
14.08,12000,21029,25146,Feb-2018,Rent
17.47,35000,76824,107651,Mar-2018,Rent
16.02,16400,84066,1043794,Jan-2018,Mortgage
11.99,5000,9935,18871,Jan-2018,Own
10.41,10000,55596,382614,Mar-2018,Mortgage
21.85,25000,66677,442478,Mar-2018,Mortgage
17.09,10000,32643,64085,Jan-2018,Rent
18.06,10000,6632,7700,Jan-2018,Rent
11.99,20000,59731,70486,Jan-2018,Rent
12.62,16000,10319,56416,Jan-2018,Mortgage
10.9,30000,67101,73900,Mar-2018,Rent
7.34,15750,258843,464109,Mar-2018,Mortgage
18.06,2200,146933,109616,Jan-2018,Rent
19.03,21000,20051,43995,Feb-2018,Rent
15.05,6500,43925,210944,Feb-2018,Mortgage
9.43,24725,73984,237090,Mar-2018,Own
11.99,8400,13597,33650,Jan-2018,Rent
7.97,1450,62667,101273,Feb-2018,Rent
9.44,20000,3465,421597,Feb-2018,Own
26.77,6100,11838,118400,Mar-2018,Mortgage
10.42,20000,101789,428905,Feb-2018,Mortgage
9.92,18000,2860,209500,Mar-2018,Own
17.09,20000,98378,616120,Jan-2018,Mortgage
16.02,28000,82821,150047,Feb-2018,Mortgage
10.9,16800,42168,69969,Mar-2018,Own
16.02,10000,44283,55912,Jan-2018,Mortgage
15.04,5000,15291,33111,Mar-2018,Rent
5.31,13000,15795,43300,Mar-2018,Own
14.07,7200,6411,6400,Mar-2018,Rent
13.59,2975,37545,49382,Mar-2018,Rent
6.72,20000,37271,62019,Jan-2018,Own
6.08,6000,5627,8500,Jan-2018,Rent
7.34,14000,21923,71545,Mar-2018,Rent
10.42,10000,50580,475698,Jan-2018,Mortgage
21.85,25000,20207,29300,Mar-2018,Rent
11.99,5000,7980,16090,Jan-2018,Rent
6.72,2500,8232,172310,Jan-2018,Mortgage
15.04,30000,134295,492461,Mar-2018,Mortgage
17.09,20000,105342,176049,Jan-2018,Mortgage
9.93,9000,44961,59584,Feb-2018,Rent
13.58,27400,57371,256695,Mar-2018,Mortgage
16.01,40000,99918,127030,Mar-2018,Own
6.08,40000,189430,878143,Jan-2018,Mortgage
10.91,8000,56898,393883,Jan-2018,Mortgage
6.07,5000,41322,120600,Mar-2018,Own
26.3,12800,25935,35992,Jan-2018,Rent
12.62,33600,143193,244261,Jan-2018,Own
21.45,13000,87834,272091,Feb-2018,Mortgage
18.45,12000,53076,71113,Mar-2018,Rent
9.44,18000,58840,244727,Jan-2018,Mortgage
6.08,17000,2557,375300,Jan-2018,Mortgage
7.97,3200,26747,44715,Jan-2018,Rent
13.58,13500,24785,46863,Feb-2018,Rent
14.07,19200,63465,321163,Mar-2018,Mortgage
9.93,10500,797760,599890,Feb-2018,Own
5.31,8000,120650,287342,Feb-2018,Own
10.41,10000,55962,107570,Feb-2018,Rent
6.08,15000,14938,26700,Jan-2018,Rent
6.07,12000,93192,220834,Mar-2018,Own
13.58,15600,20212,193459,Mar-2018,Own
18.06,5900,180019,278256,Feb-2018,Rent
9.93,9600,21133,43799,Feb-2018,Own
10.41,12000,46839,100839,Mar-2018,Own
10.41,25000,42384,66979,Mar-2018,Rent
17.09,22325,82253,350993,Feb-2018,Mortgage
9.92,8400,14989,34218,Mar-2018,Rent
15.05,15000,25509,42819,Feb-2018,Rent
7.96,30000,37258,69800,Mar-2018,Rent
9.92,25000,39342,119524,Mar-2018,Own
6.08,16000,152582,258624,Feb-2018,Mortgage
16.01,6500,39183,39863,Mar-2018,Rent
21.45,12000,2761,6000,Feb-2018,Rent
16.02,5000,21314,30031,Feb-2018,Rent
6.08,30000,54577,109882,Jan-2018,Rent
6.08,3000,15564,26400,Jan-2018,Own
17.09,17000,30246,36182,Feb-2018,Rent
12.62,20000,32244,47774,Feb-2018,Own
5.32,3000,948,64700,Feb-2018,Own
16.01,10000,32387,39900,Mar-2018,Rent
10.91,2300,18043,35015,Feb-2018,Mortgage
9.44,12000,11771,478577,Feb-2018,Mortgage
9.92,5600,82491,110020,Mar-2018,Rent
16.01,25000,45998,262895,Feb-2018,Mortgage
20,1750,51447,48465,Jan-2018,Own
13.59,16000,16274,56500,Jan-2018,Mortgage
14.08,18400,50627,141937,Jan-2018,Mortgage
17.09,26000,55300,127728,Jan-2018,Rent
14.08,15000,30393,60261,Feb-2018,Rent
23.87,10000,11214,45700,Mar-2018,Own
9.92,19200,32069,67685,Feb-2018,Own
9.92,9800,33064,255232,Mar-2018,Mortgage
10.91,7700,6092,19900,Feb-2018,Rent
16.01,4500,27378,48800,Mar-2018,Own
7.35,6600,16811,49600,Jan-2018,Own
16.01,13825,19084,138727,Mar-2018,Mortgage
20.39,24000,44545,244125,Mar-2018,Mortgage
10.41,16000,54288,158444,Feb-2018,Rent
12.62,9000,6380,13300,Jan-2018,Rent
16.02,28975,64079,192783,Jan-2018,Mortgage
21.45,31200,43165,68201,Jan-2018,Rent
24.85,35000,83049,109368,Feb-2018,Rent
21.85,20000,62012,80566,Mar-2018,Own
10.9,16000,29844,45600,Mar-2018,Mortgage
11.98,10000,24075,368007,Mar-2018,Mortgage
7.97,4500,30614,52600,Feb-2018,Rent
16.01,40000,39720,215257,Mar-2018,Mortgage
10.9,10000,77074,246420,Mar-2018,Mortgage
12.62,20000,46044,66390,Jan-2018,Own
10.41,33600,35939,60096,Feb-2018,Mortgage
15.04,20000,9778,23400,Mar-2018,Rent
19.42,16500,17686,28400,Mar-2018,Mortgage
25.81,30000,40608,100021,Mar-2018,Own
16.02,8500,9721,19100,Jan-2018,Rent
6.71,6800,46613,60222,Feb-2018,Rent
12.62,15400,38998,175052,Feb-2018,Mortgage
9.93,15000,19223,243746,Jan-2018,Mortgage
18.45,30000,56736,243545,Mar-2018,Mortgage
13.59,6500,7662,12800,Jan-2018,Rent
13.59,19200,37511,54251,Feb-2018,Own
23.88,27000,17146,28500,Feb-2018,Rent
7.35,12800,8035,222183,Feb-2018,Mortgage
10.9,10000,17234,24900,Mar-2018,Rent
22.91,32000,222190,235536,Jan-2018,Mortgage
14.08,10000,29458,54245,Feb-2018,Own
7.35,10500,30744,49399,Jan-2018,Rent
17.47,12500,4975,10547,Feb-2018,Rent
10.42,10000,48899,339258,Feb-2018,Mortgage
9.92,1200,26901,444506,Mar-2018,Mortgage
9.92,20000,22404,58700,Feb-2018,Rent
25.82,30000,45286,85689,Jan-2018,Own
6.72,14000,28611,58600,Jan-2018,Own
6.08,10000,1825,351100,Feb-2018,Mortgage
16.02,20000,45896,171812,Jan-2018,Mortgage
7.35,3500,66398,135310,Jan-2018,Mortgage
9.43,18000,16257,310992,Mar-2018,Mortgage
16.02,25000,31904,409149,Feb-2018,Mortgage
7.96,15000,43617,240481,Mar-2018,Mortgage
6.07,8000,132468,190113,Mar-2018,Rent
15.05,1000,479,10500,Jan-2018,Rent
19.03,8000,67209,67777,Jan-2018,Rent
18.06,1125,83230,99577,Feb-2018,Mortgage
5.32,35000,65211,662949,Feb-2018,Own
9.43,9000,22721,36583,Mar-2018,Rent
21.45,23000,18411,285198,Jan-2018,Mortgage
19.03,20000,38149,463448,Jan-2018,Rent
13.59,10000,13364,19111,Jan-2018,Rent
5.32,25000,14648,129100,Jan-2018,Rent
9.92,15300,91903,213710,Mar-2018,Mortgage
19.03,18000,98220,399377,Jan-2018,Mortgage
12.61,33000,7553,421603,Mar-2018,Mortgage
6.08,18000,26197,65954,Feb-2018,Rent
28.72,24450,37182,321014,Feb-2018,Mortgage
12.61,15000,43451,52600,Mar-2018,Rent
7.35,6000,29297,50615,Jan-2018,Rent
6.08,16000,45461,58088,Feb-2018,Own
6.08,10000,29517,58912,Jan-2018,Rent
10.91,7200,26609,42654,Jan-2018,Rent
19.03,10000,105097,101987,Feb-2018,Rent
7.96,3000,4997,18500,Mar-2018,Rent
6.08,32000,102445,149274,Feb-2018,Own
6.71,2000,16037,198282,Mar-2018,Mortgage
19.42,6000,44279,55551,Mar-2018,Mortgage
9.93,7000,42084,561963,Feb-2018,Mortgage
7.96,2000,6705,51900,Mar-2018,Own
17.09,40000,60189,132739,Mar-2018,Mortgage
21.45,35000,4537,177530,Feb-2018,Mortgage
19.03,15000,35696,55387,Jan-2018,Rent
14.08,15000,15723,115209,Feb-2018,Mortgage
13.58,30000,78256,283851,Mar-2018,Mortgage
13.59,23000,60930,106028,Jan-2018,Own
10.41,15000,36109,62200,Mar-2018,Mortgage
17.09,10000,40000,244201,Feb-2018,Mortgage
9.93,3000,25226,64191,Jan-2018,Mortgage
9.43,40000,124430,989063,Mar-2018,Own
17.09,25000,36687,112500,Feb-2018,Mortgage
22.91,12900,33000,53992,Jan-2018,Rent
9.93,30000,89961,520542,Jan-2018,Own
9.93,15000,31397,395822,Feb-2018,Mortgage
15.05,35000,88495,456450,Jan-2018,Mortgage
10.42,25000,120611,218561,Feb-2018,Rent
7.35,35000,47889,69732,Jan-2018,Rent
10.91,12000,9971,35739,Jan-2018,Rent
9.44,10000,40513,188219,Jan-2018,Mortgage
12.61,8000,56731,106428,Feb-2018,Rent
11.99,25000,81539,111728,Jan-2018,Rent
15.05,8000,43709,52827,Feb-2018,Rent
11.99,14000,21443,29447,Jan-2018,Mortgage
19.03,10000,24973,34937,Feb-2018,Rent
9.44,6000,12261,278799,Jan-2018,Mortgage
9.93,2800,13200,17125,Feb-2018,Own
20,12000,85339,80298,Jan-2018,Own
20,12800,75368,103714,Feb-2018,Rent
10.41,13000,12331,46525,Mar-2018,Rent
11.99,5000,13417,150346,Jan-2018,Mortgage
13.59,22175,99182,515401,Jan-2018,Mortgage
9.93,10000,8210,19692,Feb-2018,Rent
10.42,8800,23648,30574,Jan-2018,Rent
7.97,9000,2121,11900,Feb-2018,Rent
7.35,17000,46981,287900,Jan-2018,Mortgage
13.58,16000,83331,134308,Feb-2018,Rent
13.59,20000,41822,72704,Feb-2018,Own
7.97,10000,26142,48700,Jan-2018,Own
6.71,10000,54936,180995,Feb-2018,Mortgage
21.45,20400,39642,86575,Jan-2018,Own
9.44,10000,3979,6400,Feb-2018,Rent
10.41,7000,33624,717769,Mar-2018,Mortgage
9.92,10000,127,24500,Mar-2018,Mortgage
16.02,20000,35056,62251,Feb-2018,Rent
9.93,10000,68419,132262,Jan-2018,Mortgage
16.01,15000,18555,67391,Mar-2018,Own
12.62,2000,24400,27979,Jan-2018,Rent
9.92,4000,28968,46904,Mar-2018,Rent
11.99,5000,50175,236693,Jan-2018,Own
21.85,1000,35568,50537,Mar-2018,Rent
26.3,25000,95258,127900,Jan-2018,Rent
9.92,14000,90235,482752,Mar-2018,Mortgage
13.58,14000,20955,56581,Feb-2018,Own
14.08,6000,16433,467000,Feb-2018,Mortgage
6.08,18000,19037,48800,Jan-2018,Rent
9.44,18000,11336,394400,Jan-2018,Mortgage
21.45,10000,32107,43742,Feb-2018,Rent
12.61,20000,45044,249009,Mar-2018,Mortgage
6.71,40000,38056,555336,Feb-2018,Own
6.72,20000,45806,63972,Feb-2018,Rent
18.45,39725,2701,399700,Mar-2018,Mortgage
12.61,3500,42593,83584,Mar-2018,Mortgage
19.42,23000,253,300,Mar-2018,Rent
12.62,15000,98520,124034,Feb-2018,Rent
5.32,40000,71394,708284,Feb-2018,Own
9.93,5000,13396,163844,Jan-2018,Mortgage
9.93,23500,168130,239339,Jan-2018,Own
10.41,6000,6278,14500,Mar-2018,Rent
6.71,7000,7656,69210,Mar-2018,Own
10.41,8000,5106,7100,Mar-2018,Rent
26.77,24750,79201,139836,Mar-2018,Mortgage
10.91,20000,122195,297768,Feb-2018,Mortgage
11.99,23175,110102,141486,Jan-2018,Mortgage
19.42,8500,30533,61196,Mar-2018,Rent
9.44,10000,11196,16500,Jan-2018,Rent
18.45,24000,80118,102490,Mar-2018,Mortgage
22.91,15000,41129,67300,Feb-2018,Rent
11.99,14000,85390,280006,Jan-2018,Own
6.07,11000,19184,54600,Mar-2018,Mortgage
14.07,16000,40905,175364,Mar-2018,Own
7.35,22000,335417,599924,Jan-2018,Own
6.71,5000,1117,77500,Mar-2018,Rent
19.42,35000,26309,45539,Mar-2018,Mortgage
15.04,40000,15338,26400,Mar-2018,Rent
5.32,12000,26471,89282,Feb-2018,Own
11.99,40000,32182,244750,Feb-2018,Mortgage
16.02,27000,30289,76100,Jan-2018,Mortgage
12.61,32000,47619,250149,Mar-2018,Mortgage
11.98,15000,16324,25874,Mar-2018,Rent
16.02,1600,42512,54572,Jan-2018,Mortgage
5.32,4000,8759,89487,Feb-2018,Mortgage
6.71,16000,29588,395671,Mar-2018,Mortgage
19.42,22050,186626,329238,Mar-2018,Rent
6.71,10000,28639,147695,Mar-2018,Mortgage
21.45,10800,16205,26926,Feb-2018,Own
12.62,5000,19723,26432,Feb-2018,Mortgage
9.43,20000,24629,29600,Mar-2018,Rent
6.71,10000,15778,256974,Mar-2018,Mortgage
18.06,15000,7115,152300,Jan-2018,Mortgage
17.47,30000,34830,47447,Feb-2018,Own
9.43,11500,45623,64896,Mar-2018,Rent
11.98,18000,35160,72269,Mar-2018,Rent
5.32,40000,185741,441655,Jan-2018,Mortgage
18.06,9600,72841,68296,Feb-2018,Rent
7.96,6000,7609,27600,Mar-2018,Mortgage
7.35,14500,49276,149165,Feb-2018,Mortgage
9.43,30000,44423,252145,Mar-2018,Mortgage
11.99,30000,8018,59926,Jan-2018,Rent
6.08,11000,13433,56191,Jan-2018,Rent
21.45,25000,73421,136691,Feb-2018,Rent
9.44,5000,10174,307017,Jan-2018,Mortgage
14.08,8000,126415,147103,Jan-2018,Mortgage
9.92,16000,86894,132668,Feb-2018,Rent
9.43,24000,65180,449495,Feb-2018,Mortgage
15.05,4800,87571,238593,Jan-2018,Mortgage
15.05,6000,41398,230688,Feb-2018,Mortgage
5.31,36000,63428,570509,Mar-2018,Mortgage
16.01,4000,24897,33000,Mar-2018,Rent
11.99,3000,28667,49104,Feb-2018,Rent
12.61,36000,5917,51784,Mar-2018,Rent
16.02,15000,52557,197402,Feb-2018,Mortgage
12.62,10800,8536,19600,Jan-2018,Own
19.03,1000,11230,19241,Jan-2018,Rent
11.99,10050,96953,395500,Feb-2018,Mortgage
11.99,16000,47674,213771,Jan-2018,Mortgage
15.05,8000,65561,76935,Jan-2018,Rent
7.35,8500,138861,570148,Jan-2018,Mortgage
19.03,35000,17466,21170,Jan-2018,Rent
6.72,21000,118388,779030,Jan-2018,Mortgage
11.98,10000,16090,143660,Mar-2018,Mortgage
19.42,30000,46707,74095,Mar-2018,Rent
12.61,15000,47739,135038,Mar-2018,Mortgage
14.07,18000,112198,226362,Mar-2018,Mortgage
12.62,27600,45043,497272,Jan-2018,Mortgage
19.03,13200,26020,65378,Feb-2018,Rent
15.05,1500,159538,152381,Jan-2018,Rent
10.91,13125,67790,446850,Jan-2018,Rent
9.44,5000,13662,27400,Jan-2018,Own
9.43,20000,30962,511539,Mar-2018,Mortgage
14.07,3000,105426,356976,Feb-2018,Mortgage
13.59,5000,15024,67459,Jan-2018,Own
10.91,30000,52007,60350,Feb-2018,Rent
11.98,5000,11537,15536,Feb-2018,Rent
16.02,6000,26135,37985,Feb-2018,Rent
10.41,15000,8587,199200,Mar-2018,Mortgage
7.35,20000,29685,210350,Feb-2018,Mortgage
30.79,18750,59076,222538,Feb-2018,Rent
10.42,35000,134951,206586,Feb-2018,Rent
13.59,28000,44436,62284,Feb-2018,Rent
25.81,12500,3954,4800,Mar-2018,Rent
10.42,31000,32538,39456,Jan-2018,Rent
5.31,40000,17789,803627,Mar-2018,Mortgage
9.93,10000,19217,330800,Jan-2018,Mortgage
10.91,40000,165652,829970,Feb-2018,Mortgage
6.08,8000,38737,84893,Jan-2018,Rent
7.96,40000,19920,40506,Mar-2018,Rent
10.42,8000,35170,61710,Jan-2018,Rent
9.44,4000,1899,4600,Feb-2018,Rent
6.08,18000,44402,833587,Feb-2018,Mortgage
13.59,9000,28211,43845,Feb-2018,Own
16.01,20000,58222,383408,Mar-2018,Own
13.59,9600,11580,26506,Mar-2018,Mortgage
5.32,25000,43073,405111,Jan-2018,Mortgage
6.71,9000,70614,132718,Feb-2018,Rent
7.35,10000,34008,72254,Jan-2018,Rent
10.42,15000,31458,618901,Feb-2018,Mortgage
12.62,5300,106374,105460,Feb-2018,Rent
19.03,15000,32383,45314,Jan-2018,Own
19.03,14000,48699,180910,Jan-2018,Own
7.34,20000,75484,95093,Mar-2018,Rent
6.72,35000,80997,436376,Jan-2018,Mortgage
11.98,3000,4385,12100,Mar-2018,Rent
10.41,9000,50714,60021,Mar-2018,Rent
18.06,5000,54739,467400,Jan-2018,Rent
13.59,15000,23115,307044,Jan-2018,Mortgage
18.45,17000,17169,24200,Mar-2018,Rent
7.34,4000,14978,52600,Mar-2018,Rent
15.05,35000,17345,30552,Jan-2018,Own
20.39,16800,12687,30805,Mar-2018,Rent
10.91,18000,22324,36402,Jan-2018,Rent
7.35,13000,18150,116456,Jan-2018,Mortgage
11.99,12000,72062,166146,Feb-2018,Mortgage
7.34,14000,44305,113403,Mar-2018,Rent
13.59,4800,9851,33300,Feb-2018,Rent
15.04,10200,15382,37100,Mar-2018,Mortgage
17.09,18000,38126,47549,Jan-2018,Rent
9.92,4000,7443,181756,Mar-2018,Mortgage
6.71,28000,66766,134757,Mar-2018,Rent
17.09,17000,36758,159281,Jan-2018,Mortgage
10.42,5000,25199,46362,Feb-2018,Mortgage
9.44,10000,55743,237660,Feb-2018,Mortgage
10.9,5000,172,700,Mar-2018,Rent
9.43,15000,26764,136903,Mar-2018,Mortgage
9.44,12000,49492,334941,Feb-2018,Mortgage
9.92,36000,55723,491842,Mar-2018,Mortgage
26.77,24000,40697,72628,Mar-2018,Rent
19.03,35000,266569,249330,Jan-2018,Own
12.62,14500,14517,118100,Jan-2018,Own
12.61,2500,21002,122588,Mar-2018,Mortgage
6.72,35000,48100,545193,Jan-2018,Mortgage
9.43,22225,38881,81266,Mar-2018,Rent
15.04,35000,17808,35600,Mar-2018,Rent
12.61,30000,113712,397234,Feb-2018,Mortgage
11.99,15000,54567,362305,Jan-2018,Mortgage
11.98,36000,75796,263379,Mar-2018,Mortgage
7.35,26000,151790,327901,Feb-2018,Mortgage
21.85,3300,19808,49118,Mar-2018,Rent
6.08,25000,19468,484200,Jan-2018,Mortgage
11.99,20000,115532,912840,Jan-2018,Mortgage
7.35,3500,6317,19906,Jan-2018,Rent
7.96,5000,31642,430202,Mar-2018,Mortgage
10.42,15000,62341,295797,Jan-2018,Mortgage
6.08,10000,16252,111200,Feb-2018,Mortgage
11.98,10000,11001,18964,Mar-2018,Own
28.72,24000,92040,263599,Mar-2018,Mortgage
20,10000,18912,27597,Feb-2018,Mortgage
9.44,8000,46443,61131,Jan-2018,Rent
13.59,40000,121769,169063,Jan-2018,Rent
12.61,24000,42088,277911,Mar-2018,Mortgage
9.44,36000,346119,1350311,Jan-2018,Own
16.01,10000,25308,45460,Mar-2018,Rent
21.85,8000,37428,207507,Mar-2018,Mortgage
23.88,15000,62473,197617,Feb-2018,Mortgage
13.59,25000,70601,194050,Jan-2018,Mortgage
9.44,28000,37974,65617,Feb-2018,Rent
12.62,15000,21732,46976,Jan-2018,Mortgage
7.34,12000,100119,153559,Mar-2018,Mortgage
9.44,10000,18222,69249,Jan-2018,Mortgage
9.44,30000,232693,1088276,Jan-2018,Own
5.31,9000,17483,176920,Mar-2018,Mortgage
10.42,7000,64389,101562,Feb-2018,Rent
6.72,7000,70389,225748,Mar-2018,Mortgage
9.44,10000,55468,221732,Feb-2018,Mortgage
9.44,5000,35334,83617,Feb-2018,Rent
9.93,4200,0,6100,Jan-2018,Mortgage
7.96,10500,43674,361396,Mar-2018,Mortgage
7.97,10000,51172,304615,Jan-2018,Mortgage
23.87,6000,54307,69465,Mar-2018,Rent
9.92,14000,201020,667279,Mar-2018,Own
20.39,4800,77537,77657,Mar-2018,Rent
9.43,12000,8049,54869,Mar-2018,Rent
7.35,20000,56020,435719,Feb-2018,Mortgage
11.98,38000,2434,56168,Mar-2018,Own
9.93,12000,55323,387711,Jan-2018,Mortgage
13.59,20000,25672,53738,Feb-2018,Mortgage
21.45,5000,5683,12300,Mar-2018,Rent
10.91,15000,49306,295802,Feb-2018,Own
14.07,10000,28151,48300,Mar-2018,Rent
9.43,16000,14187,59348,Mar-2018,Rent
14.08,32000,21684,174900,Feb-2018,Mortgage
5.31,7200,32455,632864,Feb-2018,Mortgage
12.62,30000,8390,22425,Jan-2018,Mortgage
9.44,28000,64907,319089,Feb-2018,Mortgage
23.88,11600,32316,71500,Feb-2018,Own
6.07,40000,113940,619231,Mar-2018,Mortgage
14.08,20000,217793,242237,Jan-2018,Rent
14.08,9000,20073,30796,Jan-2018,Mortgage
7.35,15000,15321,42675,Jan-2018,Rent
6.07,20000,44756,95228,Mar-2018,Mortgage
9.44,40000,45337,113837,Jan-2018,Mortgage
17.47,12000,31008,402815,Mar-2018,Mortgage
12.62,40000,65368,107340,Feb-2018,Rent
10.42,2100,30974,397022,Jan-2018,Mortgage
9.44,20000,41827,106911,Feb-2018,Rent
11.98,11000,559079,1045915,Mar-2018,Mortgage
6.07,8000,35430,85581,Mar-2018,Rent
14.08,35000,117691,190647,Feb-2018,Rent
10.91,10000,19895,114438,Feb-2018,Mortgage
10.42,16000,14007,33100,Jan-2018,Rent
14.07,8000,9552,13245,Mar-2018,Mortgage
6.72,35000,40944,193400,Jan-2018,Mortgage
12.62,35000,39908,48993,Feb-2018,Mortgage
6.72,25000,17000,232047,Feb-2018,Mortgage
6.08,9000,35053,146926,Feb-2018,Mortgage
19.03,12800,155197,200790,Jan-2018,Mortgage
16.02,20000,873713,805515,Feb-2018,Rent
20,17000,17404,43333,Feb-2018,Rent
20,17000,13115,23500,Jan-2018,Rent
21.85,12800,115380,131176,Mar-2018,Rent
6.08,9600,1416,27200,Feb-2018,Rent
9.93,20000,42638,36459,Jan-2018,Mortgage
7.96,25000,8758,408100,Mar-2018,Mortgage
9.93,12000,43448,78948,Jan-2018,Rent
7.34,15000,2679,32700,Mar-2018,Rent
5.31,5000,95771,143439,Mar-2018,Rent
16.01,18000,11286,20100,Feb-2018,Rent
14.08,10000,25086,42900,Jan-2018,Mortgage
15.04,8000,8120,13800,Mar-2018,Rent
16.02,15000,15802,30800,Jan-2018,Rent
7.97,18000,40300,243109,Jan-2018,Mortgage
7.97,3000,941,79800,Jan-2018,Rent
6.72,30000,191738,619318,Feb-2018,Mortgage
12.62,10500,58102,109479,Feb-2018,Rent
23.87,10700,122524,295149,Mar-2018,Mortgage
15.04,5000,40912,459857,Mar-2018,Mortgage
9.44,7000,32306,62010,Feb-2018,Own
10.91,25000,45180,90368,Feb-2018,Rent
24.84,30000,23241,36350,Mar-2018,Mortgage
10.41,12000,52728,80993,Mar-2018,Rent
7.35,6000,8994,266893,Jan-2018,Own
18.45,30000,2575,15100,Mar-2018,Own
10.41,8000,53066,483410,Mar-2018,Mortgage
18.45,22000,9353,10100,Mar-2018,Own
11.99,25000,34419,110600,Mar-2018,Rent
9.92,20000,29963,196499,Mar-2018,Mortgage
10.42,15600,18689,71138,Jan-2018,Rent
16.01,30000,30437,50238,Mar-2018,Mortgage
28.72,14000,28090,203874,Mar-2018,Mortgage
5.32,16000,13185,605065,Jan-2018,Mortgage
14.07,20000,22173,75891,Feb-2018,Rent
7.97,2800,17263,37850,Jan-2018,Rent
5.32,15000,31683,552650,Feb-2018,Mortgage
20.39,25000,43792,56144,Mar-2018,Rent
10.41,14000,32160,45757,Mar-2018,Rent
9.44,15000,84281,128961,Jan-2018,Own
10.42,15000,44103,47456,Jan-2018,Rent
6.72,20000,21123,180953,Jan-2018,Own
13.59,25000,17523,30752,Jan-2018,Mortgage
20.39,10000,72643,171153,Mar-2018,Mortgage
10.41,5000,25594,203527,Feb-2018,Mortgage
14.08,40000,38481,376657,Mar-2018,Mortgage
12.61,10000,20225,56400,Mar-2018,Rent
16.01,15000,35085,47005,Mar-2018,Rent
10.9,22000,30075,56694,Mar-2018,Rent
13.59,5000,6085,10200,Jan-2018,Rent
6.72,30000,64338,359558,Jan-2018,Mortgage
26.3,11625,44937,60305,Feb-2018,Own
15.05,12975,72751,79973,Feb-2018,Rent
10.9,28000,172538,326391,Mar-2018,Mortgage
20,12000,47742,190503,Jan-2018,Mortgage
7.35,2000,1681,165786,Jan-2018,Mortgage
14.07,2500,42706,206707,Feb-2018,Mortgage
13.59,10125,15425,20490,Jan-2018,Mortgage
16.01,6300,29278,36477,Mar-2018,Rent
10.42,2500,8401,246974,Jan-2018,Mortgage
6.07,10000,5677,23417,Mar-2018,Rent
11.98,3600,64456,71792,Mar-2018,Rent
5.32,15000,297856,443762,Jan-2018,Mortgage
22.9,10000,25192,125949,Mar-2018,Mortgage
9.92,26000,10921,257144,Mar-2018,Mortgage
7.35,20000,42607,93899,Feb-2018,Own
12.62,17425,51469,235821,Jan-2018,Mortgage
21.85,8000,143323,343210,Mar-2018,Own
14.07,11200,45555,63613,Mar-2018,Rent
9.43,10000,14668,23000,Feb-2018,Rent
6.08,7700,12210,165175,Jan-2018,Mortgage
6.71,35000,120779,600379,Mar-2018,Mortgage
9.43,5000,48779,95760,Mar-2018,Rent
9.44,4500,56363,197299,Jan-2018,Mortgage
5.31,6500,75350,77696,Mar-2018,Mortgage
9.44,26400,123983,240113,Jan-2018,Mortgage
15.05,5000,54576,290649,Jan-2018,Mortgage
16.02,24000,54907,58850,Jan-2018,Rent
7.35,30000,1959,16000,Jan-2018,Rent
12.62,2400,57930,64205,Jan-2018,Rent
9.43,7000,17375,36256,Mar-2018,Mortgage
10.41,5000,23471,289278,Mar-2018,Mortgage
12.61,3500,12168,22081,Mar-2018,Rent
9.93,15000,10468,169700,Feb-2018,Own
13.59,13775,23552,302478,Feb-2018,Mortgage
13.58,5000,47941,74199,Mar-2018,Rent
22.91,6500,53651,61108,Jan-2018,Own
18.45,16825,6769,150664,Mar-2018,Mortgage
13.58,20000,15636,305989,Feb-2018,Mortgage
19.42,30000,82211,138007,Mar-2018,Rent
9.44,10000,27923,118124,Feb-2018,Own
7.35,30000,79615,268023,Jan-2018,Mortgage
10.91,26000,64047,498750,Feb-2018,Mortgage
6.72,14000,54067,434710,Feb-2018,Mortgage
13.59,1000,28613,133176,Feb-2018,Rent
13.59,10000,4711,267000,Jan-2018,Mortgage
9.92,40000,36981,67075,Mar-2018,Rent
15.05,35000,64048,426332,Feb-2018,Mortgage
20,18000,45526,253919,Jan-2018,Mortgage
17.09,10000,10104,14659,Jan-2018,Rent
6.71,38000,73308,118044,Mar-2018,Rent
11.98,6000,23414,30300,Mar-2018,Mortgage
12.61,14000,105753,149520,Mar-2018,Mortgage
14.08,12000,32386,42812,Feb-2018,Own
9.93,13000,40396,295876,Feb-2018,Mortgage
9.92,3000,2859,140272,Feb-2018,Mortgage
13.59,16000,29780,46785,Feb-2018,Mortgage
6.07,4200,24266,282203,Mar-2018,Mortgage
10.91,12000,30562,191656,Feb-2018,Mortgage
13.59,3000,10452,29500,Feb-2018,Own
15.04,15000,42045,74001,Feb-2018,Rent
12.62,10000,99189,136753,Jan-2018,Rent
16.02,35000,84551,133756,Feb-2018,Mortgage
15.04,4000,32717,53654,Mar-2018,Mortgage
11.98,5000,11610,18500,Feb-2018,Rent
6.72,40000,26645,261095,Jan-2018,Own
10.91,4200,50937,53379,Jan-2018,Rent
10.9,7000,9620,184302,Mar-2018,Mortgage
7.35,20000,17368,261526,Feb-2018,Mortgage
7.34,20000,54983,142289,Mar-2018,Rent
9.92,8500,31264,52934,Feb-2018,Rent
24.84,30000,93534,109743,Mar-2018,Rent
7.34,30000,29023,257195,Mar-2018,Mortgage
10.41,4000,93731,271720,Mar-2018,Mortgage
9.43,18000,4392,15800,Mar-2018,Mortgage
15.05,24000,121734,307262,Jan-2018,Rent
12.61,21000,83697,416122,Mar-2018,Own
9.92,1500,18855,97200,Mar-2018,Own
19.42,20000,87583,148624,Mar-2018,Rent
21.45,30000,94938,163873,Jan-2018,Rent
10.9,5000,10052,30797,Mar-2018,Own
6.72,16000,41467,614727,Feb-2018,Mortgage
12.61,24000,20754,152689,Mar-2018,Mortgage
7.96,4000,64692,303707,Mar-2018,Mortgage
9.93,11000,33611,60517,Jan-2018,Mortgage
16.02,8000,297461,239512,Feb-2018,Mortgage
9.44,32000,22674,55557,Feb-2018,Rent
9.93,15000,34385,326000,Jan-2018,Mortgage
14.08,7000,92063,103782,Feb-2018,Rent
13.58,10000,11133,351166,Mar-2018,Mortgage
9.92,20000,19088,31900,Mar-2018,Rent
9.44,27500,27162,308786,Jan-2018,Mortgage
18.45,20000,18205,149576,Mar-2018,Mortgage
10.41,30000,163783,620819,Mar-2018,Mortgage
10.42,6000,83640,100805,Feb-2018,Rent
6.07,15000,13687,368842,Mar-2018,Mortgage
15.04,20000,71591,228790,Mar-2018,Mortgage
9.93,20000,87471,91675,Feb-2018,Rent
6.08,2000,9225,31630,Feb-2018,Rent
15.05,20000,30108,64100,Feb-2018,Mortgage
23.87,30000,16729,244300,Mar-2018,Mortgage
19.42,3000,720,1800,Mar-2018,Rent
16.02,3000,56179,87429,Jan-2018,Own
26.77,30000,46264,91833,Mar-2018,Own
10.91,7550,21599,27378,Feb-2018,Rent
7.96,4000,16151,35654,Feb-2018,Rent
10.42,20000,43234,221808,Mar-2018,Mortgage
6.72,27000,46748,99441,Feb-2018,Mortgage
16.02,4000,71287,120551,Feb-2018,Own
13.59,15000,22112,166728,Mar-2018,Mortgage
7.34,18000,2529,211040,Mar-2018,Mortgage
7.35,15000,25819,268556,Jan-2018,Mortgage
30.17,35000,101221,132093,Jan-2018,Mortgage
15.05,5000,73414,91584,Jan-2018,Own
9.44,35500,40210,99341,Jan-2018,Rent
15.04,15000,34116,52480,Mar-2018,Own
7.34,25000,92763,601600,Mar-2018,Mortgage
7.34,5000,145675,123507,Mar-2018,Own
13.59,35875,64335,167500,Feb-2018,Rent
11.99,40000,68541,134503,Jan-2018,Rent
6.72,12000,60675,378002,Jan-2018,Mortgage
10.42,7000,15006,64500,Feb-2018,Mortgage
18.06,23875,198423,252781,Feb-2018,Rent
21.45,30000,3279,3800,Feb-2018,Rent
5.31,35000,95909,346895,Mar-2018,Mortgage
13.58,32150,52786,101900,Feb-2018,Rent
11.99,4800,13656,47085,Feb-2018,Mortgage
21.45,10000,48838,100422,Jan-2018,Rent
9.93,12000,142522,161169,Feb-2018,Rent
14.07,12000,9038,11900,Mar-2018,Rent
7.35,10000,49939,76179,Jan-2018,Mortgage
14.08,10000,5776,9700,Jan-2018,Rent
7.35,1000,443,10700,Feb-2018,Rent
14.08,17000,8269,23000,Feb-2018,Own
10.91,15000,10475,161550,Jan-2018,Mortgage
12.62,23000,46061,111946,Feb-2018,Own
12.61,15000,50160,54134,Mar-2018,Rent
5.31,5000,10606,79500,Mar-2018,Mortgage
15.05,32000,23220,73686,Jan-2018,Mortgage
9.92,3000,19706,39524,Mar-2018,Rent
5.32,18000,59215,374297,Feb-2018,Mortgage
28.72,12000,43094,59391,Jan-2018,Rent
7.97,10000,47197,305438,Jan-2018,Mortgage
22.9,15000,14002,33000,Mar-2018,Rent
13.59,15000,12969,220455,Feb-2018,Rent
16.02,40000,23527,31066,Feb-2018,Rent
7.97,5000,4276,130300,Feb-2018,Mortgage
6.71,7200,40355,64150,Mar-2018,Rent
7.34,5800,84285,144600,Mar-2018,Mortgage
10.9,14375,8875,51300,Mar-2018,Own
10.42,35000,102370,361998,Jan-2018,Mortgage
21.85,7500,4241,16400,Mar-2018,Own
9.92,6000,61750,99462,Mar-2018,Own
11.99,21000,78096,325517,Jan-2018,Mortgage
17.09,10000,92802,110809,Jan-2018,Mortgage
20,10400,20558,38943,Jan-2018,Rent
10.9,24000,129954,568790,Mar-2018,Mortgage
15.05,24000,25804,51600,Feb-2018,Own
13.58,35000,53972,243214,Mar-2018,Mortgage
19.03,12000,104198,121898,Feb-2018,Rent
25.82,1000,8098,22149,Jan-2018,Rent
11.98,35000,61884,195593,Mar-2018,Mortgage
21.45,7200,16560,43125,Feb-2018,Rent
9.93,25000,59563,130485,Jan-2018,Rent
16.02,25000,130388,418810,Jan-2018,Mortgage
7.34,24000,54774,130811,Feb-2018,Rent
11.99,12000,69155,104285,Jan-2018,Mortgage
19.03,16000,117235,193402,Jan-2018,Own
17.09,12000,3875,6400,Jan-2018,Rent
9.44,15000,22396,219785,Feb-2018,Mortgage
6.07,3125,19831,85589,Mar-2018,Rent
9.93,33600,39227,91359,Jan-2018,Own
6.72,5000,4681,17600,Jan-2018,Rent
16.02,40000,58445,712152,Feb-2018,Mortgage
9.44,3000,19159,25588,Jan-2018,Rent
6.07,2500,53332,238435,Mar-2018,Mortgage
9.93,30000,61595,345842,Feb-2018,Mortgage
18.06,20000,284957,426921,Feb-2018,Mortgage
12.61,34825,68270,132565,Mar-2018,Mortgage
7.35,19000,44867,53373,Jan-2018,Rent
13.59,8000,120926,150670,Feb-2018,Rent
10.9,24725,251920,1895716,Mar-2018,Mortgage
11.98,10000,386,5700,Mar-2018,Rent
14.08,20000,10147,14800,Feb-2018,Mortgage
7.35,11000,10803,26500,Feb-2018,Rent
10.91,7800,15953,25785,Jan-2018,Own
9.92,15000,37750,47068,Mar-2018,Rent
7.97,6000,194572,362691,Jan-2018,Mortgage
12.62,13000,27329,87000,Jan-2018,Mortgage
28.72,20000,68311,60950,Feb-2018,Mortgage
20,20000,21950,45421,Feb-2018,Rent
6.08,25000,115849,217443,Feb-2018,Rent
12.61,35000,62810,190384,Mar-2018,Mortgage
17.09,6000,35908,55521,Jan-2018,Mortgage
7.97,23550,161518,401147,Feb-2018,Mortgage
23.87,20000,37182,59394,Feb-2018,Own
7.96,7600,89647,113318,Mar-2018,Mortgage
6.08,40000,179130,528979,Feb-2018,Mortgage
12.62,12000,140706,608034,Jan-2018,Mortgage
14.08,15000,44001,102812,Jan-2018,Rent
10.9,5000,8870,248400,Mar-2018,Mortgage
30.65,10000,66656,298488,Jan-2018,Mortgage
15.05,11500,47214,82430,Jan-2018,Rent
11.99,21000,24283,36295,Feb-2018,Rent
17.09,40000,61334,118287,Feb-2018,Rent
7.35,10000,475540,748662,Jan-2018,Mortgage
13.58,9000,52038,66900,Mar-2018,Rent
15.04,24000,83678,112304,Mar-2018,Rent
10.41,10000,70931,488625,Mar-2018,Mortgage
16.02,12000,111070,375884,Feb-2018,Mortgage
16.01,12000,12663,77668,Feb-2018,Mortgage
9.44,40000,86448,594089,Feb-2018,Mortgage
23.88,7000,5175,5300,Feb-2018,Rent
7.35,15500,49309,438603,Jan-2018,Own
9.93,11100,41137,366358,Jan-2018,Mortgage
16.02,14000,38276,202768,Jan-2018,Mortgage
5.32,13000,26510,436402,Jan-2018,Mortgage
13.59,15000,25098,379494,Feb-2018,Mortgage
7.96,5150,433,89450,Mar-2018,Mortgage
10.42,39000,69804,575107,Jan-2018,Mortgage
18.06,4000,57887,276425,Jan-2018,Mortgage
10.42,23000,28621,49018,Feb-2018,Rent
18.45,30000,96837,391045,Mar-2018,Mortgage
10.42,16000,24632,207236,Jan-2018,Mortgage
22.9,8425,107,11500,Mar-2018,Own
10.91,15000,22326,67211,Feb-2018,Own
10.41,20000,196762,431110,Mar-2018,Mortgage
6.08,9800,57138,271058,Jan-2018,Mortgage
14.08,30000,18026,88878,Feb-2018,Mortgage
6.72,8000,108203,224518,Jan-2018,Mortgage
18.45,11500,150083,385846,Mar-2018,Mortgage
11.99,7000,2030,16300,Jan-2018,Rent
23.88,16500,33666,202342,Jan-2018,Mortgage
6.71,10000,26460,49621,Mar-2018,Rent
12.62,38500,53504,581604,Jan-2018,Mortgage
7.34,6000,1086,115225,Mar-2018,Mortgage
11.98,6000,28936,212250,Mar-2018,Mortgage
16.02,40000,53341,1240500,Feb-2018,Rent
5.31,14000,53512,210800,Mar-2018,Mortgage
9.93,32000,81670,287080,Jan-2018,Mortgage
6.07,7000,14282,250788,Mar-2018,Mortgage
9.92,6000,46299,57095,Mar-2018,Own
7.34,9600,38524,222423,Feb-2018,Mortgage
10.9,20000,136546,266642,Mar-2018,Mortgage
7.96,31000,32785,60377,Mar-2018,Mortgage
6.08,6500,56498,355728,Jan-2018,Mortgage
9.43,10000,49643,89016,Mar-2018,Rent
7.97,30000,589,90000,Feb-2018,Own
15.05,16800,21553,39350,Jan-2018,Own
9.44,10000,103929,479935,Jan-2018,Mortgage
6.08,10000,20183,70500,Jan-2018,Rent
9.44,20000,8829,13100,Feb-2018,Rent
9.43,20000,66181,146521,Feb-2018,Mortgage
16.02,19000,44348,65636,Jan-2018,Mortgage
6.72,11200,51250,186869,Feb-2018,Mortgage
9.93,25000,141234,599665,Jan-2018,Mortgage
13.58,16800,33294,46286,Mar-2018,Rent
9.92,7000,90151,116125,Mar-2018,Rent
10.9,13425,52114,266020,Mar-2018,Mortgage
9.93,2800,30731,54799,Jan-2018,Rent
6.72,10000,8396,31800,Mar-2018,Rent
19.42,16000,67724,476518,Mar-2018,Mortgage
6.72,10000,43280,95297,Jan-2018,Rent
17.09,3000,240010,731508,Feb-2018,Mortgage
9.44,35000,46645,445012,Jan-2018,Mortgage
6.72,3000,9722,177151,Jan-2018,Mortgage
7.96,12000,31243,317853,Mar-2018,Mortgage
6.71,2500,58875,225791,Mar-2018,Mortgage
9.93,30000,23828,67842,Jan-2018,Rent
22.9,5000,22384,31182,Mar-2018,Mortgage
17.47,35000,27241,53533,Mar-2018,Rent
6.07,11500,33538,214590,Mar-2018,Mortgage
16.02,20000,18399,29033,Mar-2018,Rent
18.45,32000,130166,349090,Mar-2018,Mortgage
9.44,17000,5799,37985,Jan-2018,Rent
11.99,10000,18096,31400,Feb-2018,Rent
6.72,10000,11707,376250,Jan-2018,Mortgage
18.45,23275,419836,357031,Mar-2018,Rent
13.59,21600,39426,299433,Jan-2018,Mortgage
21.45,10000,39966,51766,Feb-2018,Rent
30.17,30000,16741,33316,Feb-2018,Rent
16.02,40000,29213,306594,Jan-2018,Mortgage
7.35,4200,48349,145111,Feb-2018,Mortgage
25.82,26000,104343,742438,Jan-2018,Mortgage
10.41,6000,5495,14500,Mar-2018,Rent
12.62,20000,46240,375783,Feb-2018,Mortgage
7.34,15500,25479,256814,Mar-2018,Mortgage
15.05,20000,20849,57497,Feb-2018,Mortgage
9.43,7000,27431,51841,Mar-2018,Rent
12.61,34700,6792,11300,Mar-2018,Rent
19.42,5000,79922,200100,Feb-2018,Mortgage
12.62,11400,57403,89669,Feb-2018,Own
11.99,7000,47021,56302,Jan-2018,Own
7.34,30000,117620,479527,Mar-2018,Mortgage
11.99,20000,37870,288488,Jan-2018,Mortgage
17.09,27700,35446,38950,Jan-2018,Rent
12.62,32000,88775,425184,Jan-2018,Rent
14.07,12000,209670,196986,Mar-2018,Mortgage
16.01,10050,21170,38175,Mar-2018,Own
7.34,15000,12810,59900,Mar-2018,Rent
15.04,10000,34057,336012,Mar-2018,Mortgage
7.35,40000,0,141030,Feb-2018,Mortgage
6.72,4900,12673,132927,Mar-2018,Mortgage
6.08,29000,85191,479115,Jan-2018,Mortgage
12.62,28000,202277,555371,Jan-2018,Mortgage
24.85,18000,186577,309419,Jan-2018,Mortgage
5.31,28000,118206,195635,Mar-2018,Own
9.43,40000,4496,466900,Mar-2018,Mortgage
7.35,10000,1473,11200,Jan-2018,Rent
11.98,5250,33644,48987,Mar-2018,Rent
9.92,40000,65345,169904,Mar-2018,Rent
11.99,5000,16678,30600,Feb-2018,Mortgage
21.45,24000,69764,248872,Mar-2018,Mortgage
7.35,5000,426525,865400,Feb-2018,Rent
16.01,4000,53948,73356,Mar-2018,Own
12.62,10000,14757,26900,Feb-2018,Rent
20.39,30000,60506,568400,Mar-2018,Own
10.91,40000,38409,711008,Feb-2018,Own
7.34,2800,0,167572,Mar-2018,Mortgage
11.98,15600,125305,349300,Mar-2018,Mortgage
9.43,6025,57477,71511,Mar-2018,Rent
6.72,7000,89379,178377,Feb-2018,Rent
6.07,14000,42547,60217,Mar-2018,Own
10.91,8000,18332,42190,Mar-2018,Rent
10.42,8000,33824,51731,Jan-2018,Mortgage
15.05,39400,64980,112780,Jan-2018,Mortgage
15.05,15000,67380,178100,Jan-2018,Mortgage
11.98,10000,56651,296322,Mar-2018,Mortgage
7.34,20000,12667,123292,Mar-2018,Mortgage
19.42,10000,9415,12300,Mar-2018,Rent
24.85,25000,43147,68796,Mar-2018,Rent
7.96,6500,78083,90735,Mar-2018,Rent
7.96,15000,12810,67075,Mar-2018,Rent
10.9,16000,106690,467832,Mar-2018,Mortgage
7.96,2400,117193,428094,Mar-2018,Mortgage
15.05,10000,73356,353321,Jan-2018,Mortgage
24.85,15400,54022,81178,Feb-2018,Rent
11.99,7000,35875,53122,Mar-2018,Rent
18.45,10000,14021,51689,Mar-2018,Mortgage
7.96,40000,77282,106729,Mar-2018,Own
11.99,24000,60280,304954,Feb-2018,Mortgage
7.96,22000,78328,153973,Mar-2018,Own
5.32,40000,26030,391765,Feb-2018,Mortgage
15.04,10000,34717,42451,Mar-2018,Rent
12.61,16000,136413,141031,Mar-2018,Rent
9.93,20400,28022,224818,Jan-2018,Mortgage
9.43,12000,41516,262238,Mar-2018,Mortgage
18.06,8000,40195,65870,Jan-2018,Rent
13.58,7000,21411,32864,Mar-2018,Rent
11.98,10000,40831,205050,Mar-2018,Mortgage
11.98,10000,40269,411112,Mar-2018,Own
7.35,36000,149957,639913,Jan-2018,Mortgage
7.97,10000,6293,25600,Jan-2018,Rent
7.35,28000,110433,491858,Jan-2018,Mortgage
14.07,6000,80087,135682,Mar-2018,Mortgage
20,12000,92310,121166,Jan-2018,Mortgage
10.9,20000,47604,415325,Mar-2018,Mortgage
10.91,5350,11344,47753,Feb-2018,Mortgage
6.71,24000,82298,1121174,Mar-2018,Mortgage
9.93,23000,31881,116962,Jan-2018,Own
6.08,6000,22907,48044,Jan-2018,Rent
9.92,17000,88246,359033,Mar-2018,Mortgage
18.06,5000,59674,70670,Jan-2018,Rent
16.02,10000,2499,6500,Feb-2018,Own
13.59,12000,27160,115478,Jan-2018,Mortgage
9.93,14000,18525,49633,Jan-2018,Rent
7.35,30000,23163,580642,Jan-2018,Mortgage
11.99,3000,5115,157900,Feb-2018,Own
17.47,6000,18631,30417,Mar-2018,Mortgage
15.05,7000,84777,370401,Feb-2018,Rent
7.97,12000,27153,62852,Jan-2018,Rent
26.3,16000,66485,83671,Feb-2018,Rent
10.42,9600,30252,57680,Feb-2018,Rent
23.88,5100,136005,151219,Jan-2018,Rent
15.05,10000,36496,203447,Jan-2018,Own
7.96,6500,57297,409360,Mar-2018,Mortgage
11.99,6000,80906,331575,Feb-2018,Mortgage
20,20000,17353,240289,Feb-2018,Mortgage
18.06,20000,70365,87648,Feb-2018,Rent
9.43,15000,3006,43335,Mar-2018,Mortgage
13.58,25000,29342,260982,Mar-2018,Mortgage
6.07,6000,4777,278850,Mar-2018,Mortgage
13.59,30000,80968,95948,Feb-2018,Rent
12.61,2000,8579,10755,Mar-2018,Rent
18.06,14400,76174,407625,Jan-2018,Mortgage
15.05,25000,50886,101412,Jan-2018,Rent
16.02,35000,84348,327524,Jan-2018,Mortgage
10.42,40000,106635,624266,Jan-2018,Mortgage
17.09,35000,15143,444850,Jan-2018,Mortgage
9.92,14800,180027,360869,Mar-2018,Mortgage
11.99,15000,117678,149097,Feb-2018,Mortgage
9.92,21000,14839,241905,Mar-2018,Mortgage
9.93,22000,106161,425627,Jan-2018,Mortgage
17.09,16000,403106,775127,Jan-2018,Mortgage
10.42,18200,22270,60693,Feb-2018,Rent
18.06,15000,1642,17400,Feb-2018,Rent
12.61,15500,83208,173552,Mar-2018,Rent
9.92,15000,21277,37140,Feb-2018,Rent
9.93,10000,31909,41996,Feb-2018,Mortgage
7.97,21000,74708,397846,Jan-2018,Mortgage
7.96,8000,10804,31234,Mar-2018,Own
7.35,9600,16447,94540,Jan-2018,Own
13.58,12000,25786,283317,Mar-2018,Mortgage
10.41,10000,45890,696930,Mar-2018,Own
9.93,8000,70753,96672,Jan-2018,Rent
10.42,13000,12523,23678,Feb-2018,Rent
11.99,34650,128493,663830,Jan-2018,Rent
9.92,12000,12692,179548,Feb-2018,Mortgage
9.44,10000,60528,113356,Jan-2018,Own
7.34,16000,66245,502437,Mar-2018,Mortgage
16.02,32000,24409,41876,Feb-2018,Mortgage
12.61,15000,15834,27500,Mar-2018,Rent
17.47,10000,97669,113777,Mar-2018,Own
14.07,15000,32676,44216,Mar-2018,Mortgage
5.31,30000,108154,368967,Mar-2018,Mortgage
19.03,26000,26277,36500,Feb-2018,Rent
18.45,17625,7155,270200,Mar-2018,Mortgage
21.85,20000,3979,4700,Mar-2018,Mortgage
7.34,21000,71901,761065,Mar-2018,Mortgage
19.03,20000,49107,75336,Feb-2018,Rent
7.34,30000,40306,57071,Mar-2018,Rent
15.05,16000,22154,47114,Jan-2018,Rent
9.43,16500,29217,221866,Feb-2018,Mortgage
21.45,10000,5447,13270,Feb-2018,Rent
11.98,31325,63838,321137,Mar-2018,Mortgage
6.71,10000,87911,201083,Mar-2018,Rent
14.08,13000,113952,234632,Feb-2018,Mortgage
7.97,20000,51600,99305,Jan-2018,Own
14.08,35000,65335,366636,Jan-2018,Mortgage
9.92,10000,207326,253098,Mar-2018,Mortgage
6.72,15000,109549,189916,Jan-2018,Rent
14.08,12000,109348,401071,Jan-2018,Mortgage
13.59,10000,19955,36089,Feb-2018,Own
13.59,36000,52642,327683,Jan-2018,Mortgage
10.9,13000,22256,56000,Mar-2018,Own
26.3,2250,6314,7120,Feb-2018,Rent
9.44,32200,8981,360941,Mar-2018,Mortgage
15.05,11000,13544,100116,Feb-2018,Mortgage
7.34,10000,18319,39629,Mar-2018,Rent
20,15000,15200,23950,Jan-2018,Mortgage
7.34,20000,59907,140825,Mar-2018,Mortgage
10.9,24000,52719,115970,Feb-2018,Rent
16.02,16000,19982,44000,Jan-2018,Mortgage
16.02,7000,84024,426168,Jan-2018,Mortgage
10.9,25200,94626,332925,Mar-2018,Mortgage
13.59,30000,149256,177642,Mar-2018,Mortgage
26.3,4050,16146,182250,Jan-2018,Mortgage
15.05,6000,12537,32525,Jan-2018,Mortgage
10.91,15000,12893,18712,Jan-2018,Rent
7.34,40000,77613,415667,Mar-2018,Mortgage
14.08,23000,39839,99020,Jan-2018,Rent
16.01,35000,116552,170707,Mar-2018,Rent
11.99,10000,96587,425018,Jan-2018,Mortgage
14.08,36000,39297,220709,Jan-2018,Mortgage
6.07,6000,49966,254025,Mar-2018,Own
6.08,2000,16837,293487,Jan-2018,Mortgage
25.82,36000,137987,179747,Jan-2018,Rent
10.41,7500,6214,336666,Mar-2018,Mortgage
20,24775,72561,277874,Feb-2018,Mortgage
7.35,16000,27809,74805,Feb-2018,Rent
20.39,30000,9420,12200,Mar-2018,Rent
7.96,3600,39756,125121,Mar-2018,Mortgage
6.08,3600,68709,185327,Jan-2018,Mortgage
13.58,40000,49303,93700,Mar-2018,Mortgage
7.34,15000,202563,472187,Mar-2018,Mortgage
6.72,40000,143564,1086358,Jan-2018,Mortgage
14.08,24000,36741,230475,Jan-2018,Mortgage
14.08,15000,13661,26000,Jan-2018,Mortgage
9.44,10000,30915,48546,Jan-2018,Mortgage
22.91,20000,36225,71155,Jan-2018,Rent
20,19200,33608,47449,Jan-2018,Rent
24.84,32675,91933,331298,Mar-2018,Mortgage
9.93,2500,19712,302506,Jan-2018,Mortgage
10.42,6000,28810,40040,Jan-2018,Rent
9.44,8000,27470,55552,Jan-2018,Rent
15.05,6000,59584,76421,Jan-2018,Mortgage
11.98,5000,34135,44424,Mar-2018,Rent
9.44,6000,173731,360585,Jan-2018,Mortgage
18.45,7000,14338,39600,Mar-2018,Rent
26.3,13000,54216,201227,Jan-2018,Mortgage
6.08,5000,5848,32300,Jan-2018,Mortgage
7.96,8900,55594,70682,Mar-2018,Rent
26.77,27300,195516,717303,Mar-2018,Mortgage
6.08,9000,21319,64775,Feb-2018,Rent
6.08,6400,35718,140837,Jan-2018,Rent
7.34,10000,36538,223379,Mar-2018,Own
13.59,5000,37919,39662,Feb-2018,Rent
7.35,25000,33308,218850,Feb-2018,Mortgage
12.62,13000,22891,53110,Feb-2018,Rent
17.09,10000,23133,136133,Jan-2018,Own
20,15200,44882,62752,Jan-2018,Rent
14.07,20000,60360,104614,Mar-2018,Rent
9.43,20000,47827,77193,Mar-2018,Rent
12.61,2400,66414,247686,Mar-2018,Mortgage
6.08,3000,174284,406410,Jan-2018,Own
17.09,5000,40633,71647,Feb-2018,Own
10.9,12000,24006,107489,Mar-2018,Mortgage
6.72,10500,27985,205966,Jan-2018,Mortgage
16.02,12000,24448,167393,Feb-2018,Mortgage
14.08,24000,189942,223342,Feb-2018,Rent
7.34,5600,33020,60073,Mar-2018,Own
14.08,10000,25993,32376,Jan-2018,Rent
10.42,30000,18909,50385,Feb-2018,Rent
7.35,15000,1710,203100,Feb-2018,Mortgage
9.44,8000,6702,151264,Jan-2018,Mortgage
20,15000,59622,262049,Feb-2018,Mortgage
15.04,19425,90481,110644,Mar-2018,Rent
21.45,8000,86205,113121,Feb-2018,Rent
10.91,5825,25131,39814,Feb-2018,Rent
10.41,15000,26443,43302,Mar-2018,Mortgage
12.62,30000,162591,684549,Jan-2018,Mortgage
9.44,10000,14606,28200,Feb-2018,Rent
9.92,2000,2258,8100,Mar-2018,Own
9.44,25000,39949,69462,Feb-2018,Rent
13.59,14400,12388,26100,Jan-2018,Rent
15.05,12000,29489,52853,Jan-2018,Rent
19.42,2000,22277,38832,Feb-2018,Own
10.9,32000,98658,168416,Mar-2018,Mortgage
6.08,8650,26255,95900,Jan-2018,Rent
17.09,22000,26375,45200,Jan-2018,Rent
9.44,36000,90822,362800,Feb-2018,Mortgage
16.01,32000,37009,148448,Mar-2018,Mortgage
6.07,9000,11122,281991,Mar-2018,Mortgage
13.59,20000,8322,25100,Feb-2018,Rent
25.82,10000,40850,60648,Jan-2018,Mortgage
9.43,10000,6167,43579,Mar-2018,Rent
25.81,20000,47102,95001,Mar-2018,Rent
6.08,4700,9099,20302,Feb-2018,Mortgage
9.44,35175,5421,325900,Jan-2018,Mortgage
7.35,30000,160925,414662,Jan-2018,Mortgage
14.07,10000,4561,154100,Mar-2018,Mortgage
17.47,24000,63852,82563,Mar-2018,Rent
20,2500,36517,37384,Jan-2018,Own
9.92,12000,25114,52982,Mar-2018,Rent
5.31,9775,65650,554759,Mar-2018,Mortgage
15.04,8000,115437,359437,Mar-2018,Mortgage
19.03,11000,23076,44439,Jan-2018,Rent
17.09,20000,102351,134368,Feb-2018,Mortgage
12.62,20000,44209,61150,Jan-2018,Rent
16.02,27000,86734,105770,Feb-2018,Rent
10.41,2000,20672,34855,Mar-2018,Mortgage
9.44,3000,18847,31840,Jan-2018,Rent
13.59,20000,34201,53018,Feb-2018,Rent
10.41,5500,28263,57816,Mar-2018,Rent
5.31,22000,33025,391554,Mar-2018,Mortgage
7.97,8400,21747,223793,Jan-2018,Mortgage
6.72,5500,50267,257770,Jan-2018,Mortgage
14.08,20000,30147,43619,Jan-2018,Rent
13.59,15000,54128,93071,Jan-2018,Rent
10.91,32000,116934,140700,Jan-2018,Rent
10.9,8400,176525,472292,Mar-2018,Mortgage
14.08,10000,20161,27804,Feb-2018,Rent
12.62,24500,83358,404541,Feb-2018,Mortgage
20,6000,16448,29949,Feb-2018,Rent
6.08,18000,36227,93237,Jan-2018,Rent
6.08,2050,5698,164906,Jan-2018,Mortgage
9.93,32000,21494,26200,Feb-2018,Rent
9.44,3600,19677,190221,Jan-2018,Mortgage
7.96,20000,130818,456307,Mar-2018,Mortgage
9.93,5000,43865,73599,Jan-2018,Own
11.99,5000,7060,30300,Jan-2018,Rent
12.61,15000,113313,386944,Mar-2018,Mortgage
5.32,15000,24423,63800,Feb-2018,Rent
25.81,20000,67044,202231,Mar-2018,Mortgage
10.9,20000,70796,405181,Mar-2018,Mortgage
25.81,30000,55418,59957,Mar-2018,Mortgage
5.32,15000,2274,153590,Feb-2018,Mortgage
11.98,15000,72944,224749,Mar-2018,Mortgage
21.85,16000,70249,86705,Mar-2018,Rent
5.31,5000,17742,105289,Mar-2018,Rent
9.92,20000,55853,328011,Mar-2018,Mortgage
10.9,31075,148546,790483,Feb-2018,Mortgage
20.39,4200,359,4500,Mar-2018,Rent
10.9,20000,51660,75717,Mar-2018,Rent
14.08,25000,89575,429984,Feb-2018,Mortgage
21.85,18000,12719,21955,Mar-2018,Own
13.58,12000,26849,36469,Mar-2018,Rent
11.99,35000,97532,137762,Jan-2018,Rent
10.91,20000,50499,82595,Jan-2018,Own
6.72,30000,46361,306663,Jan-2018,Own
19.03,12500,14285,25200,Jan-2018,Rent
18.45,28000,44081,63791,Mar-2018,Own
10.9,15000,62262,95028,Mar-2018,Rent
9.43,40000,9992,1098355,Mar-2018,Mortgage
7.97,4500,39694,189882,Feb-2018,Mortgage
7.35,5000,39837,386797,Jan-2018,Mortgage
7.34,30000,12197,378250,Feb-2018,Mortgage
10.41,10000,22018,37076,Mar-2018,Own
10.41,10000,9905,35100,Mar-2018,Rent
10.41,10000,37409,186396,Feb-2018,Mortgage
10.41,5000,2718,13100,Feb-2018,Mortgage
7.96,24000,128051,473054,Feb-2018,Mortgage
24.85,28000,27354,63906,Jan-2018,Rent
10.9,35000,92291,609840,Feb-2018,Mortgage
9.43,7600,7692,31500,Mar-2018,Mortgage
19.42,16000,68000,296356,Feb-2018,Mortgage
11.99,2400,14552,62536,Jan-2018,Own
9.43,36000,22784,102209,Feb-2018,Own
7.35,36000,96159,190012,Feb-2018,Rent
12.62,30000,3410,16700,Feb-2018,Own
7.34,10000,19028,241696,Mar-2018,Own
17.09,12500,83912,107053,Jan-2018,Own
15.04,22000,37086,689564,Mar-2018,Mortgage
21.45,32000,101072,135979,Jan-2018,Rent
7.97,10000,129,5500,Jan-2018,Own
14.08,3600,34302,100075,Jan-2018,Mortgage
17.47,27625,50870,86742,Mar-2018,Mortgage
9.43,16000,21513,26400,Mar-2018,Rent
9.43,16000,102765,309164,Mar-2018,Own
7.97,10000,17649,30500,Jan-2018,Mortgage
9.44,10000,17856,164140,Jan-2018,Mortgage
13.58,10000,202876,194751,Mar-2018,Rent
12.62,2500,719,79700,Mar-2018,Mortgage
12.62,24000,127331,331843,Jan-2018,Mortgage
22.91,6650,16957,35100,Feb-2018,Rent
14.07,20000,56938,295100,Mar-2018,Mortgage
7.96,10000,26898,122598,Feb-2018,Mortgage
14.07,14000,37382,75762,Mar-2018,Own
6.72,16000,69209,158587,Jan-2018,Own
10.9,8000,71078,509898,Feb-2018,Mortgage
11.99,4000,64769,93333,Feb-2018,Rent
10.9,20000,30399,168798,Feb-2018,Mortgage
9.44,8000,31093,57911,Feb-2018,Own
5.31,15000,18176,87777,Mar-2018,Rent
11.99,5000,51129,188064,Jan-2018,Mortgage
6.08,3200,7134,74029,Feb-2018,Rent
5.32,30000,66449,439969,Jan-2018,Mortgage
16.02,24000,20558,47400,Jan-2018,Mortgage
15.05,5000,23684,38997,Feb-2018,Rent
20.39,10000,89347,120477,Mar-2018,Own
6.72,5000,22845,293638,Jan-2018,Mortgage
15.05,13000,25689,48107,Feb-2018,Rent
9.93,20000,36950,99894,Jan-2018,Rent
10.9,15000,25778,186349,Mar-2018,Mortgage
9.93,5500,9635,26200,Feb-2018,Own
6.72,7200,26298,337370,Jan-2018,Mortgage
18.45,10000,38862,42470,Mar-2018,Rent
26.77,15000,21211,181092,Mar-2018,Rent
18.06,6000,24400,171200,Jan-2018,Mortgage
6.07,21600,17389,94843,Feb-2018,Mortgage
14.08,10000,13761,263542,Mar-2018,Own
7.34,4500,37009,275683,Mar-2018,Mortgage
12.61,10000,16773,35181,Mar-2018,Rent
9.92,8400,34655,41889,Feb-2018,Rent
17.09,30000,91275,194499,Feb-2018,Rent
6.71,5000,21629,42867,Mar-2018,Rent
7.35,16000,29503,366277,Jan-2018,Mortgage
9.93,36000,129226,578331,Feb-2018,Mortgage
7.34,12000,11024,37932,Mar-2018,Rent
16.01,35000,113363,455171,Mar-2018,Mortgage
7.35,15000,71644,432703,Jan-2018,Mortgage
9.92,13700,60528,74817,Mar-2018,Rent
6.71,9600,20712,286139,Mar-2018,Mortgage
10.91,24000,102325,245373,Jan-2018,Mortgage
11.98,10000,7512,166600,Mar-2018,Own
19.03,25000,20739,26621,Feb-2018,Rent
16.02,10000,29333,41223,Feb-2018,Own
9.92,5500,3823,153108,Mar-2018,Mortgage
7.34,7500,21944,425502,Mar-2018,Mortgage
10.42,40000,183699,489059,Jan-2018,Mortgage
19.42,22000,18484,101100,Mar-2018,Mortgage
6.08,7000,42778,50429,Feb-2018,Rent
9.92,16000,25389,156183,Mar-2018,Mortgage
10.91,26000,33589,265200,Feb-2018,Mortgage
14.08,32000,37549,68230,Feb-2018,Rent
6.71,7500,40603,86792,Feb-2018,Mortgage
7.35,4800,36799,235060,Feb-2018,Mortgage
18.06,10000,2672,4300,Jan-2018,Rent
13.58,4000,78421,120649,Feb-2018,Mortgage
7.97,8000,44844,166049,Feb-2018,Mortgage
13.58,6000,32704,265323,Mar-2018,Mortgage
11.99,20000,25128,95584,Feb-2018,Rent
7.97,8000,13497,39878,Jan-2018,Own
6.07,25000,98700,457243,Mar-2018,Mortgage
9.92,30000,11308,504652,Mar-2018,Mortgage
5.31,5000,46035,249129,Mar-2018,Own
15.05,15000,43311,86414,Jan-2018,Rent
7.34,40000,17408,560826,Mar-2018,Mortgage
9.93,30000,108215,443004,Feb-2018,Mortgage
25.82,20000,31052,49142,Feb-2018,Mortgage
7.34,15000,18496,47217,Mar-2018,Mortgage
5.31,20000,24293,42762,Mar-2018,Rent
15.04,12000,30841,53863,Mar-2018,Rent
9.43,19000,99309,514650,Mar-2018,Mortgage
5.31,8000,41080,253959,Feb-2018,Mortgage
10.41,6500,33962,43896,Mar-2018,Own
18.06,30000,59702,189001,Jan-2018,Mortgage
14.08,5000,38494,40229,Feb-2018,Own
10.41,12000,11072,13800,Mar-2018,Rent
15.04,1200,20528,58696,Mar-2018,Rent
7.97,36475,137528,384119,Jan-2018,Mortgage
25.81,20000,57676,68232,Mar-2018,Rent
13.59,40000,171480,495301,Feb-2018,Mortgage
21.85,18000,62889,177705,Mar-2018,Mortgage
6.72,4000,26285,190958,Jan-2018,Mortgage
20.39,24000,109696,332818,Feb-2018,Mortgage
12.61,35000,60378,694377,Mar-2018,Mortgage
9.92,10000,3277,24000,Mar-2018,Own
7.34,25000,40778,116950,Feb-2018,Rent
7.34,12500,47862,217769,Mar-2018,Mortgage
9.44,2800,42897,66464,Feb-2018,Rent
16.02,20000,49436,111669,Jan-2018,Mortgage
9.92,22400,36063,364810,Feb-2018,Mortgage
9.92,40000,78198,426582,Feb-2018,Own
13.59,12600,13677,21326,Jan-2018,Own
17.09,10000,23056,43898,Feb-2018,Rent
14.08,20000,39979,436634,Jan-2018,Mortgage
18.06,20000,5492,298810,Feb-2018,Mortgage
17.09,20000,38609,53608,Feb-2018,Rent
21.45,35500,40398,80069,Feb-2018,Rent
18.06,12000,72702,244307,Feb-2018,Mortgage
14.08,35000,37136,211924,Jan-2018,Mortgage
5.31,18000,15262,28875,Feb-2018,Rent
17.09,10000,23275,39189,Jan-2018,Rent
10.42,6025,15387,200291,Jan-2018,Mortgage
5.31,15000,40700,97685,Mar-2018,Rent
15.05,14000,41955,180023,Feb-2018,Mortgage
10.91,6000,45988,53142,Jan-2018,Rent
9.44,40000,93021,218860,Feb-2018,Mortgage
9.44,10000,23549,39264,Feb-2018,Mortgage
5.32,40000,44549,403611,Jan-2018,Own
7.35,28000,28333,429300,Feb-2018,Own
6.08,10450,41189,65678,Feb-2018,Rent
17.09,5000,7461,15262,Jan-2018,Rent
7.96,12000,15909,214350,Mar-2018,Mortgage
7.97,10000,19059,33025,Jan-2018,Rent
9.43,12000,26976,197562,Mar-2018,Mortgage
26.77,30000,16259,182700,Mar-2018,Mortgage
5.31,20000,18231,34700,Feb-2018,Rent
9.43,12000,2442,110100,Mar-2018,Own
6.07,40000,111627,502300,Feb-2018,Mortgage
12.62,40000,46061,93415,Jan-2018,Rent
13.59,6400,11325,15000,Feb-2018,Rent
7.96,8000,70381,156207,Mar-2018,Rent
14.08,2000,26391,126195,Jan-2018,Mortgage
13.58,30000,161232,602557,Feb-2018,Mortgage
21.45,10900,71653,79691,Feb-2018,Rent
13.58,4000,3457,4400,Feb-2018,Own
19.03,6500,53245,82073,Jan-2018,Rent
7.96,10500,19872,42000,Feb-2018,Rent
7.96,12000,176751,642392,Feb-2018,Mortgage
6.72,2000,3975,10100,Feb-2018,Rent
18.45,10000,54541,115747,Feb-2018,Own
11.98,28500,17993,230900,Mar-2018,Mortgage
17.09,24000,46964,59620,Jan-2018,Rent
9.44,5000,23540,283323,Jan-2018,Mortgage
7.34,28000,4848,258800,Mar-2018,Mortgage
11.98,19725,110676,372372,Mar-2018,Mortgage
19.03,7000,42248,67798,Jan-2018,Rent
9.92,12000,78280,117818,Mar-2018,Rent
20,12000,24803,29882,Jan-2018,Own
7.34,20000,74279,248041,Mar-2018,Rent
7.97,11200,35964,58922,Mar-2018,Rent
9.44,1700,34879,138073,Jan-2018,Mortgage
5.32,40000,33074,209905,Jan-2018,Mortgage
15.05,10000,191734,191203,Feb-2018,Rent
19.03,20000,38064,316625,Jan-2018,Own
12.62,9600,20836,301765,Feb-2018,Mortgage
5.32,28000,73800,744173,Feb-2018,Mortgage
6.72,15000,87776,464411,Feb-2018,Mortgage
5.32,20000,20719,40900,Jan-2018,Mortgage
11.99,15000,10762,42200,Feb-2018,Own
12.61,40000,97134,820300,Mar-2018,Mortgage
6.07,10000,89585,314612,Mar-2018,Mortgage
11.99,20000,27359,277300,Feb-2018,Mortgage
16.02,25000,46815,82878,Feb-2018,Rent
15.05,8400,19819,25595,Feb-2018,Rent
13.59,10000,28600,271233,Feb-2018,Mortgage
11.98,7000,45314,292651,Mar-2018,Mortgage
15.05,28000,17790,196494,Feb-2018,Mortgage
18.45,5200,44829,53385,Mar-2018,Own
15.04,20000,70141,122531,Mar-2018,Mortgage
15.04,30000,17674,463741,Mar-2018,Mortgage
7.35,16000,657944,655360,Feb-2018,Mortgage
9.44,18000,30424,48753,Jan-2018,Rent
16.02,21000,36370,227824,Feb-2018,Mortgage
14.07,5000,24486,28000,Mar-2018,Own
28.72,30000,40402,345352,Jan-2018,Own
19.03,30000,29912,402086,Feb-2018,Mortgage
9.92,18000,20416,143200,Mar-2018,Mortgage
22.91,1000,24795,30895,Jan-2018,Rent
7.35,25000,123578,283651,Jan-2018,Mortgage
18.45,3000,19878,258894,Mar-2018,Mortgage
15.05,20000,28508,42682,Jan-2018,Rent
23.88,30000,194936,502679,Feb-2018,Mortgage
10.9,2500,10887,21701,Mar-2018,Own
6.08,10000,30126,369983,Feb-2018,Mortgage
10.9,12000,241910,289835,Mar-2018,Mortgage
21.85,35000,52884,94969,Mar-2018,Rent
6.72,8000,54215,205734,Jan-2018,Mortgage
13.58,30000,61093,219527,Mar-2018,Mortgage
13.58,25000,32115,43736,Mar-2018,Rent
15.04,8000,74539,77296,Mar-2018,Rent
9.44,20000,79589,224673,Feb-2018,Rent
17.47,9000,11058,31231,Mar-2018,Rent
15.05,20000,7820,22100,Feb-2018,Mortgage
25.81,30000,42569,232535,Mar-2018,Mortgage
20.39,28000,8847,17749,Feb-2018,Rent
13.58,16000,80904,137071,Feb-2018,Rent
9.93,16000,54789,61965,Feb-2018,Rent
15.05,6000,18353,88674,Jan-2018,Mortgage
18.45,12500,12885,25033,Mar-2018,Rent
15.04,15000,37567,138298,Feb-2018,Mortgage
16.02,40000,71424,508336,Feb-2018,Mortgage
14.07,10000,25038,35800,Mar-2018,Own
14.07,35000,107678,408383,Mar-2018,Mortgage
7.97,9000,271418,307137,Jan-2018,Rent
13.59,25000,11715,511100,Jan-2018,Mortgage
15.05,13500,68028,79423,Jan-2018,Rent
16.02,12000,126920,318557,Jan-2018,Mortgage
12.62,20000,20620,35200,Feb-2018,Own
9.43,30000,24645,129213,Mar-2018,Rent
12.62,25000,27911,47400,Jan-2018,Rent
11.98,25000,41052,86950,Feb-2018,Rent
13.59,40000,110426,198460,Feb-2018,Rent
6.08,40000,10573,254094,Feb-2018,Own
10.41,20000,30244,136906,Feb-2018,Mortgage
13.59,7500,12484,20400,Jan-2018,Rent
28.72,17000,20441,46100,Mar-2018,Rent
7.35,35000,63469,107054,Jan-2018,Rent
10.9,12000,59146,232987,Mar-2018,Mortgage
7.34,16500,29889,271725,Mar-2018,Mortgage
10.42,10000,57148,82916,Jan-2018,Rent
12.62,10000,27142,374500,Feb-2018,Mortgage
9.93,2500,106836,120960,Jan-2018,Rent
13.58,20000,39092,320622,Mar-2018,Mortgage
17.47,35000,32166,64450,Mar-2018,Rent
12.61,15000,27352,99200,Mar-2018,Rent
9.43,30000,122306,389049,Mar-2018,Own
12.62,21000,32037,174390,Feb-2018,Mortgage
9.93,14000,19864,149420,Jan-2018,Own
15.05,15000,11801,173400,Feb-2018,Mortgage
25.81,11200,119232,122879,Mar-2018,Rent
7.34,25000,22407,227567,Mar-2018,Mortgage
10.42,12000,53079,93189,Jan-2018,Mortgage
5.31,10000,66706,375293,Mar-2018,Mortgage
12.62,21000,29227,333476,Jan-2018,Mortgage
20,16000,47524,256647,Jan-2018,Mortgage
10.91,40000,105376,259240,Jan-2018,Mortgage
12.62,16800,35109,262066,Jan-2018,Mortgage
5.31,7000,32972,183487,Mar-2018,Mortgage
11.98,20000,131956,390394,Mar-2018,Mortgage
7.96,14400,30693,46299,Mar-2018,Rent
14.07,30000,52130,278769,Feb-2018,Mortgage
14.08,8000,12710,19578,Feb-2018,Rent
9.44,5000,69329,349919,Feb-2018,Mortgage
13.59,10000,14409,273531,Feb-2018,Mortgage
22.91,5000,35777,217283,Feb-2018,Own
6.08,4000,65951,331880,Jan-2018,Mortgage
6.72,15000,19654,51091,Jan-2018,Rent
16.01,37000,72739,387155,Feb-2018,Mortgage
18.06,10000,5422,11923,Jan-2018,Rent
14.07,19000,45969,209569,Mar-2018,Mortgage
10.42,35000,35548,85500,Jan-2018,Own
5.32,40000,201598,1197805,Jan-2018,Mortgage
10.41,10000,31800,57100,Mar-2018,Mortgage
11.98,20000,34380,316375,Mar-2018,Mortgage
16.02,37000,32109,56814,Jan-2018,Rent
5.32,18000,23630,446752,Feb-2018,Mortgage
5.31,40000,186301,1009652,Mar-2018,Mortgage
16.01,16000,8180,19222,Mar-2018,Own
11.99,10000,34523,43712,Jan-2018,Rent
9.92,25000,20135,167517,Mar-2018,Mortgage
11.98,14000,13918,38700,Mar-2018,Rent
11.99,24000,76955,111979,Mar-2018,Rent
7.97,40000,72017,266436,Jan-2018,Mortgage
7.34,12000,155657,149269,Mar-2018,Rent
6.71,6000,32075,71170,Mar-2018,Own
9.92,20000,45451,166184,Feb-2018,Rent
9.92,11000,41789,293413,Mar-2018,Mortgage
9.44,11500,44986,51226,Feb-2018,Rent
7.97,7500,14700,210823,Feb-2018,Mortgage
10.91,6000,6881,16200,Feb-2018,Rent
10.91,10000,20907,42365,Jan-2018,Rent
9.44,7500,18328,42648,Jan-2018,Mortgage
23.87,25000,95983,284093,Mar-2018,Mortgage
18.45,6600,77786,90803,Mar-2018,Rent
10.41,15500,15116,35100,Mar-2018,Own
19.42,25000,53429,261543,Mar-2018,Mortgage
13.58,2000,86182,160312,Mar-2018,Mortgage
9.92,4000,21249,40951,Mar-2018,Rent
16.02,5000,15226,19686,Feb-2018,Rent
23.88,10000,112031,585432,Feb-2018,Own
10.91,6000,27970,50300,Feb-2018,Own
13.59,15000,19208,36400,Jan-2018,Rent
10.9,18000,29913,200265,Mar-2018,Mortgage
14.08,24000,71363,222060,Jan-2018,Mortgage
19.03,25350,80197,501637,Feb-2018,Mortgage
14.07,15600,90,7400,Mar-2018,Own
10.91,15000,32347,55800,Feb-2018,Rent
10.91,10000,5060,12676,Jan-2018,Own
18.06,13500,103019,119325,Jan-2018,Rent
9.93,6000,22268,38891,Jan-2018,Rent
24.85,12800,0,11300,Jan-2018,Rent
10.42,30000,39730,323047,Feb-2018,Mortgage
11.98,20000,48416,387599,Feb-2018,Mortgage
5.32,4000,29312,52128,Feb-2018,Rent
21.45,24000,24681,116740,Feb-2018,Mortgage
14.08,25000,519,20500,Feb-2018,Rent
6.72,20000,32404,49200,Feb-2018,Rent
15.05,18000,44958,63186,Jan-2018,Own
9.43,7000,46682,491405,Mar-2018,Mortgage
19.42,24000,86728,462246,Mar-2018,Mortgage
10.91,16000,74780,137025,Mar-2018,Mortgage
14.08,25000,14848,437918,Jan-2018,Mortgage
9.92,7000,30312,110600,Mar-2018,Mortgage
9.92,4200,40598,70695,Mar-2018,Mortgage
11.99,4800,3925,7900,Feb-2018,Rent
9.44,16000,13577,43707,Feb-2018,Rent
9.43,15000,29161,481352,Mar-2018,Mortgage
7.35,1500,33632,134307,Jan-2018,Mortgage
15.05,20000,12143,16060,Jan-2018,Own
11.99,11700,79141,155770,Feb-2018,Mortgage
9.44,35000,74368,135926,Feb-2018,Rent
9.92,15000,25081,49544,Mar-2018,Own
12.62,13150,52055,441384,Feb-2018,Mortgage
14.08,20000,30109,68700,Jan-2018,Rent
10.41,17400,18224,173800,Feb-2018,Mortgage
24.84,14000,11501,29300,Mar-2018,Rent
13.59,25000,81150,149484,Jan-2018,Rent
17.09,8425,16501,555163,Feb-2018,Mortgage
6.07,4000,2256,18950,Mar-2018,Rent
9.43,28000,130923,1452580,Mar-2018,Mortgage
6.08,15850,30455,126400,Jan-2018,Rent
7.97,4200,7826,19750,Feb-2018,Rent
16.01,16000,48379,45944,Mar-2018,Own
9.92,40000,26925,44086,Feb-2018,Rent
15.04,24000,48475,207875,Mar-2018,Mortgage
7.96,12500,16971,305765,Mar-2018,Mortgage
15.05,15000,63026,111078,Feb-2018,Mortgage
9.43,5000,63785,117313,Mar-2018,Rent
20,30000,21917,323897,Jan-2018,Mortgage
17.09,2000,0,8200,Jan-2018,Rent
14.07,17000,153766,431822,Mar-2018,Mortgage
10.42,22500,33291,200375,Jan-2018,Mortgage
12.62,24000,67821,387344,Feb-2018,Mortgage
15.04,16000,15992,18200,Mar-2018,Rent
10.42,24000,437799,489200,Feb-2018,Mortgage
18.45,25600,59557,106140,Mar-2018,Rent
22.91,7100,115842,131094,Jan-2018,Rent
6.08,12000,81406,357933,Feb-2018,Mortgage
16.01,35000,67288,218335,Mar-2018,Mortgage
7.35,20000,86214,505590,Jan-2018,Mortgage
11.98,6000,24250,200165,Mar-2018,Mortgage
7.34,5000,23466,253699,Mar-2018,Mortgage
16.02,5600,106772,479546,Feb-2018,Mortgage
17.47,20000,44880,54600,Mar-2018,Rent
20,25000,20071,68879,Feb-2018,Rent
10.41,20000,45219,237739,Mar-2018,Mortgage
12.62,35000,80180,73861,Feb-2018,Rent
9.44,14000,86343,413445,Jan-2018,Mortgage
10.9,2500,27810,41044,Mar-2018,Rent
7.35,10000,14699,248430,Jan-2018,Mortgage
5.32,15000,86493,210840,Feb-2018,Rent
17.09,32000,29291,50970,Jan-2018,Rent
5.31,6000,15102,115000,Mar-2018,Mortgage
10.9,17000,41593,189125,Mar-2018,Own
9.92,5000,22007,352668,Mar-2018,Mortgage
6.71,10000,36239,48000,Mar-2018,Mortgage
9.43,4500,68756,109458,Feb-2018,Rent
25.82,11000,39822,333625,Feb-2018,Mortgage
16.02,40000,68205,594772,Jan-2018,Mortgage
6.72,10000,15921,43800,Jan-2018,Rent
10.9,19000,24620,258525,Mar-2018,Mortgage
7.97,7500,13611,72256,Feb-2018,Rent
13.59,4800,1943,3400,Feb-2018,Mortgage
11.98,18000,75361,286595,Mar-2018,Mortgage
12.61,8000,123717,205507,Mar-2018,Mortgage
7.97,15000,54464,96800,Jan-2018,Mortgage
12.62,32000,123792,139313,Feb-2018,Mortgage
10.91,40000,39391,64800,Feb-2018,Rent
12.62,10000,112343,150555,Jan-2018,Mortgage
14.08,7200,29315,162131,Jan-2018,Mortgage
6.08,30000,3639,118400,Jan-2018,Rent
12.61,9500,50622,296730,Mar-2018,Mortgage
20,20000,20973,41000,Feb-2018,Mortgage
12.62,23200,58272,69502,Feb-2018,Rent
7.34,19000,38902,179084,Mar-2018,Mortgage
7.35,35000,100801,831815,Feb-2018,Mortgage
12.62,6000,12082,21148,Jan-2018,Own
22.9,35000,192017,440499,Mar-2018,Mortgage
16.02,12000,67500,174336,Jan-2018,Mortgage
15.05,10800,59933,82546,Jan-2018,Rent
21.45,10000,30658,99247,Feb-2018,Mortgage
6.72,14000,21631,62039,Jan-2018,Rent
9.93,30000,29562,214726,Jan-2018,Mortgage
13.58,13000,18953,25999,Mar-2018,Rent
11.98,8000,218227,225332,Mar-2018,Rent
5.32,40000,67566,254832,Feb-2018,Mortgage
10.9,40000,74808,600946,Mar-2018,Mortgage
12.61,20000,34290,66097,Mar-2018,Mortgage
18.06,35000,219582,283788,Jan-2018,Rent
10.42,25000,25375,221709,Feb-2018,Mortgage
10.91,40000,120284,250416,Jan-2018,Mortgage
24.85,10000,23631,41237,Feb-2018,Mortgage
11.98,5000,7099,12000,Mar-2018,Rent
11.99,30000,81293,249382,Jan-2018,Mortgage
7.97,8500,58110,71705,Feb-2018,Mortgage
19.42,10000,52211,198533,Mar-2018,Mortgage
12.61,40000,96287,636605,Mar-2018,Mortgage
19.03,9000,16311,19300,Jan-2018,Own
6.72,10000,1425,38500,Jan-2018,Own
20,20000,63130,108800,Jan-2018,Rent
12.61,36000,49135,325100,Mar-2018,Own
15.05,5000,8018,10200,Feb-2018,Rent
9.44,15000,10852,42200,Jan-2018,Mortgage
10.42,10000,96488,115076,Feb-2018,Rent
11.98,20000,19411,38255,Mar-2018,Rent
10.42,6500,150337,287380,Jan-2018,Mortgage
9.92,16000,22234,116149,Mar-2018,Mortgage
9.92,12000,49212,232294,Mar-2018,Mortgage
24.85,15200,50731,71685,Feb-2018,Rent
12.62,8000,21697,61200,Jan-2018,Rent
14.07,22000,9039,27300,Mar-2018,Mortgage
18.45,8000,19669,290394,Mar-2018,Mortgage
16.01,20000,108250,274395,Mar-2018,Mortgage
6.07,7000,38765,243309,Mar-2018,Mortgage
6.71,10000,15446,30592,Mar-2018,Rent
13.59,12000,28425,185832,Feb-2018,Mortgage
7.34,4400,55522,224065,Mar-2018,Mortgage
6.72,7000,5450,18600,Feb-2018,Rent
5.31,25000,12113,198992,Mar-2018,Mortgage
9.44,40000,57229,249867,Feb-2018,Own
10.91,24000,100587,424929,Jan-2018,Mortgage
10.41,35000,51254,309058,Mar-2018,Mortgage
11.99,20000,1012,26600,Jan-2018,Own
9.93,5500,62875,175673,Mar-2018,Mortgage
14.08,8600,16182,19356,Feb-2018,Rent
9.93,18000,15967,32347,Feb-2018,Rent
16.02,18000,24429,146670,Feb-2018,Mortgage
20.39,28225,59375,204704,Mar-2018,Mortgage
30.65,24100,137013,327635,Jan-2018,Mortgage
11.99,4200,40675,66901,Jan-2018,Rent
7.35,12950,112880,1529377,Jan-2018,Mortgage
26.3,19200,152017,178853,Feb-2018,Rent
21.45,16800,97635,279194,Jan-2018,Mortgage
13.59,30000,33905,339837,Feb-2018,Mortgage
18.45,10000,60109,66475,Mar-2018,Rent
11.99,22000,30853,39972,Feb-2018,Mortgage
12.61,26500,65846,357375,Mar-2018,Mortgage
10.41,6500,53665,120964,Mar-2018,Mortgage
25.82,6000,155291,156524,Feb-2018,Rent
15.05,21000,75341,105179,Jan-2018,Rent
9.43,7300,178234,157671,Mar-2018,Rent
12.62,20000,39017,311757,Feb-2018,Mortgage
21.45,6000,27304,85452,Jan-2018,Mortgage
11.99,40000,27348,58792,Jan-2018,Rent
16.02,30000,85173,299797,Jan-2018,Mortgage
20.39,20000,18693,29348,Mar-2018,Own
19.42,18000,44826,249700,Mar-2018,Mortgage
9.44,12000,34708,197960,Jan-2018,Mortgage
15.05,15000,21551,27912,Feb-2018,Rent
10.9,40000,38103,69952,Mar-2018,Rent
7.35,6000,8733,42900,Jan-2018,Own
24.84,25200,76243,96615,Mar-2018,Rent
7.35,3600,23011,269765,Jan-2018,Mortgage
14.07,15000,73310,279193,Mar-2018,Mortgage
11.99,5000,18681,38049,Feb-2018,Rent
11.99,20000,14990,155622,Jan-2018,Mortgage
7.97,10000,70504,143600,Feb-2018,Mortgage
28.72,28900,24988,55249,Mar-2018,Own
5.32,40000,90716,455099,Mar-2018,Mortgage
9.43,12000,24483,294268,Mar-2018,Mortgage
10.41,1000,60568,92084,Mar-2018,Rent
12.61,14000,41767,302710,Mar-2018,Mortgage
7.34,10000,12385,132510,Feb-2018,Mortgage
9.93,25600,101476,189782,Feb-2018,Mortgage
26.77,24875,28775,36700,Mar-2018,Mortgage
10.9,22000,112701,182562,Mar-2018,Rent
24.85,10000,35192,53691,Feb-2018,Mortgage
20,7500,14391,27250,Feb-2018,Mortgage
18.06,30000,36233,80016,Feb-2018,Rent
12.61,4800,31288,52601,Feb-2018,Rent
18.45,32000,71142,98296,Mar-2018,Mortgage
14.08,25000,139010,367272,Feb-2018,Mortgage
13.59,10000,49537,62076,Feb-2018,Rent
10.42,35000,403275,1416690,Feb-2018,Mortgage
10.42,25000,26511,236400,Feb-2018,Mortgage
9.92,40000,71232,113734,Mar-2018,Rent
11.98,20000,16016,141450,Mar-2018,Mortgage
6.71,7900,8113,161709,Mar-2018,Rent
9.43,40000,39650,166240,Feb-2018,Rent
25.82,22000,47588,681518,Feb-2018,Mortgage
13.59,6500,12912,21200,Jan-2018,Rent
15.05,8000,89614,177746,Feb-2018,Mortgage
13.59,9600,67021,107091,Jan-2018,Own
5.32,10000,19218,45433,Jan-2018,Rent
24.84,8000,29842,56729,Mar-2018,Rent
12.62,18500,32036,330394,Jan-2018,Mortgage
12.62,22800,23342,326657,Jan-2018,Mortgage
24.84,28500,179518,398173,Mar-2018,Mortgage
6.07,12000,201588,533179,Mar-2018,Mortgage
17.47,35000,72967,123414,Mar-2018,Own
17.47,30000,14285,60623,Mar-2018,Rent
16.02,20000,25223,54868,Jan-2018,Own
7.34,5000,1734,25000,Mar-2018,Mortgage
12.62,20000,46215,103203,Feb-2018,Rent
10.9,10000,16017,24600,Mar-2018,Rent
7.35,32000,80223,260087,Feb-2018,Mortgage
13.59,3000,15201,261936,Jan-2018,Mortgage
6.08,9000,12144,176418,Jan-2018,Own
5.32,12500,33777,69456,Jan-2018,Rent
18.06,20000,19326,34279,Feb-2018,Mortgage
9.93,10000,6086,27200,Jan-2018,Rent
20.39,11000,53848,65689,Mar-2018,Rent
17.47,13000,13367,50800,Mar-2018,Rent
9.44,17500,33374,299948,Jan-2018,Mortgage
11.98,21650,47522,66233,Mar-2018,Own
12.62,12000,12004,28200,Jan-2018,Own
9.92,22000,52377,103237,Mar-2018,Mortgage
10.42,26000,101363,445631,Feb-2018,Mortgage
11.99,14000,10242,201648,Jan-2018,Mortgage
10.42,5000,4609,13700,Jan-2018,Mortgage
14.08,7000,13176,24850,Jan-2018,Rent
10.41,3500,2146,145898,Mar-2018,Mortgage
12.61,4800,13643,25092,Mar-2018,Rent
12.61,36000,86485,369535,Mar-2018,Mortgage
21.45,14000,54048,155190,Feb-2018,Mortgage
13.58,10000,146738,182215,Feb-2018,Rent
12.61,18000,58143,623204,Mar-2018,Mortgage
19.42,27250,133140,476217,Mar-2018,Mortgage
14.08,4700,37711,51541,Feb-2018,Rent
10.42,40000,70895,209626,Jan-2018,Rent
16.01,7500,19584,222620,Mar-2018,Mortgage
18.06,16000,43197,70310,Jan-2018,Rent
15.05,30000,177084,415082,Jan-2018,Own
9.43,8000,43981,55257,Mar-2018,Mortgage
10.42,21000,88001,365057,Feb-2018,Mortgage
14.08,10000,43540,300957,Jan-2018,Mortgage
10.91,10000,18959,32600,Feb-2018,Mortgage
18.45,12000,52040,61720,Mar-2018,Rent
10.41,20000,26125,52283,Mar-2018,Rent
10.91,25200,72982,90810,Feb-2018,Rent
9.92,10000,40871,74395,Feb-2018,Own
7.34,5000,17641,49500,Feb-2018,Rent
30.17,11400,65927,163738,Mar-2018,Mortgage
19.03,25000,77670,197387,Feb-2018,Mortgage
7.97,12000,40513,54143,Jan-2018,Rent
12.62,18000,29521,45079,Feb-2018,Rent
9.93,6000,26454,34538,Jan-2018,Rent
5.31,20000,41246,189340,Mar-2018,Mortgage
10.42,12000,36999,71412,Jan-2018,Own
10.91,8500,83585,83456,Feb-2018,Rent
10.42,4500,11960,19168,Feb-2018,Own
10.91,40000,76187,286929,Jan-2018,Mortgage
12.62,40000,25765,317798,Feb-2018,Mortgage
9.92,4200,34821,181431,Mar-2018,Mortgage
9.92,32925,7224,349200,Mar-2018,Mortgage
20,12000,27764,37526,Feb-2018,Rent
19.42,1500,17637,35247,Mar-2018,Rent
6.71,6000,12248,21641,Mar-2018,Rent
14.07,25000,52841,350819,Mar-2018,Mortgage
14.08,12500,51892,177936,Jan-2018,Mortgage
6.72,23100,78843,521686,Feb-2018,Mortgage
6.08,35000,15001,237912,Jan-2018,Own
11.98,30000,49116,56924,Mar-2018,Rent
25.82,18000,48247,573543,Feb-2018,Mortgage
19.03,11700,41657,228786,Jan-2018,Mortgage
6.71,4000,13694,33632,Mar-2018,Rent
16.02,25000,31028,52076,Feb-2018,Own
9.44,15000,18698,43808,Jan-2018,Mortgage
14.07,18000,3272,7000,Mar-2018,Rent
18.45,1500,23803,37549,Mar-2018,Rent
9.93,10000,28958,50586,Feb-2018,Rent
17.09,10000,48846,193054,Jan-2018,Mortgage
11.98,8000,72762,125334,Mar-2018,Mortgage
7.97,30000,6992,54800,Feb-2018,Rent
10.9,30000,84835,468661,Mar-2018,Mortgage
16.01,12000,8197,52875,Feb-2018,Rent
15.04,35000,102305,237727,Mar-2018,Mortgage
20,30000,256297,244082,Jan-2018,Rent
14.07,5000,134829,118003,Mar-2018,Rent
10.91,1700,7297,12944,Feb-2018,Own
10.41,10000,31678,233313,Mar-2018,Mortgage
10.9,35000,150484,650240,Mar-2018,Mortgage
6.71,12000,125380,182827,Feb-2018,Rent
11.99,15600,16502,46190,Jan-2018,Rent
16.01,23075,42441,67576,Feb-2018,Rent
10.9,4200,38685,248862,Mar-2018,Mortgage
13.59,24000,44435,139646,Jan-2018,Mortgage
13.58,10000,27755,97113,Mar-2018,Rent
15.05,6425,11283,14400,Jan-2018,Rent
7.34,10000,6150,184500,Mar-2018,Mortgage
9.93,20000,18907,130108,Feb-2018,Mortgage
15.05,6400,27579,130202,Feb-2018,Mortgage
6.72,35000,68509,500018,Jan-2018,Mortgage
7.35,14000,74702,384763,Feb-2018,Mortgage
13.59,10000,14644,50949,Jan-2018,Rent
12.62,30000,21387,46659,Feb-2018,Rent
17.09,21000,86098,399232,Jan-2018,Mortgage
10.42,40000,36793,45900,Jan-2018,Rent
21.85,18000,31197,42500,Mar-2018,Rent
18.45,23000,21553,190200,Mar-2018,Mortgage
14.08,10000,5499,405300,Jan-2018,Own
5.32,40000,18068,79000,Jan-2018,Rent
12.62,4200,23576,38460,Feb-2018,Rent
17.47,10000,68032,93899,Mar-2018,Rent
19.42,15000,26487,49284,Mar-2018,Own
16.01,30000,44594,166714,Mar-2018,Mortgage
11.98,4800,399,1300,Mar-2018,Rent
6.72,20000,64787,127288,Jan-2018,Mortgage
9.43,18000,36746,81656,Mar-2018,Rent
13.59,3200,15041,27231,Feb-2018,Rent
6.72,12000,32539,59270,Feb-2018,Rent
9.44,10000,43617,78036,Feb-2018,Mortgage
11.98,10000,17303,34920,Mar-2018,Mortgage
11.99,5000,24183,32837,Feb-2018,Rent
7.35,5000,20425,221901,Jan-2018,Own
13.59,15000,42248,90300,Mar-2018,Rent
7.96,16000,12971,165936,Mar-2018,Mortgage
20.39,4000,256705,250825,Mar-2018,Rent
13.58,40000,56251,135174,Mar-2018,Rent
6.72,20000,21054,45900,Feb-2018,Mortgage
20,30000,101028,340368,Feb-2018,Mortgage
9.92,6000,5979,11700,Mar-2018,Mortgage
16.02,16100,72704,119079,Feb-2018,Rent
18.06,15000,58861,175047,Feb-2018,Mortgage
17.47,20000,42518,321890,Mar-2018,Mortgage
16.01,35000,60871,547026,Mar-2018,Mortgage
13.59,10000,73435,425797,Jan-2018,Mortgage
9.43,40000,63000,366585,Mar-2018,Mortgage
5.31,9000,7486,21500,Feb-2018,Rent
21.45,20000,18021,37810,Jan-2018,Rent
5.32,29000,30935,472310,Jan-2018,Mortgage
17.47,19300,38734,204723,Mar-2018,Mortgage
12.62,20000,117743,178121,Jan-2018,Mortgage
18.45,15000,95196,263873,Mar-2018,Mortgage
20,28000,80076,321082,Jan-2018,Mortgage
6.08,3000,7883,150000,Feb-2018,Own
9.93,20000,82041,123491,Feb-2018,Rent
7.35,20000,17998,311768,Feb-2018,Mortgage
9.92,20000,32788,47029,Mar-2018,Own
16.01,27000,44767,89655,Feb-2018,Mortgage
15.05,19000,50415,71461,Jan-2018,Rent
14.08,28000,105,14500,Jan-2018,Own
13.58,25000,248450,239939,Mar-2018,Own
10.9,3800,5080,14399,Mar-2018,Rent
6.72,19000,16006,350539,Feb-2018,Mortgage
9.93,14000,9004,54000,Jan-2018,Own
12.61,6000,5901,149423,Mar-2018,Mortgage
18.45,10400,57782,75056,Mar-2018,Rent
7.97,10000,29360,52590,Jan-2018,Rent
20,4000,34120,43887,Jan-2018,Own
26.77,25000,117416,149034,Mar-2018,Rent
6.72,12000,71149,249357,Jan-2018,Mortgage
14.08,15000,15729,35111,Jan-2018,Own
9.44,15000,49274,563238,Jan-2018,Mortgage
16.02,10000,39191,214263,Jan-2018,Mortgage
13.59,11000,9954,30270,Jan-2018,Mortgage
10.9,1800,10739,28042,Mar-2018,Rent
19.03,1000,33438,72428,Jan-2018,Mortgage
10.91,21000,47921,237785,Jan-2018,Mortgage
12.62,8000,40713,326587,Jan-2018,Mortgage
16.01,14400,39492,263912,Mar-2018,Rent
11.99,8000,12946,25250,Jan-2018,Rent
12.62,40000,72091,418340,Jan-2018,Mortgage
7.96,40000,33669,79679,Mar-2018,Rent
12.62,35000,159134,687833,Feb-2018,Mortgage
9.43,13000,32162,70840,Mar-2018,Mortgage
7.34,5000,19645,375698,Mar-2018,Own
9.93,1200,3411,284500,Jan-2018,Mortgage
12.62,18000,7936,208667,Jan-2018,Mortgage
11.98,18500,27315,306226,Feb-2018,Mortgage
11.98,16000,50352,69570,Mar-2018,Mortgage
20,10000,30227,225361,Feb-2018,Mortgage
9.93,35000,94654,124159,Jan-2018,Rent
7.97,19000,46326,66400,Feb-2018,Mortgage
15.04,25000,43355,700064,Mar-2018,Own
6.07,13500,29252,291340,Feb-2018,Mortgage
24.85,24000,62556,263754,Jan-2018,Mortgage
10.9,9600,25664,76546,Mar-2018,Rent
6.08,10000,14172,273515,Jan-2018,Mortgage
11.98,24000,64024,77940,Mar-2018,Rent
16.02,14200,20241,282333,Jan-2018,Mortgage
14.07,40000,58408,480960,Mar-2018,Mortgage
7.35,7000,2550,136342,Feb-2018,Own
10.42,10000,32443,56231,Feb-2018,Rent
20.39,16000,13279,19957,Mar-2018,Rent
9.44,12000,43650,327028,Feb-2018,Mortgage
12.62,7000,8276,14100,Jan-2018,Own
5.31,7000,76380,135302,Mar-2018,Rent
13.59,24000,123768,413844,Jan-2018,Own
14.08,24000,35775,413059,Feb-2018,Mortgage
9.93,29000,28245,302236,Jan-2018,Mortgage
14.08,35000,39346,875900,Jan-2018,Mortgage
16.02,27900,84020,335500,Feb-2018,Mortgage
6.08,3600,41771,87978,Feb-2018,Rent
19.03,16000,28368,682431,Feb-2018,Mortgage
6.07,4800,41553,135788,Mar-2018,Own
7.97,4000,5907,16900,Feb-2018,Rent
5.31,7825,19794,45268,Feb-2018,Rent
21.45,18000,39935,247590,Feb-2018,Mortgage
12.62,8000,111630,398493,Feb-2018,Mortgage
16.02,12000,20166,95048,Feb-2018,Mortgage
9.44,40000,49049,139543,Feb-2018,Mortgage
23.88,12800,36051,76236,Feb-2018,Mortgage
5.32,10000,98878,225203,Jan-2018,Mortgage
7.34,20000,64800,120600,Mar-2018,Mortgage
10.9,12000,39652,60999,Feb-2018,Rent
11.98,18000,46070,592796,Mar-2018,Mortgage
9.93,22000,22664,47200,Jan-2018,Rent
19.42,16000,155876,184198,Mar-2018,Mortgage
14.07,35000,61905,75824,Mar-2018,Rent
15.04,25000,65205,114092,Mar-2018,Rent
7.97,12500,16227,60725,Jan-2018,Rent
16.02,15000,38716,53506,Mar-2018,Rent
18.06,1000,8602,24100,Feb-2018,Rent
10.91,30000,128851,578066,Feb-2018,Own
9.43,25000,57303,434616,Feb-2018,Mortgage
13.59,5000,48708,138789,Jan-2018,Rent
7.97,3000,64613,314661,Jan-2018,Mortgage
15.04,10000,31392,38934,Mar-2018,Rent
25.81,28000,26574,69425,Mar-2018,Rent
19.42,12000,59164,404759,Mar-2018,Mortgage
24.85,17000,67635,83421,Jan-2018,Mortgage
29.69,15700,26245,231608,Mar-2018,Mortgage
18.06,15000,30408,40093,Jan-2018,Rent
14.07,4800,19046,26309,Mar-2018,Rent
17.09,30000,48646,88342,Feb-2018,Own
19.42,30000,7072,11978,Mar-2018,Rent
11.99,36000,227842,492232,Feb-2018,Mortgage
10.9,39275,44122,427803,Mar-2018,Rent
11.98,15575,44015,57890,Mar-2018,Rent
21.85,10000,48698,396146,Mar-2018,Own
9.44,6000,63861,551693,Jan-2018,Mortgage
12.62,25375,14544,37700,Jan-2018,Rent
15.05,25000,51416,304198,Jan-2018,Mortgage
7.35,7000,14187,312880,Feb-2018,Own
23.87,22000,42512,71229,Feb-2018,Own
12.61,35000,35157,65800,Mar-2018,Own
9.92,10000,7886,9100,Mar-2018,Rent
15.05,35000,86150,776505,Feb-2018,Mortgage
9.43,5000,110530,234532,Mar-2018,Mortgage
16.02,32000,75514,104914,Jan-2018,Rent
7.34,40000,169125,331197,Mar-2018,Rent
9.43,3000,28,120667,Mar-2018,Mortgage
10.9,10400,22390,93848,Mar-2018,Mortgage
23.87,7000,43881,78736,Mar-2018,Rent
10.42,24000,61874,95567,Feb-2018,Rent
17.09,9600,70636,69600,Feb-2018,Rent
6.07,20000,16738,56285,Mar-2018,Rent
9.43,18000,12071,170300,Mar-2018,Mortgage
13.58,18000,35303,143500,Mar-2018,Mortgage
11.99,40000,5449,44276,Feb-2018,Rent
11.98,17500,15976,36433,Mar-2018,Rent
5.32,35000,9206,52502,Jan-2018,Own
12.62,35000,68184,395377,Jan-2018,Mortgage
15.05,24000,7655,141687,Jan-2018,Mortgage
7.35,19000,110146,388885,Jan-2018,Mortgage
15.04,20000,25517,46676,Mar-2018,Rent
19.42,3600,5423,9310,Mar-2018,Rent
6.71,6000,36173,342725,Feb-2018,Mortgage
5.31,9000,73083,143694,Mar-2018,Rent
12.61,32000,73255,98722,Mar-2018,Mortgage
9.44,6400,55334,168854,Jan-2018,Mortgage
21.45,30000,11445,18600,Feb-2018,Own
6.72,17000,29493,120029,Jan-2018,Mortgage
13.58,8000,72262,102367,Mar-2018,Own
9.93,12000,45072,84385,Jan-2018,Mortgage
10.42,20000,40566,609171,Jan-2018,Mortgage
10.42,30000,8244,322000,Feb-2018,Mortgage
6.71,17500,231313,472861,Mar-2018,Mortgage
9.43,25000,33877,83500,Mar-2018,Rent
10.41,40000,75280,207222,Mar-2018,Rent
14.08,30000,21134,143666,Jan-2018,Mortgage
6.72,10000,27685,105916,Jan-2018,Own
12.61,4000,47904,51992,Mar-2018,Rent
15.04,3700,65039,86251,Mar-2018,Rent
9.92,5000,3906,30100,Mar-2018,Rent
21.85,32000,78211,100694,Mar-2018,Mortgage
5.32,40000,135231,445198,Jan-2018,Mortgage
9.92,10000,22732,339460,Mar-2018,Mortgage
5.31,10000,45502,233198,Mar-2018,Mortgage
6.07,24000,68939,306240,Feb-2018,Mortgage
16.02,14000,22782,282863,Feb-2018,Mortgage
18.06,9000,30510,188117,Jan-2018,Mortgage
20,18000,50345,59042,Jan-2018,Rent
10.9,36000,38595,89205,Feb-2018,Rent
7.34,25000,46086,196697,Mar-2018,Mortgage
17.09,25000,0,128900,Feb-2018,Mortgage
6.72,11200,40991,71000,Feb-2018,Mortgage
5.31,5000,25702,379955,Feb-2018,Mortgage
15.05,40000,92146,503826,Jan-2018,Rent
11.99,17000,16151,28700,Jan-2018,Rent
7.97,7500,40311,70683,Jan-2018,Own
20,4075,80201,257794,Jan-2018,Rent
10.42,15000,142263,185073,Feb-2018,Rent
10.41,1200,45055,62421,Mar-2018,Own
7.96,22000,27928,74600,Mar-2018,Rent
11.98,40000,57889,217900,Feb-2018,Mortgage
9.93,40000,20421,40800,Feb-2018,Rent
13.59,3000,23676,41600,Jan-2018,Rent
6.07,17000,50126,73822,Mar-2018,Own
7.96,7200,5099,129637,Mar-2018,Mortgage
30.17,22000,49344,74719,Feb-2018,Mortgage
7.96,35000,28738,433569,Mar-2018,Own
7.35,3500,477,10800,Jan-2018,Rent
9.43,15000,56658,126347,Mar-2018,Own
10.91,1000,20881,110364,Jan-2018,Mortgage
10.42,33000,96986,338785,Jan-2018,Mortgage
13.59,8400,74455,222489,Jan-2018,Mortgage
13.58,20000,48499,171147,Feb-2018,Mortgage
6.08,35000,32649,483700,Jan-2018,Mortgage
6.08,9975,11513,241162,Jan-2018,Mortgage
7.97,13000,107037,325590,Jan-2018,Mortgage
19.42,33900,104039,135156,Mar-2018,Rent
14.08,10000,66627,608023,Feb-2018,Mortgage
13.59,24000,63522,104738,Jan-2018,Mortgage
18.45,15000,171913,226131,Mar-2018,Mortgage
16.01,12000,20219,41300,Mar-2018,Mortgage
13.58,16800,28252,131418,Mar-2018,Mortgage
13.59,4800,18309,26900,Jan-2018,Own
9.93,15000,34085,90000,Jan-2018,Own
12.62,25000,71435,91506,Feb-2018,Rent
30.75,24000,30063,376501,Jan-2018,Mortgage
24.84,23000,26536,78139,Mar-2018,Own
9.93,20000,19811,29473,Jan-2018,Rent
13.59,5000,8717,348712,Jan-2018,Rent
16.02,15000,33039,88000,Jan-2018,Rent
6.08,40000,169085,261925,Jan-2018,Own
15.05,20000,11870,33700,Mar-2018,Rent
9.43,15200,88195,121974,Feb-2018,Rent
9.93,40000,74039,1095467,Jan-2018,Mortgage
11.99,4800,19417,28974,Jan-2018,Rent
9.93,7500,24869,162523,Jan-2018,Mortgage
12.61,28000,25088,73972,Mar-2018,Rent
21.45,12800,34152,44500,Jan-2018,Mortgage
7.34,8400,54182,411875,Feb-2018,Mortgage
13.59,35000,129827,166325,Feb-2018,Rent
13.58,35000,43987,269369,Mar-2018,Mortgage
9.43,17600,11996,28000,Mar-2018,Rent
18.06,18000,107503,466287,Feb-2018,Mortgage
10.42,1800,17268,74500,Jan-2018,Rent
12.62,10000,32098,67858,Feb-2018,Mortgage
6.71,5000,19902,59592,Feb-2018,Rent
7.96,10000,88356,360108,Feb-2018,Mortgage
7.34,6000,19507,168691,Mar-2018,Mortgage
13.58,30000,116962,171659,Mar-2018,Rent
10.9,21000,6698,131422,Mar-2018,Rent
10.9,9000,42717,46425,Mar-2018,Rent
6.08,10000,56931,87774,Jan-2018,Mortgage
5.32,15000,129595,319690,Jan-2018,Mortgage
6.72,2500,1965,14600,Jan-2018,Mortgage
9.44,28000,66993,296834,Jan-2018,Mortgage
14.08,6000,27517,209695,Feb-2018,Mortgage
11.99,9000,65094,478961,Jan-2018,Mortgage
9.44,37000,26680,220060,Jan-2018,Mortgage
17.47,6000,9740,169914,Mar-2018,Own
17.09,15000,37990,49993,Feb-2018,Rent
14.08,6000,37240,54400,Jan-2018,Rent
18.45,4800,11808,33282,Mar-2018,Rent
13.58,32000,46320,343800,Feb-2018,Mortgage
19.03,13500,108369,463389,Feb-2018,Mortgage
5.32,10500,25963,517212,Jan-2018,Mortgage
9.92,15000,17907,54860,Mar-2018,Rent
12.62,20000,10082,34438,Jan-2018,Mortgage
11.99,3000,2327,90273,Jan-2018,Mortgage
10.9,18000,64066,98351,Mar-2018,Mortgage
7.97,1375,34630,51605,Jan-2018,Rent
11.98,5000,22196,275432,Feb-2018,Mortgage
17.09,1000,148535,146630,Jan-2018,Rent
6.08,30000,3804,357800,Feb-2018,Mortgage
9.93,5000,962,8200,Jan-2018,Rent
9.44,18000,5909,204620,Jan-2018,Mortgage
7.34,5000,116175,151225,Feb-2018,Own
18.45,12500,19284,47735,Mar-2018,Rent
22.91,5000,44344,151615,Feb-2018,Mortgage
16.01,28000,109907,183988,Mar-2018,Mortgage
6.71,15250,14657,22400,Mar-2018,Rent
10.91,29450,27930,57521,Jan-2018,Own
17.47,6800,32946,45455,Mar-2018,Rent
26.3,4375,66384,76514,Jan-2018,Rent
7.97,6000,68930,133555,Feb-2018,Mortgage
7.35,20000,11612,212000,Jan-2018,Own
9.43,15000,19481,46800,Mar-2018,Rent
19.03,15000,47823,340537,Jan-2018,Mortgage
10.41,12000,95608,337331,Mar-2018,Mortgage
14.08,30550,150723,559203,Feb-2018,Mortgage
15.04,6000,14359,27000,Mar-2018,Own
10.9,25000,42883,372671,Mar-2018,Mortgage
9.43,15000,6339,18700,Mar-2018,Rent
10.91,8000,10534,196600,Jan-2018,Own
6.08,21000,26307,352300,Jan-2018,Mortgage
7.97,14000,34783,152656,Jan-2018,Mortgage
7.34,6000,55861,67203,Mar-2018,Mortgage
20.39,20000,13581,34315,Mar-2018,Own
10.42,10500,22352,47250,Jan-2018,Rent
18.45,10000,13319,226477,Mar-2018,Mortgage
15.05,30000,79499,287633,Jan-2018,Mortgage
13.59,12000,28534,103500,Feb-2018,Mortgage
7.97,7500,131058,199182,Feb-2018,Mortgage
6.08,11000,10435,34200,Jan-2018,Rent
5.32,17000,30728,81173,Jan-2018,Mortgage
15.05,30000,47697,63201,Jan-2018,Rent
17.09,4800,14577,15892,Jan-2018,Own
10.42,15000,264,295500,Jan-2018,Mortgage
19.03,10000,46175,71005,Feb-2018,Rent
5.32,18000,26947,312995,Jan-2018,Mortgage
6.08,35000,55603,342842,Jan-2018,Mortgage
9.93,15000,68557,114581,Jan-2018,Rent
14.08,9600,12118,39400,Feb-2018,Rent
11.99,25000,28625,36321,Feb-2018,Rent
7.96,8000,15700,43855,Mar-2018,Rent
9.93,24350,124591,350751,Feb-2018,Mortgage
11.99,14000,54523,81771,Feb-2018,Rent
10.9,30000,46293,290148,Mar-2018,Mortgage
9.93,5000,2993,39100,Feb-2018,Own
6.72,8000,28246,437263,Feb-2018,Mortgage
15.05,25800,56796,324111,Jan-2018,Mortgage
14.08,10000,31322,160641,Jan-2018,Mortgage
9.92,8500,3747,61201,Mar-2018,Mortgage
15.04,40000,108591,119427,Mar-2018,Own
19.03,1800,4398,7679,Jan-2018,Own
9.43,20000,119189,174212,Mar-2018,Rent
21.45,7775,19287,162552,Jan-2018,Mortgage
10.9,9600,60422,136600,Mar-2018,Rent
11.98,30000,77494,337493,Mar-2018,Mortgage
20,10000,47931,58945,Jan-2018,Rent
11.98,20000,38650,242358,Feb-2018,Mortgage
9.44,37000,35817,527225,Feb-2018,Mortgage
11.99,15000,64926,421900,Jan-2018,Mortgage
11.99,10000,72164,235213,Feb-2018,Mortgage
9.93,14000,27298,92620,Feb-2018,Mortgage
13.59,5000,19493,43500,Jan-2018,Mortgage
9.43,4800,24212,161426,Mar-2018,Mortgage
15.04,35000,51185,72097,Mar-2018,Rent
16.02,5000,20996,33156,Jan-2018,Rent
17.09,20000,91865,344840,Feb-2018,Mortgage
10.42,20000,10401,15000,Feb-2018,Mortgage
10.41,10000,12244,39818,Feb-2018,Rent
17.09,22000,50904,203910,Feb-2018,Mortgage
18.06,10800,44112,62933,Jan-2018,Rent
16.02,20000,57349,77830,Feb-2018,Own
7.35,11000,21404,47349,Jan-2018,Own
10.91,25000,39039,231032,Feb-2018,Mortgage
21.45,16000,15694,23700,Jan-2018,Rent
6.71,8000,32023,149783,Mar-2018,Rent
18.06,15000,64014,101663,Jan-2018,Rent
10.42,7500,9014,16900,Feb-2018,Rent
6.08,10000,179124,167621,Jan-2018,Mortgage
10.9,16000,38554,86111,Mar-2018,Mortgage
9.93,15000,10440,172900,Jan-2018,Mortgage
28.72,25000,76021,169038,Jan-2018,Rent
10.9,9000,9469,23018,Feb-2018,Rent
10.9,10000,30670,42538,Mar-2018,Rent
9.93,2000,14007,75481,Jan-2018,Mortgage
7.97,18000,1030,29300,Jan-2018,Own
6.07,7000,37435,80168,Feb-2018,Rent
10.91,20000,93950,313003,Jan-2018,Mortgage
9.44,10000,31933,122484,Jan-2018,Mortgage
10.9,35000,123980,444210,Mar-2018,Mortgage
9.44,28000,53841,312418,Jan-2018,Mortgage
7.97,18000,18868,42729,Feb-2018,Rent
20,30000,59504,78508,Jan-2018,Own
12.62,33600,41458,299100,Feb-2018,Mortgage
6.71,6500,16447,57522,Mar-2018,Rent
11.99,3000,71025,305427,Jan-2018,Mortgage
17.09,28000,46738,84167,Jan-2018,Rent
15.04,35000,37113,356065,Mar-2018,Own
11.98,24000,15606,35253,Mar-2018,Mortgage
6.07,5000,39298,186793,Mar-2018,Mortgage
21.45,14350,85741,207479,Jan-2018,Mortgage
20,4800,46687,75891,Jan-2018,Rent
11.99,10050,21219,255039,Mar-2018,Mortgage
24.84,40000,102998,404752,Mar-2018,Mortgage
18.06,10000,23566,394409,Feb-2018,Mortgage
7.35,12000,91151,343595,Feb-2018,Mortgage
11.98,10000,40350,252352,Mar-2018,Mortgage
6.08,4000,50933,230477,Feb-2018,Mortgage
26.3,30000,72858,127500,Jan-2018,Own
15.05,15000,11446,17600,Feb-2018,Rent
11.98,9000,44626,74295,Mar-2018,Rent
15.05,29975,32691,340409,Feb-2018,Mortgage
19.03,20000,44122,56518,Mar-2018,Rent
10.91,6000,17600,293153,Feb-2018,Mortgage
7.96,40000,68751,384557,Mar-2018,Mortgage
16.02,18000,93109,575389,Feb-2018,Mortgage
5.32,7000,6526,27500,Feb-2018,Rent
11.99,5000,6502,19300,Jan-2018,Own
19.42,12000,21427,28310,Mar-2018,Rent
6.71,14500,33117,245011,Mar-2018,Mortgage
7.34,20000,17825,223674,Mar-2018,Mortgage
6.08,15000,26255,66300,Feb-2018,Rent
10.9,15000,19488,69600,Mar-2018,Rent
6.72,10000,30465,187370,Jan-2018,Mortgage
14.07,35000,83683,597640,Feb-2018,Mortgage
10.9,40000,42241,220267,Mar-2018,Mortgage
6.72,5000,5414,22800,Jan-2018,Own
13.58,8000,37863,319454,Feb-2018,Mortgage
10.42,18000,42813,111400,Jan-2018,Own
10.41,13000,97620,123238,Mar-2018,Rent
7.96,7000,25245,216221,Mar-2018,Mortgage
11.98,20000,15992,28800,Mar-2018,Own
11.99,6000,26403,196864,Jan-2018,Own
7.35,8000,20890,81700,Jan-2018,Own
13.59,28000,7092,205349,Feb-2018,Mortgage
6.08,20000,26652,98936,Feb-2018,Own
12.61,12000,64826,304860,Mar-2018,Mortgage
12.62,26400,20953,44900,Jan-2018,Rent
15.05,35000,124011,154913,Feb-2018,Rent
15.05,28000,16770,33200,Jan-2018,Rent
15.04,24000,116098,662533,Mar-2018,Mortgage
9.43,11500,37099,78184,Feb-2018,Rent
12.62,5000,33627,53634,Jan-2018,Rent
11.99,23175,88883,893115,Jan-2018,Mortgage
11.99,8000,30781,39640,Jan-2018,Rent
14.08,12250,34569,52652,Jan-2018,Rent
5.32,40000,30400,575674,Feb-2018,Mortgage
14.07,24000,64793,227088,Mar-2018,Mortgage
10.9,6000,6455,91400,Mar-2018,Rent
13.59,34000,302550,1223025,Feb-2018,Mortgage
18.45,4000,59134,71669,Mar-2018,Rent
18.06,3000,21765,288360,Feb-2018,Mortgage
6.72,10000,7231,41200,Feb-2018,Own
19.42,14000,171995,306708,Mar-2018,Mortgage
9.92,20000,85344,617535,Mar-2018,Mortgage
10.42,16000,92879,113654,Feb-2018,Mortgage
7.35,29000,75333,210229,Jan-2018,Mortgage
14.08,35000,9431,21000,Feb-2018,Rent
14.08,9600,46100,98213,Jan-2018,Rent
5.31,18000,43710,916200,Mar-2018,Mortgage
15.05,35000,165890,502912,Feb-2018,Mortgage
14.08,25000,28916,56348,Feb-2018,Mortgage
11.99,17000,24698,354505,Jan-2018,Mortgage
7.96,10000,45796,124367,Mar-2018,Mortgage
7.96,10000,46659,355770,Mar-2018,Mortgage
9.44,15000,5003,420193,Feb-2018,Mortgage
13.58,35000,103183,481747,Mar-2018,Mortgage
7.34,5000,9899,111600,Mar-2018,Mortgage
5.31,15000,76397,286883,Mar-2018,Mortgage
6.71,4000,24486,291462,Mar-2018,Own
5.31,20000,4089,303306,Mar-2018,Mortgage
11.99,20000,66191,477991,Jan-2018,Mortgage
6.72,10000,18458,51284,Jan-2018,Rent
11.99,30000,72536,93785,Feb-2018,Rent
5.32,5000,16365,361908,Jan-2018,Mortgage
12.61,10000,65993,541190,Mar-2018,Mortgage
10.42,4200,55247,56200,Jan-2018,Rent
23.88,16025,16593,12225,Feb-2018,Mortgage
6.72,10000,183260,204414,Jan-2018,Rent
14.07,10000,106041,304731,Mar-2018,Mortgage
9.44,17000,86344,286521,Feb-2018,Own
17.09,10000,56646,89074,Mar-2018,Rent
12.62,28800,124964,1270604,Jan-2018,Mortgage
19.42,30000,41458,269166,Mar-2018,Mortgage
10.91,10000,11754,38000,Jan-2018,Rent
14.08,16000,210505,358483,Feb-2018,Rent
6.72,10000,85294,202268,Jan-2018,Mortgage
10.42,10000,18333,56900,Jan-2018,Rent
21.45,35000,80407,215197,Jan-2018,Mortgage
16.01,36000,8576,33717,Mar-2018,Rent
11.98,24000,51116,433654,Mar-2018,Mortgage
13.58,12000,43443,209565,Mar-2018,Mortgage
17.47,35000,72967,247349,Mar-2018,Mortgage
16.02,8000,29371,246800,Jan-2018,Mortgage
5.32,4000,6832,44625,Jan-2018,Own
11.98,3000,18281,41794,Mar-2018,Rent
13.59,10000,27927,41299,Feb-2018,Rent
14.08,9600,29406,47633,Feb-2018,Own
9.44,6000,46767,170965,Jan-2018,Mortgage
10.41,16000,176895,184166,Feb-2018,Own
9.92,10500,38264,64349,Mar-2018,Mortgage
15.05,25000,65010,101445,Jan-2018,Own
9.44,21600,5436,269770,Feb-2018,Mortgage
12.61,4000,57301,57068,Feb-2018,Rent
21.85,15000,47213,80755,Mar-2018,Mortgage
30.17,22600,38518,92762,Jan-2018,Rent
19.42,15000,54858,87897,Mar-2018,Rent
10.42,5000,79254,104535,Jan-2018,Rent
14.08,32000,19418,27656,Jan-2018,Mortgage
11.99,40000,101493,192253,Jan-2018,Mortgage
6.08,36000,72328,563200,Mar-2018,Mortgage
13.58,8600,3120,12150,Mar-2018,Rent
10.42,30000,55670,87993,Feb-2018,Rent
9.93,18200,114335,311218,Jan-2018,Mortgage
10.9,6500,18343,22040,Mar-2018,Rent
14.08,27000,44559,78254,Feb-2018,Mortgage
6.07,25000,27641,96689,Mar-2018,Rent
10.91,30000,18399,25400,Feb-2018,Rent
9.44,24000,32016,203731,Feb-2018,Mortgage
26.3,20000,94704,116801,Feb-2018,Rent
6.07,10000,27239,397115,Mar-2018,Own
11.99,9000,13672,37000,Jan-2018,Own
9.43,32000,61812,266490,Feb-2018,Own
21.45,20000,18504,83675,Jan-2018,Own
14.08,9500,24163,51862,Feb-2018,Rent
9.44,25000,89100,126656,Jan-2018,Mortgage
17.09,8000,79654,96461,Feb-2018,Rent
21.85,40000,114420,483062,Mar-2018,Mortgage
17.09,8400,6606,174102,Jan-2018,Mortgage
14.08,10000,83447,173632,Feb-2018,Own
13.58,25000,44650,65433,Mar-2018,Own
5.32,4000,11227,152343,Feb-2018,Mortgage
12.62,10000,13141,153300,Feb-2018,Own
9.44,12000,15058,108284,Jan-2018,Mortgage
14.07,28000,62630,69435,Mar-2018,Rent
10.9,8000,22850,65581,Mar-2018,Rent
14.08,30000,53346,294395,Feb-2018,Mortgage
7.97,6400,87055,299498,Feb-2018,Mortgage
14.07,30000,8819,15744,Mar-2018,Rent
13.58,20000,29614,186875,Mar-2018,Mortgage
6.72,10000,104671,187308,Jan-2018,Rent
16.02,20000,13064,27094,Jan-2018,Rent
6.07,20000,113199,1150850,Mar-2018,Mortgage
6.72,38400,99647,180875,Feb-2018,Mortgage
5.32,16000,31937,112889,Jan-2018,Rent
7.96,5000,64557,106431,Mar-2018,Rent
20.39,15000,34273,46003,Mar-2018,Rent
9.93,4500,11655,195508,Jan-2018,Mortgage
18.06,16000,239449,739401,Feb-2018,Mortgage
23.88,35000,54469,67943,Jan-2018,Mortgage
20.39,5475,5679,5800,Mar-2018,Rent
12.61,6000,21945,38365,Mar-2018,Rent
14.08,14400,29375,51500,Jan-2018,Rent
10.41,20000,40191,420066,Mar-2018,Mortgage
19.03,10000,67069,81664,Jan-2018,Rent
6.08,10000,24815,104164,Feb-2018,Rent
10.91,10000,5135,7208,Jan-2018,Own
7.35,12000,15093,211700,Jan-2018,Mortgage
6.71,10000,22283,73075,Mar-2018,Rent
10.91,10000,95299,116353,Jan-2018,Rent
15.04,7200,21873,48808,Mar-2018,Rent
12.61,9200,92947,268885,Mar-2018,Rent
7.35,40000,128877,237019,Jan-2018,Mortgage
11.98,15000,31956,40780,Feb-2018,Rent
14.07,18000,36075,67961,Mar-2018,Mortgage
5.31,3800,207089,518564,Mar-2018,Mortgage
12.61,35000,75621,327120,Mar-2018,Mortgage
20,3725,33916,236116,Feb-2018,Mortgage
10.9,10000,1315,16400,Mar-2018,Own
25.82,30000,30078,45838,Jan-2018,Mortgage
9.44,19100,60762,286297,Feb-2018,Mortgage
6.08,16000,8362,108000,Jan-2018,Mortgage
7.96,5000,9424,162700,Mar-2018,Mortgage
17.09,35000,59425,257955,Jan-2018,Mortgage
10.41,6000,32053,54211,Mar-2018,Rent
10.9,15000,44547,83833,Mar-2018,Own
17.09,18000,17143,285719,Feb-2018,Mortgage
11.98,10000,22236,27378,Mar-2018,Rent
13.59,40000,34376,60868,Feb-2018,Rent
12.62,3200,9202,17500,Jan-2018,Rent
18.06,19200,23114,44400,Mar-2018,Rent
6.71,12800,31166,94060,Mar-2018,Rent
17.09,10200,46687,45682,Jan-2018,Rent
16.01,26450,76479,454344,Mar-2018,Mortgage
10.42,9000,11917,28700,Jan-2018,Rent
18.06,30000,9914,18675,Jan-2018,Rent
7.35,15000,12021,28678,Feb-2018,Rent
12.62,20500,67495,92892,Feb-2018,Mortgage
9.44,18000,11273,260300,Jan-2018,Mortgage
21.85,20000,49921,329220,Mar-2018,Mortgage
11.99,30000,41763,289646,Jan-2018,Mortgage
7.97,5000,31211,49622,Jan-2018,Rent
16.01,3600,33232,186683,Mar-2018,Mortgage
9.44,40000,140957,190574,Feb-2018,Mortgage
9.44,24000,297186,780397,Jan-2018,Mortgage
20.39,4000,49519,57282,Mar-2018,Mortgage
10.9,10000,33365,304258,Feb-2018,Mortgage
13.58,11000,22195,32500,Mar-2018,Mortgage
18.06,20000,50845,258439,Feb-2018,Own
11.98,40000,46875,377097,Mar-2018,Own
5.31,13500,14161,39040,Mar-2018,Rent
7.97,24000,109960,590365,Jan-2018,Own
19.03,30000,51645,64445,Jan-2018,Rent
6.07,6000,4102,15200,Mar-2018,Rent
14.08,40000,25228,56210,Feb-2018,Rent
10.91,12000,8983,153531,Jan-2018,Mortgage
6.71,4000,46604,511274,Feb-2018,Mortgage
10.9,18000,284016,297257,Mar-2018,Mortgage
19.42,9600,63459,86372,Mar-2018,Rent
25.81,30000,73058,205121,Feb-2018,Mortgage
13.59,20000,74719,98789,Feb-2018,Rent
5.31,17575,172425,714755,Mar-2018,Mortgage
12.62,2600,3116,116200,Jan-2018,Mortgage
12.61,3500,59280,485285,Mar-2018,Mortgage
10.42,25000,29179,79281,Jan-2018,Rent
10.91,15000,6335,23900,Jan-2018,Rent
21.45,13175,46880,189297,Jan-2018,Mortgage
11.98,20000,63498,252694,Feb-2018,Mortgage
9.93,8550,41545,49528,Jan-2018,Rent
25.82,30750,45182,361446,Jan-2018,Mortgage
10.42,21200,24676,107000,Feb-2018,Rent
19.03,30000,102442,290622,Jan-2018,Mortgage
12.61,15000,33293,84441,Mar-2018,Rent
21.45,25975,398755,933098,Feb-2018,Mortgage
25.82,19000,27881,49896,Feb-2018,Rent
6.71,10000,76754,229703,Mar-2018,Mortgage
16.01,4975,3376,37000,Mar-2018,Own
21.45,5550,112589,152633,Feb-2018,Rent
5.32,10500,29133,90564,Feb-2018,Rent
6.72,25000,64232,326429,Jan-2018,Mortgage
12.62,10000,8046,24300,Feb-2018,Mortgage
9.93,15000,79249,152483,Jan-2018,Rent
10.42,16000,0,600,Jan-2018,Rent
12.62,14000,14731,29200,Feb-2018,Rent
17.09,4000,44169,411688,Feb-2018,Mortgage
28.72,24000,149856,171038,Mar-2018,Own
6.08,14000,36664,286600,Jan-2018,Mortgage
10.42,6500,61100,236141,Feb-2018,Mortgage
16.01,3200,19315,102277,Feb-2018,Mortgage
7.97,15000,48265,71194,Feb-2018,Own
11.99,19000,115098,139204,Feb-2018,Own
15.05,22000,28999,64626,Jan-2018,Mortgage
21.85,11100,54586,79838,Mar-2018,Rent
10.9,8000,17405,37744,Feb-2018,Rent
5.31,23000,24065,564083,Mar-2018,Mortgage
10.42,9000,7364,21500,Jan-2018,Rent
6.07,18000,21497,280900,Mar-2018,Mortgage
7.35,12000,10697,35600,Feb-2018,Rent
6.71,4650,7338,31453,Mar-2018,Own
7.97,18000,50045,67947,Jan-2018,Mortgage
10.42,6000,121788,171631,Feb-2018,Mortgage
11.99,40000,90588,376627,Feb-2018,Mortgage
15.05,30000,60361,311875,Jan-2018,Own
28.72,30000,110481,155259,Mar-2018,Rent
6.72,24000,51261,292894,Jan-2018,Mortgage
26.77,9100,25234,419821,Mar-2018,Rent
6.08,7000,29979,275065,Jan-2018,Mortgage
16.01,10000,41218,54734,Mar-2018,Rent
19.03,16000,39625,72492,Feb-2018,Rent
9.44,20000,26919,43522,Jan-2018,Rent
9.44,40000,942456,2761000,Jan-2018,Mortgage
5.31,40000,102668,633067,Mar-2018,Mortgage
9.43,9000,32750,163059,Mar-2018,Own
9.43,7800,36229,141400,Mar-2018,Mortgage
25.82,25000,76783,433318,Jan-2018,Mortgage
11.98,35000,43098,332710,Mar-2018,Mortgage
7.97,14000,26450,57250,Feb-2018,Rent
13.58,40000,33116,48522,Mar-2018,Rent
9.92,13175,59589,404750,Mar-2018,Mortgage
16.02,5600,101601,187200,Feb-2018,Mortgage
6.72,25000,73682,376670,Jan-2018,Mortgage
5.32,25000,2863,331900,Jan-2018,Mortgage
7.35,10000,42935,351287,Jan-2018,Own
11.99,12500,48467,296634,Jan-2018,Mortgage
11.98,23000,25715,78048,Mar-2018,Rent
10.91,18000,60828,87550,Jan-2018,Mortgage
9.43,10500,76529,250795,Mar-2018,Mortgage
6.07,20000,61184,188924,Mar-2018,Mortgage
19.42,35000,195420,378769,Mar-2018,Mortgage
5.32,40000,42222,303755,Jan-2018,Mortgage
14.08,10000,30721,116707,Feb-2018,Mortgage
6.07,15000,35472,206636,Mar-2018,Mortgage
15.05,9125,27326,33139,Jan-2018,Mortgage
11.98,40000,70602,508303,Mar-2018,Mortgage
24.84,12000,114770,120155,Mar-2018,Rent
14.07,8300,3634,8300,Feb-2018,Mortgage
12.62,17150,32393,47800,Feb-2018,Mortgage
10.9,3000,30932,56600,Mar-2018,Own
17.09,12000,32002,54725,Jan-2018,Rent
14.08,16000,111078,339669,Feb-2018,Mortgage
18.06,11000,50070,63678,Jan-2018,Rent
10.41,35000,100295,382779,Feb-2018,Mortgage
12.62,23000,67650,333783,Feb-2018,Mortgage
10.41,12675,24341,251476,Mar-2018,Mortgage
9.44,8000,8963,40649,Jan-2018,Own
10.42,5500,26067,75300,Jan-2018,Own
10.91,36025,180125,555371,Jan-2018,Mortgage
13.59,20000,41229,56359,Feb-2018,Rent
12.62,15000,44603,65916,Feb-2018,Own
6.08,4500,34662,87717,Feb-2018,Mortgage
9.44,13000,11554,21200,Jan-2018,Mortgage
14.07,2800,3336,3400,Mar-2018,Rent
11.99,12000,90943,74327,Feb-2018,Rent
13.59,20000,117941,321656,Feb-2018,Mortgage
9.44,3000,41316,91440,Feb-2018,Own
7.96,18200,19581,46300,Mar-2018,Own
6.72,10000,14120,26664,Feb-2018,Rent
12.62,16225,29152,343658,Feb-2018,Mortgage
10.9,3000,91154,147741,Feb-2018,Mortgage
7.34,6000,32644,86046,Mar-2018,Rent
18.06,15000,20513,260722,Feb-2018,Mortgage
21.45,12000,16211,309992,Jan-2018,Mortgage
6.71,18450,23822,375048,Mar-2018,Own
9.93,5000,15307,34038,Feb-2018,Rent
7.34,16600,42113,344718,Mar-2018,Mortgage
11.99,5000,0,0,Jan-2018,Rent
9.43,6000,39041,47268,Mar-2018,Own
10.91,10500,262055,249350,Feb-2018,Rent
9.92,5000,54598,131520,Mar-2018,Own
10.41,9000,111771,667065,Mar-2018,Mortgage
7.34,30000,82641,535313,Feb-2018,Mortgage
11.99,10000,5890,8600,Feb-2018,Own
9.93,8000,169507,188391,Jan-2018,Rent
9.93,13000,13550,21800,Jan-2018,Rent
17.09,2000,282639,257256,Feb-2018,Rent
6.72,8000,4340,44650,Jan-2018,Mortgage
6.72,12000,1550,28300,Jan-2018,Mortgage
13.58,14300,4818,60700,Feb-2018,Rent
6.72,12000,27173,321249,Jan-2018,Mortgage
11.98,20000,40770,234777,Mar-2018,Mortgage
6.08,2200,14097,506509,Jan-2018,Mortgage
19.03,35000,82468,118593,Jan-2018,Mortgage
24.85,17500,17738,67591,Jan-2018,Mortgage
14.08,3500,41426,236721,Jan-2018,Mortgage
20.39,12000,52544,79976,Mar-2018,Rent
10.42,20000,19766,40100,Jan-2018,Rent
10.41,40000,107632,819104,Mar-2018,Mortgage
7.96,25000,13282,78128,Mar-2018,Own
19.03,35000,38446,139146,Feb-2018,Mortgage
19.42,25000,35705,248423,Feb-2018,Mortgage
9.93,3000,25055,212961,Feb-2018,Mortgage
13.58,10000,24059,44700,Mar-2018,Rent
10.9,20000,6773,19200,Mar-2018,Rent
7.96,37025,115250,220975,Mar-2018,Mortgage
10.42,14900,123135,426809,Jan-2018,Mortgage
20,21075,65340,85094,Jan-2018,Rent
19.03,20000,28809,43239,Feb-2018,Mortgage
14.07,20000,28263,41593,Mar-2018,Rent
6.08,5000,32797,202500,Feb-2018,Mortgage
7.97,10000,25447,350947,Jan-2018,Mortgage
23.88,25000,12499,29939,Jan-2018,Rent
10.42,18000,64495,231686,Jan-2018,Mortgage
7.35,12000,11908,198918,Jan-2018,Rent
14.08,5000,11171,124814,Feb-2018,Mortgage
7.35,4800,49538,53661,Jan-2018,Own
7.35,4900,44537,195191,Jan-2018,Mortgage
13.58,19000,29909,105117,Mar-2018,Rent
16.02,35000,44603,70417,Feb-2018,Mortgage
25.81,29800,22951,47979,Mar-2018,Mortgage
15.04,5000,44701,51000,Mar-2018,Rent
10.42,35000,47713,556504,Jan-2018,Own
13.59,6000,50241,259559,Jan-2018,Mortgage
14.08,15000,41884,63881,Feb-2018,Rent
6.72,8000,31825,298860,Jan-2018,Mortgage
20,8000,57871,289579,Jan-2018,Mortgage
9.93,18000,27882,54758,Jan-2018,Rent
7.35,35000,56832,819496,Feb-2018,Mortgage
10.42,15000,72257,291354,Jan-2018,Mortgage
11.99,30000,113335,307361,Feb-2018,Mortgage
9.93,35000,61656,329921,Feb-2018,Mortgage
11.99,11500,16739,21664,Feb-2018,Rent
10.91,20000,43667,61944,Jan-2018,Rent
7.97,9000,36662,67125,Jan-2018,Rent
10.9,15000,57440,74425,Mar-2018,Rent
6.08,10000,8197,206439,Jan-2018,Mortgage
19.42,4000,18904,22800,Mar-2018,Rent
13.59,24000,77766,284057,Feb-2018,Mortgage
17.09,7000,16450,35900,Jan-2018,Own
14.07,8000,15709,26050,Mar-2018,Own
20,29975,23886,82779,Feb-2018,Own
19.03,1200,34150,28100,Jan-2018,Rent
9.92,20000,29299,265630,Mar-2018,Mortgage
6.07,15000,12760,83300,Mar-2018,Own
18.45,10000,22029,164592,Mar-2018,Mortgage
7.35,15000,30126,67341,Feb-2018,Rent
7.96,20000,21992,49901,Mar-2018,Mortgage
14.08,30000,32861,60558,Jan-2018,Rent
6.08,8000,24918,446200,Feb-2018,Mortgage
10.42,12000,40930,175201,Jan-2018,Mortgage
6.07,10000,55307,192931,Mar-2018,Mortgage
10.91,11000,9494,32600,Jan-2018,Mortgage
9.92,10000,37976,84826,Mar-2018,Rent
6.08,7000,51898,168002,Feb-2018,Mortgage
9.43,20000,6660,36800,Feb-2018,Rent
7.35,30000,43937,63266,Mar-2018,Rent
12.61,17500,54874,101282,Mar-2018,Rent
9.93,16000,42192,220400,Jan-2018,Mortgage
15.05,40000,250,10400,Feb-2018,Rent
13.59,40000,38302,255875,Feb-2018,Mortgage
20.39,5000,13144,17118,Mar-2018,Rent
11.98,12000,30044,67588,Mar-2018,Rent
15.05,3000,17495,23278,Jan-2018,Own
10.42,4800,87723,103857,Jan-2018,Rent
9.93,1550,310894,282145,Feb-2018,Rent
20,20000,48907,61500,Jan-2018,Own
11.99,16000,19802,299226,Jan-2018,Mortgage
14.08,26600,48023,87464,Jan-2018,Mortgage
6.71,4000,46579,72541,Feb-2018,Rent
7.97,10000,23715,87705,Feb-2018,Rent
14.07,30000,69396,100280,Mar-2018,Rent
5.32,16000,130987,807629,Jan-2018,Mortgage
17.09,28000,82052,405212,Feb-2018,Mortgage
7.34,20000,32821,112960,Mar-2018,Rent
17.09,12000,4938,159040,Jan-2018,Mortgage
12.62,25000,18330,64200,Feb-2018,Mortgage
28.72,28000,57015,479517,Feb-2018,Mortgage
14.08,12000,259619,193321,Feb-2018,Own
7.35,16550,44985,216949,Feb-2018,Mortgage
24.84,17600,28824,185802,Mar-2018,Mortgage
25.82,24000,10181,12875,Feb-2018,Rent
9.43,5300,71818,127486,Feb-2018,Rent
15.05,10000,1940,52057,Feb-2018,Own
9.92,11000,32539,261890,Mar-2018,Mortgage
10.42,7500,18103,36346,Feb-2018,Mortgage
6.72,15000,69071,575600,Jan-2018,Mortgage
9.92,26275,18001,343290,Mar-2018,Mortgage
12.62,12000,24020,33395,Feb-2018,Own
19.42,16000,101746,120808,Mar-2018,Mortgage
10.91,10000,29666,42796,Feb-2018,Rent
18.45,20000,37817,128461,Mar-2018,Own
9.44,24000,31117,269227,Jan-2018,Mortgage
5.31,18000,126377,134053,Mar-2018,Mortgage
7.34,10000,1804,13600,Mar-2018,Mortgage
29.69,13500,10366,16700,Feb-2018,Mortgage
16.02,1000,31838,47753,Jan-2018,Rent
6.72,19000,94591,475399,Jan-2018,Mortgage
25.81,35000,86137,239139,Mar-2018,Mortgage
5.32,11200,29401,68001,Feb-2018,Rent
20.39,28000,59543,145911,Mar-2018,Mortgage
19.42,10000,37117,300977,Mar-2018,Mortgage
13.59,35000,135599,485270,Jan-2018,Own
10.91,26000,120982,713149,Feb-2018,Mortgage
6.71,8000,12484,152160,Mar-2018,Mortgage
7.34,15000,50497,161293,Mar-2018,Mortgage
7.96,16000,52076,68463,Mar-2018,Mortgage
5.31,15000,325450,793013,Feb-2018,Mortgage
6.72,6000,39567,549944,Jan-2018,Mortgage
6.08,15000,4394,39000,Feb-2018,Own
18.45,10000,39414,218586,Mar-2018,Mortgage
13.59,15000,53448,390982,Feb-2018,Mortgage
10.42,20000,137687,270246,Jan-2018,Mortgage
9.44,16000,124003,725177,Feb-2018,Mortgage
9.93,15000,57089,88941,Jan-2018,Mortgage
7.34,6300,26875,67611,Mar-2018,Rent
17.09,32000,28212,35700,Feb-2018,Mortgage
9.43,30000,83617,388814,Mar-2018,Mortgage
7.97,11000,41611,56435,Jan-2018,Rent
6.08,20000,100729,146628,Jan-2018,Mortgage
10.41,2500,674,2806,Mar-2018,Rent
17.09,18000,78586,239745,Mar-2018,Mortgage
10.42,3500,82105,395790,Feb-2018,Mortgage
10.9,15000,60206,291323,Mar-2018,Mortgage
7.34,38000,24456,246817,Mar-2018,Mortgage
9.93,31200,48122,1340300,Feb-2018,Mortgage
16.02,28000,8178,160084,Jan-2018,Mortgage
9.92,14000,98014,392426,Mar-2018,Mortgage
11.98,7200,16252,26064,Mar-2018,Mortgage
6.08,40000,119062,656659,Jan-2018,Mortgage
5.32,22000,50565,88672,Feb-2018,Rent
9.93,36000,45560,201874,Jan-2018,Mortgage
13.59,30000,117455,470550,Feb-2018,Mortgage
9.44,20000,59029,94213,Feb-2018,Rent
10.91,8000,25894,39441,Jan-2018,Rent
9.93,15850,43390,89352,Feb-2018,Own
21.85,16000,66106,97904,Mar-2018,Rent
21.85,13425,114636,709506,Mar-2018,Mortgage
10.91,14000,21657,41599,Feb-2018,Rent
13.59,32000,4748,23400,Jan-2018,Rent
12.61,20000,17378,39929,Mar-2018,Own
12.62,20000,219555,199430,Feb-2018,Mortgage
16.02,3000,113384,401681,Feb-2018,Own
10.42,5000,9942,36067,Jan-2018,Rent
20,4800,18893,59231,Jan-2018,Rent
13.58,7225,25076,39419,Mar-2018,Rent
12.61,15000,2280,30800,Mar-2018,Rent
6.08,10000,21134,48158,Jan-2018,Rent
13.58,2400,53744,444013,Mar-2018,Mortgage
7.96,8000,54689,104300,Mar-2018,Own
11.99,20000,28424,349480,Jan-2018,Mortgage
16.01,8000,31893,51319,Mar-2018,Rent
6.72,24000,88777,363751,Jan-2018,Mortgage
17.09,16000,30066,40000,Feb-2018,Rent
14.08,30000,899,18878,Feb-2018,Rent
7.34,20000,38319,145868,Mar-2018,Mortgage
7.97,4900,25392,53920,Jan-2018,Own
6.72,9000,35573,46590,Jan-2018,Rent
15.04,21000,33325,49113,Mar-2018,Rent
7.96,5625,10411,214100,Feb-2018,Own
6.08,10000,72103,108776,Jan-2018,Rent
6.08,5000,94472,317926,Jan-2018,Mortgage
18.45,22875,32640,104757,Mar-2018,Mortgage
7.97,20000,47359,76316,Feb-2018,Own
9.44,24000,21166,66125,Jan-2018,Rent
13.58,21125,155852,212129,Mar-2018,Rent
10.42,10000,67755,289409,Jan-2018,Mortgage
7.35,6000,20250,40534,Feb-2018,Rent
10.91,10000,25261,58274,Feb-2018,Mortgage
7.97,24000,63835,137665,Feb-2018,Own
10.41,25000,59551,127440,Mar-2018,Own
21.45,15000,52474,66524,Jan-2018,Rent
5.32,15000,22693,133044,Jan-2018,Rent
15.05,14000,73716,288299,Jan-2018,Mortgage
18.45,13200,39445,45600,Mar-2018,Rent
12.61,35000,34143,59000,Mar-2018,Rent
21.45,20000,64609,221066,Jan-2018,Mortgage
9.44,12000,27840,122312,Jan-2018,Own
6.07,18000,103535,423374,Mar-2018,Mortgage
16.02,11500,7489,141959,Feb-2018,Mortgage
7.34,6000,40635,91878,Mar-2018,Rent
7.96,28000,73186,383133,Mar-2018,Mortgage
13.58,21675,128569,425959,Mar-2018,Mortgage
9.93,5000,97394,139026,Feb-2018,Own
13.59,13000,1081,6900,Jan-2018,Rent
10.41,8800,62011,84714,Mar-2018,Rent
10.41,10000,59518,358735,Feb-2018,Mortgage
21.85,30000,30538,65267,Feb-2018,Rent
9.93,24000,43231,409810,Jan-2018,Mortgage
11.98,7200,28035,32500,Mar-2018,Rent
9.44,6000,35537,40067,Jan-2018,Rent
6.08,2000,7489,41499,Jan-2018,Rent
7.35,20000,28093,274099,Feb-2018,Own
17.09,2000,42178,75633,Jan-2018,Mortgage
19.03,6000,7458,19624,Feb-2018,Rent
15.05,10000,33267,56855,Feb-2018,Rent
10.42,4000,13695,68750,Jan-2018,Rent
7.96,6000,13823,69100,Mar-2018,Rent
15.05,30000,27044,47551,Jan-2018,Mortgage
7.97,40000,38820,787370,Jan-2018,Mortgage
13.58,9000,37127,77200,Mar-2018,Own
9.43,9000,14896,36100,Feb-2018,Rent
19.03,4200,43194,134941,Feb-2018,Rent
9.44,7000,24611,41708,Feb-2018,Own
11.99,6000,47632,56274,Feb-2018,Rent
10.41,6700,12667,46300,Mar-2018,Mortgage
9.92,1000,10408,17421,Mar-2018,Rent
7.97,15000,20370,32211,Jan-2018,Rent
9.43,18000,59213,101800,Feb-2018,Own
6.72,4000,7104,34830,Jan-2018,Rent
15.04,10000,6341,11800,Mar-2018,Rent
9.44,12000,26609,299261,Feb-2018,Mortgage
10.91,16800,54601,292049,Feb-2018,Mortgage
16.01,15000,21327,50300,Feb-2018,Rent
10.41,23525,83643,304869,Mar-2018,Mortgage
16.01,30025,62390,110282,Mar-2018,Rent
16.02,29175,149208,842294,Jan-2018,Mortgage
14.08,4725,60160,318851,Feb-2018,Mortgage
20,10000,24117,34111,Mar-2018,Rent
7.34,7200,40569,125390,Feb-2018,Rent
7.97,5000,37194,68345,Jan-2018,Mortgage
6.08,40000,48877,188700,Feb-2018,Mortgage
9.43,24000,62401,494031,Mar-2018,Own
11.99,20000,148500,177064,Feb-2018,Rent
15.05,25000,28628,181827,Feb-2018,Mortgage
11.99,25000,43329,229160,Feb-2018,Rent
20,15000,27441,46497,Mar-2018,Mortgage
7.35,16000,67693,352219,Jan-2018,Own
9.43,20000,17862,36500,Mar-2018,Mortgage
11.99,15000,123342,237498,Feb-2018,Mortgage
18.45,7500,39884,58832,Mar-2018,Mortgage
15.05,3000,36705,125422,Feb-2018,Own
9.43,2500,18696,232676,Mar-2018,Mortgage
9.93,10000,52929,78058,Mar-2018,Rent
13.59,15600,45961,68077,Feb-2018,Rent
5.32,8000,16492,341682,Feb-2018,Mortgage
16.02,10000,19768,32569,Jan-2018,Rent
10.41,8000,52550,68025,Mar-2018,Rent
10.42,10000,4397,15300,Feb-2018,Rent
12.62,24000,330087,363425,Mar-2018,Mortgage
7.35,10800,33892,60917,Feb-2018,Own
9.93,18000,82893,264702,Jan-2018,Mortgage
11.99,14400,45870,198390,Feb-2018,Mortgage
13.58,16800,97762,376749,Mar-2018,Mortgage
5.31,10000,17735,165873,Mar-2018,Mortgage
11.99,12000,25121,52670,Feb-2018,Rent
25.82,6000,11244,21200,Jan-2018,Rent
11.98,16000,62621,79185,Mar-2018,Rent
5.31,15000,43666,383810,Mar-2018,Mortgage
15.05,16000,28051,53700,Feb-2018,Rent
10.42,28000,95002,632324,Jan-2018,Mortgage
9.92,30000,60574,284707,Mar-2018,Mortgage
10.42,40000,63746,125910,Jan-2018,Rent
12.62,15000,49296,62077,Jan-2018,Rent
6.71,25000,41131,228883,Mar-2018,Own
10.91,7200,47923,250595,Feb-2018,Mortgage
11.99,16800,104331,109049,Jan-2018,Rent
19.03,8000,41716,149822,Feb-2018,Mortgage
13.59,8000,49850,86772,Jan-2018,Rent
6.71,2000,20439,235837,Mar-2018,Mortgage
16.01,6025,48823,41294,Mar-2018,Rent
15.05,10000,12328,376700,Feb-2018,Mortgage
23.88,30000,65999,82000,Jan-2018,Rent
12.61,10000,36147,390737,Mar-2018,Mortgage
22.9,2400,8460,10000,Mar-2018,Rent
12.62,32000,24468,53089,Jan-2018,Rent
18.45,16000,24843,36847,Mar-2018,Rent
12.62,40000,122818,203326,Jan-2018,Mortgage
11.99,1500,26769,143629,Feb-2018,Mortgage
18.06,1000,47140,285270,Feb-2018,Mortgage
6.72,26000,34004,308207,Jan-2018,Mortgage
17.47,15000,10781,17140,Mar-2018,Rent
6.08,10000,18198,146635,Jan-2018,Mortgage
16.02,23200,4350,27500,Jan-2018,Rent
6.07,38225,43152,495703,Mar-2018,Mortgage
10.42,7500,63267,60378,Feb-2018,Rent
20,35000,80863,105140,Jan-2018,Rent
5.32,11200,246400,709073,Jan-2018,Mortgage
20,12000,41497,50992,Jan-2018,Rent
9.93,13000,46166,261240,Jan-2018,Mortgage
21.45,5000,20908,43461,Feb-2018,Rent
11.99,33875,52058,155619,Mar-2018,Own
14.07,10000,18815,196135,Feb-2018,Mortgage
12.61,4000,3598,4800,Mar-2018,Rent
10.9,7000,48991,382173,Mar-2018,Mortgage
10.91,40000,53624,84008,Jan-2018,Mortgage
11.98,15800,46892,617138,Mar-2018,Mortgage
20,30000,198508,515651,Feb-2018,Mortgage
21.45,18000,20308,66939,Feb-2018,Mortgage
5.31,6000,3242,110050,Mar-2018,Mortgage
20,8000,362,123090,Jan-2018,Mortgage
9.43,12000,71817,267210,Mar-2018,Mortgage
14.08,15000,20518,33347,Feb-2018,Rent
5.31,3000,18509,225129,Mar-2018,Own
11.99,7400,35107,62249,Jan-2018,Rent
9.92,12000,51820,85584,Mar-2018,Mortgage
7.96,25000,48896,174860,Feb-2018,Mortgage
6.72,32000,12708,552650,Jan-2018,Mortgage
14.07,6300,71547,147779,Mar-2018,Rent
20.39,25000,39749,46622,Feb-2018,Rent
5.31,3000,25858,176890,Mar-2018,Rent
6.08,10000,8132,180085,Jan-2018,Mortgage
12.61,6000,69454,308244,Feb-2018,Mortgage
9.93,11000,45169,62827,Feb-2018,Rent
6.08,18500,30129,99557,Feb-2018,Mortgage
9.44,30000,38136,566589,Jan-2018,Mortgage
7.97,24000,33232,167351,Jan-2018,Mortgage
10.91,5000,28096,68630,Jan-2018,Own
13.58,15000,141282,150974,Mar-2018,Mortgage
20,16800,67355,260060,Feb-2018,Mortgage
7.97,18000,93889,94056,Jan-2018,Mortgage
9.44,5000,69274,91511,Feb-2018,Rent
6.72,12500,20962,55451,Jan-2018,Rent
7.35,3300,16638,34479,Jan-2018,Own
6.08,8000,19223,135888,Jan-2018,Own
21.45,7000,59971,107767,Feb-2018,Mortgage
13.59,16000,16231,30500,Jan-2018,Rent
9.92,18000,19538,533376,Mar-2018,Mortgage
9.93,28550,56559,112527,Jan-2018,Mortgage
16.02,10000,37610,52476,Jan-2018,Own
14.07,4000,48908,64713,Mar-2018,Rent
16.01,17000,69985,118432,Feb-2018,Rent
10.91,18000,36835,188013,Jan-2018,Mortgage
5.32,37000,35798,65900,Feb-2018,Rent
6.72,6400,16298,446000,Feb-2018,Mortgage
21.45,12000,48242,49577,Feb-2018,Rent
7.96,15000,10163,36900,Mar-2018,Rent
10.42,30000,21776,58500,Jan-2018,Rent
19.03,7000,29585,40620,Jan-2018,Rent
17.09,40000,44761,63008,Feb-2018,Own
18.06,32000,25734,36843,Jan-2018,Rent
10.9,10000,9133,187050,Feb-2018,Mortgage
16.02,13600,65125,97844,Jan-2018,Mortgage
7.35,8000,52365,272001,Jan-2018,Mortgage
7.35,40000,111106,488204,Jan-2018,Mortgage
19.03,12000,21694,36800,Feb-2018,Mortgage
14.08,20000,68057,91027,Jan-2018,Own
15.04,28000,84217,332185,Mar-2018,Mortgage
14.08,12000,44076,81034,Jan-2018,Mortgage
14.08,13150,13012,29008,Jan-2018,Rent
12.61,5000,7667,23600,Mar-2018,Own
15.04,5000,61977,120291,Mar-2018,Own
7.35,18000,18056,190511,Jan-2018,Mortgage
12.61,12000,32907,186394,Mar-2018,Mortgage
7.96,14000,14667,260851,Mar-2018,Mortgage
12.61,35000,54302,268626,Mar-2018,Mortgage
13.59,10000,45899,70885,Jan-2018,Own
14.08,34800,55847,87022,Jan-2018,Mortgage
9.44,15350,116442,201547,Feb-2018,Own
13.58,10000,36999,127776,Mar-2018,Mortgage
12.61,25000,30289,178100,Mar-2018,Mortgage
5.32,16800,14311,49500,Jan-2018,Rent
16.02,16000,133542,180691,Jan-2018,Mortgage
17.09,30000,47887,71434,Jan-2018,Rent
7.35,24000,18815,268006,Feb-2018,Mortgage
9.92,21000,42703,293450,Mar-2018,Mortgage
9.93,18000,64218,335039,Jan-2018,Mortgage
9.92,26400,41766,48581,Mar-2018,Rent
9.44,5000,1162,99250,Feb-2018,Own
9.44,12000,11499,403000,Jan-2018,Mortgage
20,35000,36830,69100,Jan-2018,Rent
17.09,30000,35067,137552,Jan-2018,Own
12.61,28000,14378,326700,Mar-2018,Own
20,15000,12778,545100,Jan-2018,Mortgage
16.02,14400,41810,155809,Jan-2018,Mortgage
10.9,28675,98738,605100,Mar-2018,Own
15.04,5000,13197,22364,Mar-2018,Own
10.42,10000,358318,647072,Jan-2018,Mortgage
6.08,15000,16799,196574,Feb-2018,Mortgage
12.62,10000,25960,66561,Feb-2018,Own
10.9,25000,13026,29300,Mar-2018,Own
13.59,18000,24325,35994,Feb-2018,Rent
11.99,15000,69319,134800,Jan-2018,Mortgage
19.42,29825,78321,392415,Mar-2018,Mortgage
16.01,12000,20173,27809,Mar-2018,Rent
10.41,6000,28207,71630,Mar-2018,Rent
7.97,6800,11872,43725,Mar-2018,Rent
10.42,6000,110223,350891,Jan-2018,Mortgage
11.98,6000,48633,77774,Mar-2018,Own
10.42,10000,28384,49114,Feb-2018,Rent
12.61,18000,42159,125346,Mar-2018,Rent
26.3,25000,102353,91755,Jan-2018,Rent
7.97,13000,45550,118155,Jan-2018,Rent
7.97,20000,121571,725345,Feb-2018,Own
9.93,15000,48833,71272,Feb-2018,Own
10.9,10000,16627,44721,Feb-2018,Mortgage
9.93,2000,80043,265748,Feb-2018,Mortgage
11.98,5000,19148,83300,Mar-2018,Own
18.45,24000,5683,8000,Mar-2018,Mortgage
9.93,25000,49172,310555,Jan-2018,Mortgage
5.32,7500,50974,115315,Feb-2018,Rent
6.08,35000,36981,47700,Jan-2018,Mortgage
9.93,40000,175192,568597,Jan-2018,Mortgage
28.72,35000,101942,232773,Jan-2018,Rent
9.43,19200,90312,637272,Mar-2018,Mortgage
14.08,30000,62054,108200,Feb-2018,Rent
13.59,35000,9695,56150,Jan-2018,Rent
13.59,32000,92912,132171,Jan-2018,Rent
11.99,8000,29845,38100,Feb-2018,Rent
7.35,4000,7172,187300,Jan-2018,Rent
6.72,16000,58199,293789,Jan-2018,Mortgage
9.44,10000,7865,11200,Feb-2018,Own
10.42,4000,54395,58900,Jan-2018,Rent
11.99,32500,70733,364678,Jan-2018,Own
10.42,21000,68418,89364,Jan-2018,Mortgage
10.91,16000,71725,82848,Feb-2018,Mortgage
9.43,10400,11937,59300,Mar-2018,Rent
7.96,28000,184435,488273,Mar-2018,Mortgage
20.39,10800,32891,44410,Mar-2018,Rent
6.72,7200,34228,72931,Jan-2018,Mortgage
17.47,10000,190,1600,Mar-2018,Own
7.97,12000,125273,416688,Jan-2018,Mortgage
6.71,31675,57226,430500,Mar-2018,Rent
9.93,20000,39371,101300,Jan-2018,Own
12.61,12000,23483,53150,Mar-2018,Own
12.61,10000,6110,10400,Mar-2018,Rent
11.99,15000,51124,251543,Jan-2018,Mortgage
10.41,10000,19366,66370,Mar-2018,Rent
7.97,8000,18656,40513,Feb-2018,Mortgage
10.42,27650,85359,379365,Jan-2018,Mortgage
14.08,35000,23478,56665,Feb-2018,Mortgage
13.59,4500,21088,30832,Jan-2018,Rent
22.91,8000,38020,95692,Jan-2018,Mortgage
6.72,8000,4873,145470,Jan-2018,Mortgage
18.06,5000,7921,60500,Mar-2018,Mortgage
12.61,40000,54377,74080,Mar-2018,Rent
22.9,10000,21103,26929,Mar-2018,Rent
14.08,8000,174789,335570,Jan-2018,Rent
20,21000,9192,13300,Jan-2018,Rent
18.06,30000,54311,393347,Feb-2018,Mortgage
16.01,4800,228123,588902,Mar-2018,Mortgage
25.82,12000,8816,14700,Feb-2018,Rent
12.62,19225,40795,247320,Feb-2018,Mortgage
15.05,16000,26817,92946,Jan-2018,Mortgage
19.42,10000,67933,220455,Mar-2018,Mortgage
18.06,5125,79513,133459,Jan-2018,Rent
17.09,35000,40676,246704,Jan-2018,Own
6.72,5000,158006,248805,Jan-2018,Mortgage
15.04,16500,43672,57663,Mar-2018,Own
6.71,40000,101479,590926,Mar-2018,Mortgage
10.9,36975,40967,79830,Mar-2018,Rent
19.03,1450,11361,11574,Feb-2018,Rent
11.98,5500,51775,78378,Feb-2018,Own
11.99,17300,109488,211450,Jan-2018,Mortgage
12.61,6025,2704,141500,Feb-2018,Rent
7.35,40000,27081,521259,Jan-2018,Mortgage
7.96,4000,118696,347656,Mar-2018,Mortgage
9.92,21000,33453,78903,Mar-2018,Rent
12.61,23000,193029,381427,Mar-2018,Mortgage
12.61,18000,83270,244298,Mar-2018,Mortgage
18.06,30000,169017,405935,Jan-2018,Mortgage
9.92,6000,78341,51929,Feb-2018,Rent
10.41,25000,24914,233748,Mar-2018,Mortgage
6.08,15000,113453,577725,Feb-2018,Mortgage
13.58,10000,21322,38718,Mar-2018,Rent
10.42,7000,67111,75693,Jan-2018,Rent
10.9,10000,34100,59192,Mar-2018,Rent
6.07,2000,27217,65164,Mar-2018,Rent
10.41,15000,77601,986396,Mar-2018,Mortgage
20,30000,30726,302174,Jan-2018,Own
6.08,20800,118698,468075,Feb-2018,Mortgage
10.42,40000,157218,672257,Mar-2018,Mortgage
7.96,7000,10666,17161,Mar-2018,Rent
20.39,5750,0,5500,Mar-2018,Own
16.02,20000,60302,167771,Feb-2018,Mortgage
10.42,10000,18315,28571,Jan-2018,Mortgage
15.04,30000,44180,373100,Mar-2018,Mortgage
19.42,30000,17138,341714,Mar-2018,Mortgage
7.96,18000,76821,294177,Mar-2018,Mortgage
13.58,40000,4059,52000,Mar-2018,Rent
9.43,30000,9088,186500,Mar-2018,Own
16.01,25600,43688,81190,Mar-2018,Rent
9.92,32000,49442,342194,Mar-2018,Rent
11.98,10000,43054,255377,Mar-2018,Mortgage
9.43,40000,96115,256654,Mar-2018,Mortgage
12.62,10000,19835,49810,Jan-2018,Mortgage
11.99,29150,73849,265405,Jan-2018,Mortgage
6.07,10000,60329,284841,Mar-2018,Mortgage
16.02,30000,162117,612784,Feb-2018,Mortgage
12.62,15000,51480,252595,Feb-2018,Mortgage
9.92,16000,76088,236327,Mar-2018,Mortgage
18.45,4400,277081,236668,Mar-2018,Rent
20.39,35000,45040,530218,Mar-2018,Mortgage
21.45,4900,32879,62837,Jan-2018,Rent
6.72,10000,30877,226809,Jan-2018,Mortgage
9.92,10000,1600,16200,Mar-2018,Rent
5.32,30000,48364,846300,Jan-2018,Mortgage
11.99,20000,3950,9100,Feb-2018,Rent
12.61,28000,150621,283173,Mar-2018,Mortgage
14.07,19200,65535,226057,Mar-2018,Own
5.32,10000,7705,59200,Jan-2018,Own
6.08,35000,46872,415603,Jan-2018,Mortgage
7.97,4200,14336,35920,Feb-2018,Rent
18.45,1000,16449,45979,Mar-2018,Rent
6.08,14500,28073,258439,Feb-2018,Mortgage
14.08,40000,37128,142531,Jan-2018,Own
10.91,4000,13660,27270,Feb-2018,Own
10.9,12800,49116,526886,Mar-2018,Own
9.93,40000,85554,270983,Jan-2018,Mortgage
5.31,10000,33296,63092,Mar-2018,Mortgage
10.9,35000,117705,485312,Mar-2018,Mortgage
9.93,10500,71364,336030,Jan-2018,Mortgage
21.85,8400,20253,26800,Mar-2018,Rent
10.91,6000,37862,344270,Jan-2018,Mortgage
11.98,20000,34174,54295,Feb-2018,Rent
12.62,15000,33418,45149,Feb-2018,Own
10.42,10000,19438,40962,Feb-2018,Rent
20.39,7000,42293,37700,Mar-2018,Mortgage
13.58,17650,63218,525211,Feb-2018,Mortgage
13.59,20000,13575,37799,Feb-2018,Rent
19.03,15050,37882,317525,Feb-2018,Mortgage
10.91,26000,16459,371000,Feb-2018,Own
7.96,5000,15264,44840,Mar-2018,Rent
10.41,25000,27149,38000,Mar-2018,Rent
14.08,27000,54015,484307,Jan-2018,Mortgage
9.93,40000,68631,112121,Feb-2018,Mortgage
21.45,30000,70749,112080,Jan-2018,Own
14.08,20000,151149,94526,Feb-2018,Mortgage
13.59,40000,39679,81025,Feb-2018,Own
16.01,4800,16123,30500,Mar-2018,Rent
15.05,40000,70604,356561,Mar-2018,Mortgage
11.98,40000,75603,112978,Mar-2018,Rent
13.59,20000,26174,46163,Feb-2018,Own
12.62,5600,50187,57612,Jan-2018,Mortgage
7.97,10000,30355,68563,Jan-2018,Own
18.45,26000,41627,363403,Mar-2018,Mortgage
13.58,14000,42251,56575,Mar-2018,Rent
14.08,20000,103958,532567,Jan-2018,Mortgage
10.41,35000,56636,78486,Feb-2018,Mortgage
14.08,25000,134685,727959,Mar-2018,Own
15.04,6000,6368,7800,Mar-2018,Rent
18.06,16000,41026,118692,Feb-2018,Mortgage
24.84,25000,1498,19700,Mar-2018,Rent
16.02,8700,65344,309907,Jan-2018,Mortgage
12.61,19200,17074,26966,Feb-2018,Rent
5.32,30000,56227,569765,Jan-2018,Mortgage
13.59,16000,23257,44638,Mar-2018,Rent
9.44,13500,27300,82380,Jan-2018,Own
7.34,30000,80617,484350,Mar-2018,Mortgage
6.08,7000,28491,59888,Feb-2018,Rent
14.07,10000,7327,13180,Mar-2018,Rent
15.05,4200,48872,62649,Jan-2018,Rent
19.42,18000,39570,249635,Mar-2018,Mortgage
6.72,16000,56201,616350,Jan-2018,Mortgage
15.05,10000,35490,49268,Jan-2018,Rent
24.85,20000,97367,103981,Feb-2018,Mortgage
5.32,25000,61494,112112,Jan-2018,Mortgage
21.45,7000,53167,271928,Jan-2018,Mortgage
16.02,16000,98793,334254,Feb-2018,Mortgage
21.45,20000,29652,52539,Feb-2018,Rent
18.06,15000,35107,43648,Feb-2018,Rent
6.07,4200,22456,129251,Mar-2018,Own
5.32,9600,2139,67500,Feb-2018,Rent
12.62,6300,23807,43989,Feb-2018,Rent
10.42,40000,43882,675500,Jan-2018,Mortgage
13.58,19000,52182,85060,Mar-2018,Rent
10.9,20000,26967,104575,Mar-2018,Mortgage
14.08,11000,34769,364321,Feb-2018,Mortgage
20,24000,70424,327113,Jan-2018,Mortgage
9.92,35000,50652,139807,Mar-2018,Rent
10.91,8000,151582,169230,Jan-2018,Rent
10.9,3500,9289,28431,Mar-2018,Rent
17.09,12800,30118,55596,Feb-2018,Rent
12.62,25500,38096,291643,Jan-2018,Mortgage
10.41,8000,28684,38969,Feb-2018,Own
13.58,8000,6880,10400,Mar-2018,Rent
12.61,2000,1495,2200,Mar-2018,Rent
10.41,6700,209789,189764,Mar-2018,Mortgage
6.72,10000,68568,159187,Jan-2018,Rent
14.08,20000,33957,45552,Feb-2018,Rent
14.08,10000,11645,17188,Feb-2018,Mortgage
13.58,20000,5034,200100,Mar-2018,Mortgage
9.44,15000,24055,115644,Jan-2018,Own
6.08,33725,17156,33080,Jan-2018,Own
12.62,8000,35904,43889,Jan-2018,Rent
17.47,6000,22145,41966,Mar-2018,Mortgage
9.44,6300,4821,19200,Feb-2018,Rent
11.98,20000,52433,81873,Mar-2018,Rent
9.92,16000,39041,355490,Mar-2018,Mortgage
7.96,35400,92829,408875,Mar-2018,Mortgage
7.35,40000,88016,424159,Feb-2018,Mortgage
5.32,40000,90548,405523,Jan-2018,Mortgage
17.09,27575,108002,309897,Jan-2018,Mortgage
14.08,35000,81519,555090,Jan-2018,Mortgage
6.08,15000,22695,80039,Feb-2018,Rent
6.07,15500,55132,307838,Mar-2018,Mortgage
9.92,40000,32715,250279,Mar-2018,Mortgage
6.07,26575,79923,136299,Mar-2018,Mortgage
17.09,12000,26769,38643,Jan-2018,Rent
26.3,28000,73512,290108,Feb-2018,Mortgage
5.32,30000,67686,216438,Feb-2018,Rent
17.47,3000,22079,27389,Mar-2018,Rent
16.02,25000,96186,470720,Feb-2018,Mortgage
11.98,34000,59952,236061,Feb-2018,Mortgage
5.31,40000,21846,306284,Mar-2018,Mortgage
10.41,11000,8968,43294,Mar-2018,Rent
10.9,5500,72518,246682,Mar-2018,Mortgage
6.71,7000,8666,23025,Mar-2018,Rent
6.71,9000,12042,103100,Feb-2018,Own
17.09,4000,10289,26300,Feb-2018,Own
14.08,27000,115726,302478,Jan-2018,Rent
5.32,7000,11723,59800,Jan-2018,Rent
9.44,25000,78258,678546,Mar-2018,Mortgage
15.05,25000,15180,17800,Feb-2018,Own
7.97,10000,54159,182400,Jan-2018,Own
17.47,12000,39106,54623,Mar-2018,Rent
9.93,40000,68024,924659,Feb-2018,Mortgage
6,24000,123020,344646,Jan-2018,Mortgage
6.08,2400,14423,123198,Jan-2018,Rent
18.06,28000,99784,164714,Mar-2018,Rent
5.31,10000,42717,250688,Mar-2018,Mortgage
14.08,32000,36366,431294,Jan-2018,Mortgage
9.43,8300,15386,26200,Mar-2018,Rent
10.91,28000,102320,277087,Feb-2018,Mortgage
11.98,28000,177480,247546,Mar-2018,Own
5.32,36000,330655,814030,Jan-2018,Mortgage
14.07,22500,24466,318469,Mar-2018,Mortgage
16.02,7200,1416,18140,Jan-2018,Rent
14.08,12800,39268,47831,Jan-2018,Own
9.44,8000,32849,106664,Feb-2018,Mortgage
13.58,30000,40999,106651,Mar-2018,Mortgage
7.34,7200,36099,643852,Mar-2018,Own
10.42,40000,55888,248184,Feb-2018,Mortgage
9.93,5700,12534,27400,Feb-2018,Rent
5.32,5000,31015,73635,Jan-2018,Rent
16.01,16050,171370,267803,Mar-2018,Mortgage
7.96,3500,826,241200,Mar-2018,Mortgage
9.43,1200,2538,4600,Mar-2018,Rent
5.31,27000,55976,441973,Mar-2018,Own
12.62,12000,23462,175000,Feb-2018,Mortgage
7.34,12500,1469,203255,Feb-2018,Own
18.06,30000,25299,33920,Feb-2018,Own
21.45,20000,92186,111364,Jan-2018,Mortgage
14.08,16000,45116,76263,Jan-2018,Own
16.02,2000,20983,70419,Jan-2018,Mortgage
20,25000,2508,218800,Jan-2018,Own
21.45,35000,69003,307454,Jan-2018,Mortgage
20,3025,14318,219259,Jan-2018,Mortgage
16.01,6000,5262,13200,Mar-2018,Rent
6.72,20000,47852,328781,Feb-2018,Mortgage
19.03,20000,33169,45533,Feb-2018,Rent
15.05,35000,151637,386256,Feb-2018,Mortgage
7.35,11000,96160,638045,Jan-2018,Mortgage
18.06,20975,41311,53144,Jan-2018,Rent
14.08,11775,4010,7000,Feb-2018,Rent
12.61,7500,27269,47331,Mar-2018,Mortgage
17.09,21000,52581,375269,Feb-2018,Mortgage
15.04,2500,63428,87570,Mar-2018,Rent
12.62,28000,41803,716404,Jan-2018,Mortgage
11.99,4000,30855,26500,Jan-2018,Rent
6.08,10000,5238,334500,Feb-2018,Own
29.69,16000,114857,101084,Jan-2018,Rent
7.34,4800,48084,106566,Mar-2018,Mortgage
9.93,18000,50228,74653,Jan-2018,Own
16.02,12000,2095,134000,Jan-2018,Mortgage
21.85,10000,6864,90327,Mar-2018,Mortgage
13.59,18000,22057,70704,Jan-2018,Rent
10.91,15000,58827,276320,Jan-2018,Mortgage
9.92,6000,43076,59890,Mar-2018,Rent
12.61,16000,48753,185398,Mar-2018,Mortgage
11.98,15000,16337,130596,Mar-2018,Mortgage
7.35,25000,33026,224410,Feb-2018,Own
6.71,22500,21495,252143,Mar-2018,Mortgage
10.91,15000,55427,85425,Jan-2018,Rent
10.9,1500,16526,30258,Mar-2018,Rent
9.92,33900,75282,375898,Mar-2018,Mortgage
26.3,10000,51095,60425,Feb-2018,Own
12.62,16000,51052,69240,Feb-2018,Rent
12.61,25000,78401,112116,Mar-2018,Rent
14.07,10000,3602,164550,Mar-2018,Mortgage
10.9,19000,21187,266887,Mar-2018,Mortgage
18.06,15000,101437,513762,Jan-2018,Mortgage
15.04,10400,41615,375114,Mar-2018,Mortgage
20,35000,254510,531007,Feb-2018,Mortgage
9.92,11000,15973,314147,Mar-2018,Mortgage
16.02,3025,2014,3000,Feb-2018,Own
10.42,40000,22799,277672,Jan-2018,Mortgage
10.9,40000,24606,34818,Mar-2018,Own
23.88,10000,23410,50515,Feb-2018,Mortgage
6.08,30000,44708,239800,Jan-2018,Mortgage
19.03,24000,39760,228000,Jan-2018,Own
7.34,40000,77981,382807,Mar-2018,Mortgage
11.99,10000,98891,106973,Jan-2018,Rent
16.02,35000,33271,54844,Jan-2018,Rent
5.31,10000,75260,465632,Mar-2018,Mortgage
21.85,30000,16661,27708,Feb-2018,Rent
7.35,18000,49268,168354,Feb-2018,Rent
11.98,20000,23794,361108,Mar-2018,Mortgage
10.91,5400,1917,15400,Jan-2018,Rent
9.44,8000,4801,8021,Mar-2018,Own
21.85,12000,28471,58488,Mar-2018,Rent
7.34,40000,41198,235175,Mar-2018,Own
11.99,9000,100097,93832,Feb-2018,Rent
11.99,40000,192569,828178,Mar-2018,Mortgage
5.32,40000,40943,500837,Feb-2018,Mortgage
6.07,15000,2300,46161,Mar-2018,Own
14.08,5000,124994,136046,Jan-2018,Mortgage
7.35,12000,65739,303400,Jan-2018,Own
12.62,14000,46364,205636,Feb-2018,Mortgage
18.06,10000,12810,32100,Feb-2018,Own
15.05,7500,16712,46750,Feb-2018,Rent
9.44,20000,40852,135557,Jan-2018,Mortgage
15.05,30000,2629,7500,Feb-2018,Rent
9.92,6000,8216,71200,Mar-2018,Rent
13.59,26000,83606,160612,Jan-2018,Rent
17.47,10800,104784,113207,Mar-2018,Rent
10.42,5000,6493,23600,Jan-2018,Rent
5.31,40000,41033,128952,Mar-2018,Rent
6.07,4000,27101,51968,Mar-2018,Rent
10.41,2750,2610,133800,Mar-2018,Mortgage
9.93,10000,32247,163019,Jan-2018,Mortgage
21.45,10000,19404,341138,Feb-2018,Mortgage
7.35,19000,113274,603684,Feb-2018,Mortgage
6.71,7000,36070,72605,Feb-2018,Rent
16.02,8000,3885,10400,Jan-2018,Rent
18.06,6025,887,145191,Jan-2018,Mortgage
11.99,8000,38836,175779,Feb-2018,Mortgage
11.99,10000,65443,118560,Jan-2018,Own
14.08,20000,26701,48500,Jan-2018,Rent
5.31,12000,14873,23982,Feb-2018,Rent
9.44,8000,58064,214501,Jan-2018,Mortgage
17.47,6000,50624,222668,Mar-2018,Mortgage
21.45,31650,27856,171265,Feb-2018,Mortgage
16.01,10800,123471,427355,Mar-2018,Mortgage
23.87,10000,84120,105922,Mar-2018,Rent
9.93,8500,7656,18588,Feb-2018,Rent
12.61,6100,12795,26700,Mar-2018,Rent
13.59,6000,82600,118742,Jan-2018,Own
14.08,20000,63426,200048,Jan-2018,Mortgage
10.42,8000,18996,279549,Feb-2018,Mortgage
11.98,26000,39569,156268,Mar-2018,Rent
12.61,10000,85159,86776,Mar-2018,Rent
16.02,15000,62872,90398,Feb-2018,Rent
9.92,25000,31357,72510,Mar-2018,Own
15.04,26000,74309,227613,Mar-2018,Mortgage
10.91,4300,35220,43247,Feb-2018,Rent
9.92,20000,53471,103943,Mar-2018,Rent
13.59,16000,12678,18163,Jan-2018,Rent
6.71,10800,48816,95730,Mar-2018,Rent
18.06,21000,81091,223823,Jan-2018,Mortgage
9.44,1600,10465,17200,Feb-2018,Rent
16.02,25200,38646,60495,Jan-2018,Rent
10.42,18625,73294,418826,Jan-2018,Mortgage
5.31,32000,82714,156639,Mar-2018,Own
7.34,10000,41797,63500,Mar-2018,Own
10.42,18000,43602,61067,Jan-2018,Rent
17.47,25000,27532,74750,Mar-2018,Mortgage
26.3,25000,79221,301373,Feb-2018,Mortgage
7.35,16000,36669,51567,Jan-2018,Rent
10.91,1700,25352,54900,Jan-2018,Rent
9.43,15000,55872,447212,Mar-2018,Mortgage
9.93,24000,76603,536028,Jan-2018,Mortgage
7.35,14000,28980,53563,Jan-2018,Rent
10.9,35050,85553,149043,Mar-2018,Own
7.96,30000,39296,128350,Feb-2018,Rent
13.58,10000,33243,64576,Mar-2018,Rent
6.07,16000,95128,337115,Mar-2018,Mortgage
6.07,13500,121695,361779,Mar-2018,Mortgage
16.01,10000,21162,25167,Mar-2018,Own
10.42,31750,119533,490664,Jan-2018,Mortgage
12.62,5000,43698,56198,Jan-2018,Rent
6.08,8000,18977,32765,Jan-2018,Rent
10.9,32000,42274,69982,Mar-2018,Mortgage
10.91,21000,152911,764927,Jan-2018,Own
18.06,11500,7256,175235,Jan-2018,Mortgage
19.03,14000,21961,39809,Feb-2018,Rent
5.32,5000,29264,71050,Feb-2018,Rent
14.07,24000,52295,391132,Mar-2018,Mortgage
15.04,35000,88612,112246,Mar-2018,Mortgage
13.58,20000,91358,321870,Mar-2018,Mortgage
15.05,6500,31301,39214,Feb-2018,Rent
9.43,15000,8453,38926,Mar-2018,Rent
10.91,8000,15637,35000,Jan-2018,Rent
10.42,25500,42136,208138,Jan-2018,Own
9.93,11000,57594,307982,Jan-2018,Mortgage
7.96,12000,28656,332300,Mar-2018,Mortgage
12.62,25000,9702,72548,Feb-2018,Mortgage
15.05,35000,164523,233195,Jan-2018,Rent
7.96,6500,11013,211905,Mar-2018,Mortgage
9.43,10400,59868,305308,Mar-2018,Mortgage
11.99,38400,482,25200,Feb-2018,Rent
6.71,16000,10391,75300,Mar-2018,Own
7.34,35000,77873,119561,Mar-2018,Rent
6.07,6000,31258,64922,Feb-2018,Rent
7.35,7000,14134,95407,Mar-2018,Mortgage
15.05,20000,43563,104652,Jan-2018,Rent
15.04,40000,87734,118773,Feb-2018,Rent
10.42,30000,53521,365818,Jan-2018,Mortgage
14.08,30000,32807,259695,Jan-2018,Mortgage
5.31,20000,144136,1453811,Mar-2018,Rent
6.08,34000,122207,282149,Feb-2018,Mortgage
13.58,40000,37269,52004,Mar-2018,Mortgage
7.97,7000,37990,172268,Jan-2018,Mortgage
9.43,10000,7763,17740,Mar-2018,Rent
6.07,10000,41326,64200,Mar-2018,Mortgage
6.72,16200,37053,163100,Jan-2018,Mortgage
20.39,13200,101386,216969,Mar-2018,Mortgage
5.31,20000,110479,312303,Mar-2018,Mortgage
11.99,12000,4145,277650,Jan-2018,Mortgage
14.07,3800,58311,108602,Feb-2018,Rent
21.45,11000,77542,181607,Jan-2018,Mortgage
10.42,30000,49906,352461,Jan-2018,Mortgage
11.98,28000,45152,496053,Mar-2018,Mortgage
12.61,16000,91480,410014,Mar-2018,Mortgage
7.97,6000,6102,8400,Jan-2018,Rent
15.05,25000,79840,252863,Feb-2018,Own
30.75,32000,44564,152185,Feb-2018,Mortgage
9.44,13000,44909,229069,Feb-2018,Mortgage
24.84,20000,14951,18905,Mar-2018,Rent
10.41,19000,22373,28700,Feb-2018,Rent
14.08,10000,57062,67330,Jan-2018,Mortgage
10.91,12000,16700,110339,Jan-2018,Own
11.98,6500,8446,14078,Mar-2018,Own
10.9,10000,27380,609250,Mar-2018,Mortgage
19.42,38000,90756,311400,Mar-2018,Mortgage
7.35,6025,6171,21200,Feb-2018,Rent
10.91,32000,29186,51000,Mar-2018,Own
9.92,25000,55635,360980,Mar-2018,Mortgage
18.45,8000,20638,37300,Mar-2018,Rent
15.04,3000,19407,38314,Mar-2018,Rent
13.58,40000,12873,60800,Mar-2018,Mortgage
24.84,4000,28376,42633,Mar-2018,Rent
11.99,30000,99071,296420,Mar-2018,Mortgage
7.97,15000,39275,89584,Feb-2018,Rent
5.31,6300,50876,433937,Mar-2018,Mortgage
9.93,28000,53651,421040,Jan-2018,Mortgage
13.59,35000,122585,352008,Jan-2018,Mortgage
9.92,16000,71997,231666,Mar-2018,Own
17.47,24000,44538,83393,Feb-2018,Mortgage
7.34,40000,93823,466926,Mar-2018,Mortgage
13.59,23500,20671,45281,Jan-2018,Rent
6.71,5000,7029,73770,Feb-2018,Own
10.41,36000,13572,26000,Mar-2018,Own
10.9,10000,26306,94367,Mar-2018,Own
9.43,5000,58238,98671,Mar-2018,Rent
6.71,4000,6103,36351,Mar-2018,Own
5.32,15000,66040,309193,Jan-2018,Mortgage
5.31,13000,31876,245166,Mar-2018,Own
26.3,19375,97939,429810,Jan-2018,Mortgage
9.43,8000,32235,42867,Mar-2018,Rent
6.72,12600,36263,563746,Feb-2018,Mortgage
14.07,25000,33133,94120,Feb-2018,Rent
18.45,21250,53323,252595,Mar-2018,Mortgage
7.35,13200,19809,32300,Jan-2018,Rent
9.43,28000,2923,13200,Feb-2018,Mortgage
19.03,10000,56517,80612,Feb-2018,Own
9.44,25000,69542,189965,Jan-2018,Mortgage
21.45,8000,25816,50810,Mar-2018,Mortgage
10.9,20000,8165,25200,Mar-2018,Rent
7.35,5000,8722,40811,Jan-2018,Rent
10.9,12000,43808,74174,Mar-2018,Rent
18.45,10000,26294,302653,Mar-2018,Mortgage
24.84,15000,68040,523350,Mar-2018,Mortgage
9.43,20000,22860,23000,Mar-2018,Rent
10.9,10000,34937,241431,Mar-2018,Mortgage
11.99,25000,218737,519625,Feb-2018,Mortgage
7.97,10000,16385,31036,Mar-2018,Own
13.59,9600,32168,225637,Feb-2018,Mortgage
10.42,20000,35466,290397,Jan-2018,Mortgage
6.07,2800,77237,281443,Mar-2018,Mortgage
15.04,17000,16541,36000,Mar-2018,Rent
19.03,30000,43560,70486,Jan-2018,Rent
9.93,3025,5803,129449,Feb-2018,Mortgage
9.93,20000,93695,467118,Jan-2018,Mortgage
10.9,20000,23119,49900,Mar-2018,Own
13.59,15000,49679,376000,Feb-2018,Mortgage
15.04,17000,37022,556342,Mar-2018,Mortgage
9.92,20000,79627,316617,Mar-2018,Mortgage
29.69,10000,11107,24600,Mar-2018,Rent
6.07,4000,23366,357429,Mar-2018,Mortgage
7.96,4300,16434,38576,Mar-2018,Rent
14.08,16125,14990,41819,Feb-2018,Rent
14.08,9600,26600,62264,Feb-2018,Own
10.91,9000,9515,17650,Feb-2018,Rent
5.32,3000,27079,318100,Jan-2018,Own
20,20000,36219,49097,Jan-2018,Rent
10.91,2400,67565,256541,Feb-2018,Mortgage
10.42,6800,20399,220481,Jan-2018,Mortgage
7.96,6000,15312,36406,Mar-2018,Rent
15.04,1600,1468,7300,Feb-2018,Own
10.42,30000,140640,228437,Jan-2018,Mortgage
14.07,14000,13751,132003,Mar-2018,Mortgage
20.39,6400,31477,47701,Mar-2018,Rent
6.08,4500,39549,77774,Jan-2018,Own
6.72,27100,38240,345900,Feb-2018,Rent
6.07,7500,19701,53076,Mar-2018,Rent
13.59,36000,43953,92143,Feb-2018,Mortgage
7.35,1975,47979,474575,Feb-2018,Mortgage
7.35,25000,42622,104387,Jan-2018,Rent
15.05,30500,71954,216244,Jan-2018,Mortgage
15.05,18325,74988,384886,Feb-2018,Mortgage
12.61,19000,194083,187421,Feb-2018,Rent
7.96,8000,4645,68700,Mar-2018,Rent
15.05,8975,19089,31201,Feb-2018,Rent
18.45,20000,158857,459193,Mar-2018,Rent
16.02,7000,39189,164686,Jan-2018,Mortgage
14.07,20000,36484,54188,Mar-2018,Mortgage
9.43,14000,71363,359324,Mar-2018,Mortgage
17.09,25000,98593,551253,Jan-2018,Mortgage
18.45,7000,51966,68084,Mar-2018,Rent
6.08,30000,36371,284156,Feb-2018,Mortgage
9.43,15000,20609,43846,Mar-2018,Rent
9.93,30000,150679,434447,Jan-2018,Mortgage
9.93,16000,81110,420116,Jan-2018,Mortgage
9.93,20000,200883,217845,Jan-2018,Mortgage
21.45,31200,47054,300238,Jan-2018,Mortgage
7.35,12500,63727,387902,Jan-2018,Mortgage
6.07,40000,33134,388580,Mar-2018,Mortgage
9.43,16000,57604,273702,Mar-2018,Mortgage
9.92,3200,99770,89497,Mar-2018,Rent
15.05,10000,56137,87123,Jan-2018,Rent
9.44,20000,3,25100,Feb-2018,Own
11.99,35000,53224,594937,Jan-2018,Mortgage
9.93,23000,29762,32000,Jan-2018,Rent
7.97,5000,19706,33238,Jan-2018,Mortgage
10.41,4800,46132,50932,Mar-2018,Rent
7.35,24000,77963,199195,Jan-2018,Rent
19.03,10000,101571,382061,Feb-2018,Mortgage
23.88,30000,95421,346402,Feb-2018,Mortgage
5.32,24000,27641,294475,Feb-2018,Mortgage
10.91,12800,53413,91887,Feb-2018,Rent
